TeamA_P1_Elo,TeamA_P1_Level,TeamA_P1_K/D,TeamA_P2_Elo,TeamA_P2_Level,TeamA_P2_K/D,TeamA_P3_Elo,TeamA_P3_Level,TeamA_P3_K/D,TeamA_P4_Elo,TeamA_P4_Level,TeamA_P4_K/D,TeamA_P5_Elo,TeamA_P5_Level,TeamA_P5_K/D,TeamA_P6_Elo,TeamA_P6_Level,TeamA_P6_K/D,TeamB_P1_Elo,TeamB_P1_Level,TeamB_P1_K/D,TeamB_P2_Elo,TeamB_P2_Level,TeamB_P2_K/D,TeamB_P3_Elo,TeamB_P3_Level,TeamB_P3_K/D,TeamB_P4_Elo,TeamB_P4_Level,TeamB_P4_K/D,TeamB_P5_Elo,TeamB_P5_Level,TeamB_P5_K/D,TeamB_P6_Elo,TeamB_P6_Level,TeamB_P6_K/D,FairnessScore
0.4938,0.99,0.22,0.4192,0.756,0.1509,0.4036,0.698,0.1109,0.401,0.752,0.0812, 0.3874,0.582,0.1563, 0.3792,0.094,0.287, 0.5074,0.516,0.4458,0.5028,0.628,0.3218,0.498,0.942,0.2042, 0.4264,0.742,0.1453,0.3952,0.71,0.1271,0.388,0.286,0.2633,0.2831,
0.519,0.124,0.5556,0.5088,0.728,0.3275,0.495,0.696,0.289,0.4526,0.942,0.1358, 0.4412,0.808,0.1913, 0.415,0.296,0.3255, 0.498,0.942,0.2042,0.4812,0.956,0.1934,0.4192,0.756,0.1509, 0.4036,0.698,0.1109,0.401,0.752,0.0812,0.3792,0.094,0.287,0.1801,
0.519,0.124,0.5556,0.5088,0.728,0.3275,0.498,0.942,0.2042,0.4776,0.36,0.4338, 0.4382,0.83,0.1787, 0.388,0.286,0.2633, 0.4568,0.524,0.3299,0.4526,0.942,0.1358,0.452,0.762,0.2385, 0.4144,0.82,0.0919,0.4036,0.698,0.1109,0.3792,0.094,0.287,0.1736,
0.428,0.628,0.204,0.4192,0.756,0.1509,0.415,0.506,0.2668,0.3952,0.71,0.1271, 0.3874,0.582,0.1563, 0.3792,0.094,0.287, 0.5088,0.728,0.3275,0.5028,0.628,0.3218,0.495,0.696,0.289, 0.4526,0.942,0.1358,0.4144,0.82,0.0919,0.401,0.752,0.0812,0.1107,
0.5342,0.912,0.3212,0.5028,0.628,0.3218,0.495,0.696,0.289,0.4192,0.756,0.1509, 0.3952,0.71,0.1271, 0.388,0.286,0.2633, 0.452,0.762,0.2385,0.428,0.628,0.204,0.4264,0.742,0.1453, 0.415,0.296,0.3255,0.4036,0.698,0.1109,0.3792,0.094,0.287,0.32,
0.4938,0.99,0.22,0.4568,0.524,0.3299,0.452,0.762,0.2385,0.4192,0.756,0.1509, 0.415,0.296,0.3255, 0.3874,0.582,0.1563, 0.5342,0.912,0.3212,0.5088,0.728,0.3275,0.498,0.942,0.2042, 0.4776,0.36,0.4338,0.4382,0.83,0.1787,0.438,0.62,0.2473,0.257,
0.442,0.842,0.1547,0.4382,0.83,0.1787,0.4144,0.82,0.0919,0.4036,0.698,0.1109, 0.3874,0.582,0.1563, 0.3792,0.094,0.287, 0.5088,0.728,0.3275,0.498,0.942,0.2042,0.4776,0.36,0.4338, 0.4412,0.808,0.1913,0.415,0.296,0.3255,0.3916,0.426,0.2104,0.134,
0.5342,0.912,0.3212,0.438,0.62,0.2473,0.428,0.628,0.204,0.415,0.506,0.2668, 0.3874,0.582,0.1563, 0.3792,0.094,0.287, 0.5088,0.728,0.3275,0.5074,0.516,0.4458,0.5028,0.628,0.3218, 0.495,0.696,0.289,0.4412,0.808,0.1913,0.4264,0.742,0.1453,0.1712,
0.498,0.942,0.2042,0.495,0.696,0.289,0.4584,0.668,0.2318,0.4526,0.942,0.1358, 0.442,0.842,0.1547, 0.415,0.506,0.2668, 0.452,0.762,0.2385,0.428,0.628,0.204,0.4192,0.756,0.1509, 0.4036,0.698,0.1109,0.3952,0.71,0.1271,0.388,0.286,0.2633,0.2539,
0.4526,0.942,0.1358,0.442,0.842,0.1547,0.4264,0.742,0.1453,0.4192,0.756,0.1509, 0.4144,0.82,0.0919, 0.3792,0.094,0.287, 0.519,0.124,0.5556,0.5088,0.728,0.3275,0.495,0.696,0.289, 0.4776,0.36,0.4338,0.428,0.628,0.204,0.4036,0.698,0.1109,0.1073,
0.5342,0.912,0.3212,0.5088,0.728,0.3275,0.5074,0.516,0.4458,0.4938,0.99,0.22, 0.4412,0.808,0.1913, 0.3952,0.71,0.1271, 0.5028,0.628,0.3218,0.495,0.696,0.289,0.4568,0.524,0.3299, 0.4382,0.83,0.1787,0.4192,0.756,0.1509,0.3792,0.094,0.287,0.3089,
0.5342,0.912,0.3212,0.5088,0.728,0.3275,0.5074,0.516,0.4458,0.4526,0.942,0.1358, 0.4192,0.756,0.1509, 0.4036,0.698,0.1109, 0.4776,0.36,0.4338,0.442,0.842,0.1547,0.4412,0.808,0.1913, 0.415,0.506,0.2668,0.4144,0.82,0.0919,0.3792,0.094,0.287,0.2564,
0.519,0.124,0.5556,0.5088,0.728,0.3275,0.498,0.942,0.2042,0.4812,0.956,0.1934, 0.4776,0.36,0.4338, 0.415,0.296,0.3255, 0.5028,0.628,0.3218,0.442,0.842,0.1547,0.4412,0.808,0.1913, 0.438,0.62,0.2473,0.3952,0.71,0.1271,0.3874,0.582,0.1563,0.1594,
0.495,0.696,0.289,0.4568,0.524,0.3299,0.4412,0.808,0.1913,0.4382,0.83,0.1787, 0.428,0.628,0.204, 0.388,0.286,0.2633, 0.519,0.124,0.5556,0.5088,0.728,0.3275,0.5028,0.628,0.3218, 0.498,0.942,0.2042,0.4776,0.36,0.4338,0.4192,0.756,0.1509,0.272,
0.4526,0.942,0.1358,0.4382,0.83,0.1787,0.4264,0.742,0.1453,0.4036,0.698,0.1109, 0.3952,0.71,0.1271, 0.388,0.286,0.2633, 0.498,0.942,0.2042,0.495,0.696,0.289,0.4776,0.36,0.4338, 0.4568,0.524,0.3299,0.428,0.628,0.204,0.415,0.296,0.3255,0.1938,
0.4568,0.524,0.3299,0.4526,0.942,0.1358,0.438,0.62,0.2473,0.415,0.296,0.3255, 0.3952,0.71,0.1271, 0.3792,0.094,0.287, 0.519,0.124,0.5556,0.4812,0.956,0.1934,0.4584,0.668,0.2318, 0.452,0.762,0.2385,0.4412,0.808,0.1913,0.4192,0.756,0.1509,0.324,
0.5342,0.912,0.3212,0.4584,0.668,0.2318,0.428,0.628,0.204,0.401,0.752,0.0812, 0.3952,0.71,0.1271, 0.3792,0.094,0.287, 0.5028,0.628,0.3218,0.498,0.942,0.2042,0.495,0.696,0.289, 0.4938,0.99,0.22,0.4192,0.756,0.1509,0.415,0.296,0.3255,0.3092,
0.519,0.124,0.5556,0.452,0.762,0.2385,0.428,0.628,0.204,0.415,0.506,0.2668, 0.3952,0.71,0.1271, 0.388,0.286,0.2633, 0.5342,0.912,0.3212,0.5074,0.516,0.4458,0.5028,0.628,0.3218, 0.4776,0.36,0.4338,0.442,0.842,0.1547,0.3916,0.426,0.2104,0.2587,
0.498,0.942,0.2042,0.4938,0.99,0.22,0.442,0.842,0.1547,0.4264,0.742,0.1453, 0.401,0.752,0.0812, 0.3792,0.094,0.287, 0.519,0.124,0.5556,0.495,0.696,0.289,0.4812,0.956,0.1934, 0.4568,0.524,0.3299,0.452,0.762,0.2385,0.4382,0.83,0.1787,0.2818,
0.519,0.124,0.5556,0.4812,0.956,0.1934,0.4776,0.36,0.4338,0.4568,0.524,0.3299, 0.4412,0.808,0.1913, 0.415,0.506,0.2668, 0.498,0.942,0.2042,0.4584,0.668,0.2318,0.4382,0.83,0.1787, 0.415,0.296,0.3255,0.4036,0.698,0.1109,0.3916,0.426,0.2104,0.3228,
0.5342,0.912,0.3212,0.5088,0.728,0.3275,0.4568,0.524,0.3299,0.4526,0.942,0.1358, 0.452,0.762,0.2385, 0.415,0.506,0.2668, 0.519,0.124,0.5556,0.4382,0.83,0.1787,0.438,0.62,0.2473, 0.3952,0.71,0.1271,0.3916,0.426,0.2104,0.3874,0.582,0.1563,0.1998,
0.519,0.124,0.5556,0.4526,0.942,0.1358,0.415,0.506,0.2668,0.4144,0.82,0.0919, 0.3916,0.426,0.2104, 0.3874,0.582,0.1563, 0.5342,0.912,0.3212,0.5088,0.728,0.3275,0.4776,0.36,0.4338, 0.452,0.762,0.2385,0.415,0.296,0.3255,0.4036,0.698,0.1109,0.3145,
0.4584,0.668,0.2318,0.4526,0.942,0.1358,0.4264,0.742,0.1453,0.4144,0.82,0.0919, 0.3916,0.426,0.2104, 0.388,0.286,0.2633, 0.519,0.124,0.5556,0.4938,0.99,0.22,0.452,0.762,0.2385, 0.442,0.842,0.1547,0.438,0.62,0.2473,0.415,0.506,0.2668,0.1822,
0.498,0.942,0.2042,0.415,0.296,0.3255,0.4144,0.82,0.0919,0.4036,0.698,0.1109, 0.3952,0.71,0.1271, 0.3916,0.426,0.2104, 0.5342,0.912,0.3212,0.5088,0.728,0.3275,0.4812,0.956,0.1934, 0.4412,0.808,0.1913,0.4264,0.742,0.1453,0.388,0.286,0.2633,0.1634,
0.5028,0.628,0.3218,0.4584,0.668,0.2318,0.452,0.762,0.2385,0.4412,0.808,0.1913, 0.4036,0.698,0.1109, 0.3916,0.426,0.2104, 0.5342,0.912,0.3212,0.519,0.124,0.5556,0.498,0.942,0.2042, 0.4776,0.36,0.4338,0.4568,0.524,0.3299,0.4192,0.756,0.1509,0.1934,
0.5028,0.628,0.3218,0.498,0.942,0.2042,0.4938,0.99,0.22,0.4526,0.942,0.1358, 0.4264,0.742,0.1453, 0.3916,0.426,0.2104, 0.4412,0.808,0.1913,0.4382,0.83,0.1787,0.415,0.506,0.2668, 0.3952,0.71,0.1271,0.388,0.286,0.2633,0.3874,0.582,0.1563,0.2904,
0.495,0.696,0.289,0.4584,0.668,0.2318,0.428,0.628,0.204,0.4144,0.82,0.0919, 0.401,0.752,0.0812, 0.3874,0.582,0.1563, 0.5342,0.912,0.3212,0.4812,0.956,0.1934,0.4776,0.36,0.4338, 0.442,0.842,0.1547,0.4412,0.808,0.1913,0.415,0.506,0.2668,0.1966,
0.5088,0.728,0.3275,0.4584,0.668,0.2318,0.4412,0.808,0.1913,0.428,0.628,0.204, 0.415,0.296,0.3255, 0.3916,0.426,0.2104, 0.5342,0.912,0.3212,0.519,0.124,0.5556,0.5074,0.516,0.4458, 0.495,0.696,0.289,0.4812,0.956,0.1934,0.3952,0.71,0.1271,0.1345,
0.519,0.124,0.5556,0.5074,0.516,0.4458,0.4812,0.956,0.1934,0.428,0.628,0.204, 0.4264,0.742,0.1453, 0.4144,0.82,0.0919, 0.442,0.842,0.1547,0.4382,0.83,0.1787,0.415,0.296,0.3255, 0.3952,0.71,0.1271,0.3916,0.426,0.2104,0.3874,0.582,0.1563,0.1721,
0.519,0.124,0.5556,0.5088,0.728,0.3275,0.5074,0.516,0.4458,0.495,0.696,0.289, 0.4812,0.956,0.1934, 0.3874,0.582,0.1563, 0.4584,0.668,0.2318,0.4526,0.942,0.1358,0.4412,0.808,0.1913, 0.428,0.628,0.204,0.3952,0.71,0.1271,0.388,0.286,0.2633,0.0153,
0.5088,0.728,0.3275,0.5074,0.516,0.4458,0.4938,0.99,0.22,0.4526,0.942,0.1358, 0.442,0.842,0.1547, 0.438,0.62,0.2473, 0.4584,0.668,0.2318,0.4568,0.524,0.3299,0.452,0.762,0.2385, 0.4412,0.808,0.1913,0.4144,0.82,0.0919,0.388,0.286,0.2633,0.2951,
0.4568,0.524,0.3299,0.452,0.762,0.2385,0.442,0.842,0.1547,0.4192,0.756,0.1509, 0.4144,0.82,0.0919, 0.3792,0.094,0.287, 0.5074,0.516,0.4458,0.5028,0.628,0.3218,0.498,0.942,0.2042, 0.495,0.696,0.289,0.4812,0.956,0.1934,0.388,0.286,0.2633,0.1418,
0.452,0.762,0.2385,0.4412,0.808,0.1913,0.4264,0.742,0.1453,0.415,0.296,0.3255, 0.401,0.752,0.0812, 0.388,0.286,0.2633, 0.5088,0.728,0.3275,0.5074,0.516,0.4458,0.495,0.696,0.289, 0.4526,0.942,0.1358,0.4192,0.756,0.1509,0.3874,0.582,0.1563,0.2779,
0.495,0.696,0.289,0.4264,0.742,0.1453,0.4144,0.82,0.0919,0.4036,0.698,0.1109, 0.3952,0.71,0.1271, 0.3916,0.426,0.2104, 0.5074,0.516,0.4458,0.4938,0.99,0.22,0.4526,0.942,0.1358, 0.4382,0.83,0.1787,0.438,0.62,0.2473,0.401,0.752,0.0812,0.2516,
0.442,0.842,0.1547,0.4382,0.83,0.1787,0.428,0.628,0.204,0.3916,0.426,0.2104, 0.388,0.286,0.2633, 0.3874,0.582,0.1563, 0.5088,0.728,0.3275,0.4568,0.524,0.3299,0.452,0.762,0.2385, 0.4412,0.808,0.1913,0.415,0.506,0.2668,0.415,0.296,0.3255,0.2629,
0.5342,0.912,0.3212,0.5028,0.628,0.3218,0.495,0.696,0.289,0.452,0.762,0.2385, 0.442,0.842,0.1547, 0.428,0.628,0.204, 0.5088,0.728,0.3275,0.4382,0.83,0.1787,0.438,0.62,0.2473, 0.415,0.296,0.3255,0.401,0.752,0.0812,0.3916,0.426,0.2104,0.274,
0.5088,0.728,0.3275,0.5074,0.516,0.4458,0.498,0.942,0.2042,0.4776,0.36,0.4338, 0.4584,0.668,0.2318, 0.4568,0.524,0.3299, 0.519,0.124,0.5556,0.442,0.842,0.1547,0.4382,0.83,0.1787, 0.4264,0.742,0.1453,0.4192,0.756,0.1509,0.3874,0.582,0.1563,0.1452,
0.5088,0.728,0.3275,0.4264,0.742,0.1453,0.4192,0.756,0.1509,0.401,0.752,0.0812, 0.3952,0.71,0.1271, 0.3874,0.582,0.1563, 0.5342,0.912,0.3212,0.498,0.942,0.2042,0.452,0.762,0.2385, 0.442,0.842,0.1547,0.438,0.62,0.2473,0.3916,0.426,0.2104,0.3063,
0.5342,0.912,0.3212,0.5074,0.516,0.4458,0.498,0.942,0.2042,0.4938,0.99,0.22, 0.4526,0.942,0.1358, 0.4192,0.756,0.1509, 0.4776,0.36,0.4338,0.4584,0.668,0.2318,0.4382,0.83,0.1787, 0.438,0.62,0.2473,0.4264,0.742,0.1453,0.415,0.296,0.3255,0.2548,
0.519,0.124,0.5556,0.4526,0.942,0.1358,0.428,0.628,0.204,0.4144,0.82,0.0919, 0.4036,0.698,0.1109, 0.3916,0.426,0.2104, 0.5342,0.912,0.3212,0.5074,0.516,0.4458,0.5028,0.628,0.3218, 0.498,0.942,0.2042,0.415,0.296,0.3255,0.3874,0.582,0.1563,0.2088,
0.519,0.124,0.5556,0.5088,0.728,0.3275,0.498,0.942,0.2042,0.4938,0.99,0.22, 0.4526,0.942,0.1358, 0.388,0.286,0.2633, 0.5028,0.628,0.3218,0.452,0.762,0.2385,0.4412,0.808,0.1913, 0.4192,0.756,0.1509,0.4036,0.698,0.1109,0.3916,0.426,0.2104,0.2924,
0.4568,0.524,0.3299,0.4382,0.83,0.1787,0.428,0.628,0.204,0.4036,0.698,0.1109, 0.388,0.286,0.2633, 0.3792,0.094,0.287, 0.519,0.124,0.5556,0.5028,0.628,0.3218,0.4812,0.956,0.1934, 0.4526,0.942,0.1358,0.438,0.62,0.2473,0.415,0.296,0.3255,0.09,
0.5028,0.628,0.3218,0.498,0.942,0.2042,0.4568,0.524,0.3299,0.452,0.762,0.2385, 0.438,0.62,0.2473, 0.401,0.752,0.0812, 0.4412,0.808,0.1913,0.4382,0.83,0.1787,0.415,0.506,0.2668, 0.4144,0.82,0.0919,0.4036,0.698,0.1109,0.3792,0.094,0.287,0.2697,
0.452,0.762,0.2385,0.4412,0.808,0.1913,0.4264,0.742,0.1453,0.415,0.506,0.2668, 0.415,0.296,0.3255, 0.4144,0.82,0.0919, 0.5342,0.912,0.3212,0.5088,0.728,0.3275,0.4776,0.36,0.4338, 0.4584,0.668,0.2318,0.4382,0.83,0.1787,0.401,0.752,0.0812,0.3125,
0.5028,0.628,0.3218,0.4382,0.83,0.1787,0.428,0.628,0.204,0.4264,0.742,0.1453, 0.415,0.506,0.2668, 0.401,0.752,0.0812, 0.519,0.124,0.5556,0.5088,0.728,0.3275,0.4938,0.99,0.22, 0.4568,0.524,0.3299,0.4526,0.942,0.1358,0.3952,0.71,0.1271,0.3128,
0.5342,0.912,0.3212,0.519,0.124,0.5556,0.4938,0.99,0.22,0.4584,0.668,0.2318, 0.4526,0.942,0.1358, 0.438,0.62,0.2473, 0.498,0.942,0.2042,0.495,0.696,0.289,0.4264,0.742,0.1453, 0.415,0.296,0.3255,0.3952,0.71,0.1271,0.3792,0.094,0.287,0.0883,
0.5342,0.912,0.3212,0.519,0.124,0.5556,0.5074,0.516,0.4458,0.498,0.942,0.2042, 0.4264,0.742,0.1453, 0.388,0.286,0.2633, 0.4776,0.36,0.4338,0.4382,0.83,0.1787,0.438,0.62,0.2473, 0.415,0.296,0.3255,0.4036,0.698,0.1109,0.401,0.752,0.0812,0.1551,
0.5342,0.912,0.3212,0.5074,0.516,0.4458,0.495,0.696,0.289,0.4938,0.99,0.22, 0.4526,0.942,0.1358, 0.4382,0.83,0.1787, 0.4584,0.668,0.2318,0.4568,0.524,0.3299,0.452,0.762,0.2385, 0.442,0.842,0.1547,0.415,0.506,0.2668,0.4144,0.82,0.0919,0.1541,
0.5074,0.516,0.4458,0.4938,0.99,0.22,0.4526,0.942,0.1358,0.4412,0.808,0.1913, 0.438,0.62,0.2473, 0.3916,0.426,0.2104, 0.442,0.842,0.1547,0.428,0.628,0.204,0.4264,0.742,0.1453, 0.401,0.752,0.0812,0.3952,0.71,0.1271,0.3874,0.582,0.1563,0.1561,
0.438,0.62,0.2473,0.4192,0.756,0.1509,0.415,0.296,0.3255,0.4144,0.82,0.0919, 0.388,0.286,0.2633, 0.3874,0.582,0.1563, 0.5074,0.516,0.4458,0.495,0.696,0.289,0.4568,0.524,0.3299, 0.4264,0.742,0.1453,0.415,0.506,0.2668,0.4036,0.698,0.1109,0.2845,
0.5088,0.728,0.3275,0.4526,0.942,0.1358,0.442,0.842,0.1547,0.4264,0.742,0.1453, 0.4192,0.756,0.1509, 0.3952,0.71,0.1271, 0.5074,0.516,0.4458,0.5028,0.628,0.3218,0.498,0.942,0.2042, 0.495,0.696,0.289,0.4938,0.99,0.22,0.4036,0.698,0.1109,0.2869,
0.5342,0.912,0.3212,0.5028,0.628,0.3218,0.4812,0.956,0.1934,0.4584,0.668,0.2318, 0.4412,0.808,0.1913, 0.4036,0.698,0.1109, 0.498,0.942,0.2042,0.428,0.628,0.204,0.4192,0.756,0.1509, 0.4144,0.82,0.0919,0.3916,0.426,0.2104,0.388,0.286,0.2633,0.1676,
0.5342,0.912,0.3212,0.5088,0.728,0.3275,0.4568,0.524,0.3299,0.452,0.762,0.2385, 0.4382,0.83,0.1787, 0.4264,0.742,0.1453, 0.5028,0.628,0.3218,0.498,0.942,0.2042,0.4526,0.942,0.1358, 0.4036,0.698,0.1109,0.3916,0.426,0.2104,0.3874,0.582,0.1563,0.3128,
0.5342,0.912,0.3212,0.519,0.124,0.5556,0.5088,0.728,0.3275,0.4812,0.956,0.1934, 0.452,0.762,0.2385, 0.4382,0.83,0.1787, 0.5074,0.516,0.4458,0.495,0.696,0.289,0.4412,0.808,0.1913, 0.4192,0.756,0.1509,0.3952,0.71,0.1271,0.388,0.286,0.2633,0.1626,
0.5342,0.912,0.3212,0.5088,0.728,0.3275,0.5074,0.516,0.4458,0.495,0.696,0.289, 0.4264,0.742,0.1453, 0.3916,0.426,0.2104, 0.498,0.942,0.2042,0.4776,0.36,0.4338,0.4382,0.83,0.1787, 0.415,0.506,0.2668,0.3874,0.582,0.1563,0.3792,0.094,0.287,0.255,
0.4192,0.756,0.1509,0.415,0.506,0.2668,0.415,0.296,0.3255,0.3952,0.71,0.1271, 0.388,0.286,0.2633, 0.3792,0.094,0.287, 0.495,0.696,0.289,0.4812,0.956,0.1934,0.4584,0.668,0.2318, 0.452,0.762,0.2385,0.4036,0.698,0.1109,0.3916,0.426,0.2104,0.2922,
0.4812,0.956,0.1934,0.4526,0.942,0.1358,0.452,0.762,0.2385,0.3952,0.71,0.1271, 0.388,0.286,0.2633, 0.3792,0.094,0.287, 0.5088,0.728,0.3275,0.5074,0.516,0.4458,0.5028,0.628,0.3218, 0.4938,0.99,0.22,0.4412,0.808,0.1913,0.4036,0.698,0.1109,0.0867,
0.4382,0.83,0.1787,0.428,0.628,0.204,0.415,0.506,0.2668,0.4036,0.698,0.1109, 0.3952,0.71,0.1271, 0.3792,0.094,0.287, 0.519,0.124,0.5556,0.5074,0.516,0.4458,0.4812,0.956,0.1934, 0.4526,0.942,0.1358,0.4144,0.82,0.0919,0.401,0.752,0.0812,0.113,
0.4584,0.668,0.2318,0.4264,0.742,0.1453,0.4144,0.82,0.0919,0.401,0.752,0.0812, 0.3874,0.582,0.1563, 0.3792,0.094,0.287, 0.5342,0.912,0.3212,0.519,0.124,0.5556,0.428,0.628,0.204, 0.415,0.296,0.3255,0.4036,0.698,0.1109,0.3952,0.71,0.1271,0.2298,
0.498,0.942,0.2042,0.4584,0.668,0.2318,0.442,0.842,0.1547,0.415,0.506,0.2668, 0.401,0.752,0.0812, 0.3792,0.094,0.287, 0.5074,0.516,0.4458,0.495,0.696,0.289,0.4938,0.99,0.22, 0.4812,0.956,0.1934,0.4412,0.808,0.1913,0.4382,0.83,0.1787,0.0724,
0.5088,0.728,0.3275,0.5074,0.516,0.4458,0.4776,0.36,0.4338,0.4192,0.756,0.1509, 0.415,0.506,0.2668, 0.4036,0.698,0.1109, 0.498,0.942,0.2042,0.442,0.842,0.1547,0.4382,0.83,0.1787, 0.401,0.752,0.0812,0.3874,0.582,0.1563,0.3792,0.094,0.287,0.3198,
0.5088,0.728,0.3275,0.5028,0.628,0.3218,0.498,0.942,0.2042,0.4568,0.524,0.3299, 0.452,0.762,0.2385, 0.4144,0.82,0.0919, 0.5074,0.516,0.4458,0.4584,0.668,0.2318,0.4192,0.756,0.1509, 0.401,0.752,0.0812,0.388,0.286,0.2633,0.3874,0.582,0.1563,0.2276,
0.5074,0.516,0.4458,0.498,0.942,0.2042,0.4938,0.99,0.22,0.4812,0.956,0.1934, 0.452,0.762,0.2385, 0.415,0.296,0.3255, 0.5028,0.628,0.3218,0.4568,0.524,0.3299,0.438,0.62,0.2473, 0.428,0.628,0.204,0.4264,0.742,0.1453,0.3792,0.094,0.287,0.232,
0.5074,0.516,0.4458,0.495,0.696,0.289,0.4812,0.956,0.1934,0.4412,0.808,0.1913, 0.4382,0.83,0.1787, 0.4144,0.82,0.0919, 0.4584,0.668,0.2318,0.452,0.762,0.2385,0.415,0.296,0.3255, 0.401,0.752,0.0812,0.3952,0.71,0.1271,0.388,0.286,0.2633,0.1775,
0.495,0.696,0.289,0.4812,0.956,0.1934,0.4776,0.36,0.4338,0.4036,0.698,0.1109, 0.3952,0.71,0.1271, 0.3916,0.426,0.2104, 0.519,0.124,0.5556,0.5088,0.728,0.3275,0.5074,0.516,0.4458, 0.498,0.942,0.2042,0.428,0.628,0.204,0.4264,0.742,0.1453,0.3009,
0.4938,0.99,0.22,0.4584,0.668,0.2318,0.428,0.628,0.204,0.4144,0.82,0.0919, 0.3916,0.426,0.2104, 0.3792,0.094,0.287, 0.5342,0.912,0.3212,0.495,0.696,0.289,0.4776,0.36,0.4338, 0.4568,0.524,0.3299,0.438,0.62,0.2473,0.3874,0.582,0.1563,0.2184,
0.4812,0.956,0.1934,0.4382,0.83,0.1787,0.401,0.752,0.0812,0.3952,0.71,0.1271, 0.388,0.286,0.2633, 0.3874,0.582,0.1563, 0.519,0.124,0.5556,0.5074,0.516,0.4458,0.4568,0.524,0.3299, 0.428,0.628,0.204,0.415,0.296,0.3255,0.3916,0.426,0.2104,0.3026,
0.519,0.124,0.5556,0.4812,0.956,0.1934,0.452,0.762,0.2385,0.4144,0.82,0.0919, 0.3874,0.582,0.1563, 0.3792,0.094,0.287, 0.5342,0.912,0.3212,0.498,0.942,0.2042,0.495,0.696,0.289, 0.4776,0.36,0.4338,0.4568,0.524,0.3299,0.442,0.842,0.1547,0.1677,
0.5342,0.912,0.3212,0.4938,0.99,0.22,0.4776,0.36,0.4338,0.4568,0.524,0.3299, 0.4526,0.942,0.1358, 0.3952,0.71,0.1271, 0.498,0.942,0.2042,0.452,0.762,0.2385,0.428,0.628,0.204, 0.3916,0.426,0.2104,0.388,0.286,0.2633,0.3874,0.582,0.1563,0.1393,
0.5342,0.912,0.3212,0.519,0.124,0.5556,0.4568,0.524,0.3299,0.452,0.762,0.2385, 0.438,0.62,0.2473, 0.415,0.296,0.3255, 0.495,0.696,0.289,0.4526,0.942,0.1358,0.4412,0.808,0.1913, 0.428,0.628,0.204,0.4144,0.82,0.0919,0.388,0.286,0.2633,0.3147,
0.5088,0.728,0.3275,0.5074,0.516,0.4458,0.4812,0.956,0.1934,0.4776,0.36,0.4338, 0.3874,0.582,0.1563, 0.3792,0.094,0.287, 0.452,0.762,0.2385,0.442,0.842,0.1547,0.4144,0.82,0.0919, 0.4036,0.698,0.1109,0.3952,0.71,0.1271,0.388,0.286,0.2633,0.2267,
0.519,0.124,0.5556,0.5074,0.516,0.4458,0.4584,0.668,0.2318,0.4382,0.83,0.1787, 0.438,0.62,0.2473, 0.428,0.628,0.204, 0.495,0.696,0.289,0.4412,0.808,0.1913,0.4192,0.756,0.1509, 0.4144,0.82,0.0919,0.3916,0.426,0.2104,0.3792,0.094,0.287,0.189,
0.498,0.942,0.2042,0.4938,0.99,0.22,0.4144,0.82,0.0919,0.4036,0.698,0.1109, 0.3952,0.71,0.1271, 0.3916,0.426,0.2104, 0.5342,0.912,0.3212,0.5028,0.628,0.3218,0.4812,0.956,0.1934, 0.4584,0.668,0.2318,0.4382,0.83,0.1787,0.415,0.506,0.2668,0.2497,
0.498,0.942,0.2042,0.4412,0.808,0.1913,0.4192,0.756,0.1509,0.3952,0.71,0.1271, 0.388,0.286,0.2633, 0.3874,0.582,0.1563, 0.5088,0.728,0.3275,0.4938,0.99,0.22,0.4776,0.36,0.4338, 0.4382,0.83,0.1787,0.438,0.62,0.2473,0.3916,0.426,0.2104,0.3052,
0.5342,0.912,0.3212,0.5074,0.516,0.4458,0.498,0.942,0.2042,0.4584,0.668,0.2318, 0.438,0.62,0.2473, 0.3952,0.71,0.1271, 0.4812,0.956,0.1934,0.4526,0.942,0.1358,0.4192,0.756,0.1509, 0.415,0.296,0.3255,0.415,0.506,0.2668,0.3916,0.426,0.2104,0.2665,
0.4776,0.36,0.4338,0.4568,0.524,0.3299,0.4144,0.82,0.0919,0.401,0.752,0.0812, 0.3874,0.582,0.1563, 0.3792,0.094,0.287, 0.5342,0.912,0.3212,0.5088,0.728,0.3275,0.4526,0.942,0.1358, 0.452,0.762,0.2385,0.4264,0.742,0.1453,0.388,0.286,0.2633,0.2379,
0.5088,0.728,0.3275,0.4584,0.668,0.2318,0.452,0.762,0.2385,0.442,0.842,0.1547, 0.438,0.62,0.2473, 0.428,0.628,0.204, 0.498,0.942,0.2042,0.4382,0.83,0.1787,0.4144,0.82,0.0919, 0.401,0.752,0.0812,0.3952,0.71,0.1271,0.3792,0.094,0.287,0.3275,
0.5088,0.728,0.3275,0.5028,0.628,0.3218,0.4568,0.524,0.3299,0.4526,0.942,0.1358, 0.452,0.762,0.2385, 0.4192,0.756,0.1509, 0.498,0.942,0.2042,0.4776,0.36,0.4338,0.401,0.752,0.0812, 0.3916,0.426,0.2104,0.388,0.286,0.2633,0.3874,0.582,0.1563,0.2243,
0.498,0.942,0.2042,0.4584,0.668,0.2318,0.442,0.842,0.1547,0.4144,0.82,0.0919, 0.388,0.286,0.2633, 0.3792,0.094,0.287, 0.519,0.124,0.5556,0.5074,0.516,0.4458,0.5028,0.628,0.3218, 0.4412,0.808,0.1913,0.4192,0.756,0.1509,0.415,0.296,0.3255,0.2139,
0.442,0.842,0.1547,0.4382,0.83,0.1787,0.438,0.62,0.2473,0.401,0.752,0.0812, 0.388,0.286,0.2633, 0.3874,0.582,0.1563, 0.5088,0.728,0.3275,0.495,0.696,0.289,0.4938,0.99,0.22, 0.4584,0.668,0.2318,0.415,0.296,0.3255,0.3952,0.71,0.1271,0.2231,
0.495,0.696,0.289,0.4526,0.942,0.1358,0.452,0.762,0.2385,0.4264,0.742,0.1453, 0.4144,0.82,0.0919, 0.3874,0.582,0.1563, 0.5074,0.516,0.4458,0.498,0.942,0.2042,0.4938,0.99,0.22, 0.4812,0.956,0.1934,0.4568,0.524,0.3299,0.388,0.286,0.2633,0.3264,
0.5028,0.628,0.3218,0.4412,0.808,0.1913,0.428,0.628,0.204,0.4144,0.82,0.0919, 0.3952,0.71,0.1271, 0.3792,0.094,0.287, 0.5088,0.728,0.3275,0.495,0.696,0.289,0.4776,0.36,0.4338, 0.4568,0.524,0.3299,0.442,0.842,0.1547,0.3916,0.426,0.2104,0.3088,
0.5342,0.912,0.3212,0.5074,0.516,0.4458,0.498,0.942,0.2042,0.495,0.696,0.289, 0.4584,0.668,0.2318, 0.3874,0.582,0.1563, 0.5088,0.728,0.3275,0.5028,0.628,0.3218,0.4264,0.742,0.1453, 0.415,0.296,0.3255,0.4144,0.82,0.0919,0.3792,0.094,0.287,0.2389,
0.5028,0.628,0.3218,0.495,0.696,0.289,0.4382,0.83,0.1787,0.401,0.752,0.0812, 0.3916,0.426,0.2104, 0.3792,0.094,0.287, 0.519,0.124,0.5556,0.4938,0.99,0.22,0.4812,0.956,0.1934, 0.4776,0.36,0.4338,0.438,0.62,0.2473,0.388,0.286,0.2633,0.2985,
0.5342,0.912,0.3212,0.519,0.124,0.5556,0.495,0.696,0.289,0.452,0.762,0.2385, 0.428,0.628,0.204, 0.3874,0.582,0.1563, 0.5028,0.628,0.3218,0.4526,0.942,0.1358,0.4264,0.742,0.1453, 0.4036,0.698,0.1109,0.3952,0.71,0.1271,0.3916,0.426,0.2104,0.2089,
0.5088,0.728,0.3275,0.5074,0.516,0.4458,0.438,0.62,0.2473,0.4192,0.756,0.1509, 0.3952,0.71,0.1271, 0.3792,0.094,0.287, 0.5342,0.912,0.3212,0.4938,0.99,0.22,0.4812,0.956,0.1934, 0.4776,0.36,0.4338,0.4584,0.668,0.2318,0.4568,0.524,0.3299,0.2315,
0.5028,0.628,0.3218,0.4568,0.524,0.3299,0.452,0.762,0.2385,0.4036,0.698,0.1109, 0.401,0.752,0.0812, 0.3792,0.094,0.287, 0.5342,0.912,0.3212,0.5088,0.728,0.3275,0.4938,0.99,0.22, 0.4776,0.36,0.4338,0.442,0.842,0.1547,0.3952,0.71,0.1271,0.1224,
0.5342,0.912,0.3212,0.5074,0.516,0.4458,0.4812,0.956,0.1934,0.4568,0.524,0.3299, 0.442,0.842,0.1547, 0.4192,0.756,0.1509, 0.519,0.124,0.5556,0.4584,0.668,0.2318,0.438,0.62,0.2473, 0.415,0.506,0.2668,0.4036,0.698,0.1109,0.3874,0.582,0.1563,0.2629,
0.4812,0.956,0.1934,0.4584,0.668,0.2318,0.4568,0.524,0.3299,0.4036,0.698,0.1109, 0.401,0.752,0.0812, 0.388,0.286,0.2633, 0.5342,0.912,0.3212,0.498,0.942,0.2042,0.4776,0.36,0.4338, 0.442,0.842,0.1547,0.4382,0.83,0.1787,0.438,0.62,0.2473,0.1983,
0.519,0.124,0.5556,0.5074,0.516,0.4458,0.4938,0.99,0.22,0.4812,0.956,0.1934, 0.415,0.506,0.2668, 0.3952,0.71,0.1271, 0.5342,0.912,0.3212,0.438,0.62,0.2473,0.428,0.628,0.204, 0.4144,0.82,0.0919,0.401,0.752,0.0812,0.388,0.286,0.2633,0.2733,
0.5342,0.912,0.3212,0.5088,0.728,0.3275,0.4938,0.99,0.22,0.4526,0.942,0.1358, 0.4192,0.756,0.1509, 0.388,0.286,0.2633, 0.519,0.124,0.5556,0.428,0.628,0.204,0.4264,0.742,0.1453, 0.415,0.506,0.2668,0.3952,0.71,0.1271,0.3874,0.582,0.1563,0.3152,
0.4568,0.524,0.3299,0.4412,0.808,0.1913,0.438,0.62,0.2473,0.4036,0.698,0.1109, 0.3952,0.71,0.1271, 0.3792,0.094,0.287, 0.5342,0.912,0.3212,0.5088,0.728,0.3275,0.498,0.942,0.2042, 0.4526,0.942,0.1358,0.428,0.628,0.204,0.388,0.286,0.2633,0.1729,
0.4776,0.36,0.4338,0.4412,0.808,0.1913,0.428,0.628,0.204,0.3916,0.426,0.2104, 0.388,0.286,0.2633, 0.3874,0.582,0.1563, 0.5342,0.912,0.3212,0.519,0.124,0.5556,0.495,0.696,0.289, 0.4526,0.942,0.1358,0.438,0.62,0.2473,0.4264,0.742,0.1453,0.059,
0.4526,0.942,0.1358,0.452,0.762,0.2385,0.442,0.842,0.1547,0.428,0.628,0.204, 0.4036,0.698,0.1109, 0.3792,0.094,0.287, 0.5342,0.912,0.3212,0.5088,0.728,0.3275,0.5028,0.628,0.3218, 0.4192,0.756,0.1509,0.415,0.506,0.2668,0.415,0.296,0.3255,0.2322,
0.452,0.762,0.2385,0.438,0.62,0.2473,0.415,0.506,0.2668,0.415,0.296,0.3255, 0.401,0.752,0.0812, 0.388,0.286,0.2633, 0.519,0.124,0.5556,0.5088,0.728,0.3275,0.498,0.942,0.2042, 0.4584,0.668,0.2318,0.428,0.628,0.204,0.3874,0.582,0.1563,0.2839,
0.5342,0.912,0.3212,0.519,0.124,0.5556,0.4776,0.36,0.4338,0.4382,0.83,0.1787, 0.438,0.62,0.2473, 0.415,0.506,0.2668, 0.5028,0.628,0.3218,0.4584,0.668,0.2318,0.4526,0.942,0.1358, 0.428,0.628,0.204,0.401,0.752,0.0812,0.3952,0.71,0.1271,0.2802,
0.5088,0.728,0.3275,0.442,0.842,0.1547,0.428,0.628,0.204,0.4264,0.742,0.1453, 0.401,0.752,0.0812, 0.3952,0.71,0.1271, 0.5342,0.912,0.3212,0.5028,0.628,0.3218,0.4584,0.668,0.2318, 0.452,0.762,0.2385,0.4382,0.83,0.1787,0.438,0.62,0.2473,0.2715,
0.498,0.942,0.2042,0.4568,0.524,0.3299,0.4526,0.942,0.1358,0.4144,0.82,0.0919, 0.3916,0.426,0.2104, 0.388,0.286,0.2633, 0.519,0.124,0.5556,0.5074,0.516,0.4458,0.4938,0.99,0.22, 0.4812,0.956,0.1934,0.4776,0.36,0.4338,0.415,0.506,0.2668,0.0104,
0.5342,0.912,0.3212,0.495,0.696,0.289,0.452,0.762,0.2385,0.428,0.628,0.204, 0.4192,0.756,0.1509, 0.415,0.506,0.2668, 0.4938,0.99,0.22,0.442,0.842,0.1547,0.415,0.296,0.3255, 0.3952,0.71,0.1271,0.388,0.286,0.2633,0.3792,0.094,0.287,0.2862,
0.519,0.124,0.5556,0.4938,0.99,0.22,0.428,0.628,0.204,0.4036,0.698,0.1109, 0.3916,0.426,0.2104, 0.388,0.286,0.2633, 0.5088,0.728,0.3275,0.5074,0.516,0.4458,0.5028,0.628,0.3218, 0.498,0.942,0.2042,0.4382,0.83,0.1787,0.415,0.296,0.3255,0.2189,
0.5088,0.728,0.3275,0.4526,0.942,0.1358,0.442,0.842,0.1547,0.415,0.296,0.3255, 0.388,0.286,0.2633, 0.3792,0.094,0.287, 0.5342,0.912,0.3212,0.519,0.124,0.5556,0.5028,0.628,0.3218, 0.4412,0.808,0.1913,0.428,0.628,0.204,0.4144,0.82,0.0919,0.2795,
0.519,0.124,0.5556,0.498,0.942,0.2042,0.4144,0.82,0.0919,0.388,0.286,0.2633, 0.3874,0.582,0.1563, 0.3792,0.094,0.287, 0.5342,0.912,0.3212,0.5028,0.628,0.3218,0.4812,0.956,0.1934, 0.4526,0.942,0.1358,0.4192,0.756,0.1509,0.415,0.506,0.2668,0.255,
0.5342,0.912,0.3212,0.519,0.124,0.5556,0.495,0.696,0.289,0.4812,0.956,0.1934, 0.4584,0.668,0.2318, 0.4412,0.808,0.1913, 0.5088,0.728,0.3275,0.5028,0.628,0.3218,0.428,0.628,0.204, 0.415,0.296,0.3255,0.3952,0.71,0.1271,0.3792,0.094,0.287,0.1057,
0.5088,0.728,0.3275,0.5074,0.516,0.4458,0.4812,0.956,0.1934,0.4568,0.524,0.3299, 0.438,0.62,0.2473, 0.3916,0.426,0.2104, 0.4776,0.36,0.4338,0.4412,0.808,0.1913,0.4144,0.82,0.0919, 0.4036,0.698,0.1109,0.388,0.286,0.2633,0.3874,0.582,0.1563,0.1406,
0.452,0.762,0.2385,0.428,0.628,0.204,0.4264,0.742,0.1453,0.4192,0.756,0.1509, 0.415,0.506,0.2668, 0.388,0.286,0.2633, 0.519,0.124,0.5556,0.5074,0.516,0.4458,0.495,0.696,0.289, 0.4776,0.36,0.4338,0.4382,0.83,0.1787,0.415,0.296,0.3255,0.0386,
0.4568,0.524,0.3299,0.428,0.628,0.204,0.415,0.296,0.3255,0.4036,0.698,0.1109, 0.388,0.286,0.2633, 0.3792,0.094,0.287, 0.5074,0.516,0.4458,0.5028,0.628,0.3218,0.4584,0.668,0.2318, 0.442,0.842,0.1547,0.415,0.506,0.2668,0.3874,0.582,0.1563,0.2451,
0.519,0.124,0.5556,0.5088,0.728,0.3275,0.5074,0.516,0.4458,0.4776,0.36,0.4338, 0.428,0.628,0.204, 0.3952,0.71,0.1271, 0.5028,0.628,0.3218,0.442,0.842,0.1547,0.4382,0.83,0.1787, 0.415,0.506,0.2668,0.401,0.752,0.0812,0.3874,0.582,0.1563,0.2188,
0.4812,0.956,0.1934,0.428,0.628,0.204,0.4264,0.742,0.1453,0.4036,0.698,0.1109, 0.3952,0.71,0.1271, 0.3874,0.582,0.1563, 0.519,0.124,0.5556,0.5074,0.516,0.4458,0.4584,0.668,0.2318, 0.4526,0.942,0.1358,0.4412,0.808,0.1913,0.4382,0.83,0.1787,0.0636,
0.5088,0.728,0.3275,0.4938,0.99,0.22,0.4812,0.956,0.1934,0.452,0.762,0.2385, 0.4412,0.808,0.1913, 0.4382,0.83,0.1787, 0.5074,0.516,0.4458,0.438,0.62,0.2473,0.428,0.628,0.204, 0.4036,0.698,0.1109,0.401,0.752,0.0812,0.3792,0.094,0.287,0.1067,
0.5088,0.728,0.3275,0.5074,0.516,0.4458,0.4812,0.956,0.1934,0.4584,0.668,0.2318, 0.4568,0.524,0.3299, 0.401,0.752,0.0812, 0.519,0.124,0.5556,0.442,0.842,0.1547,0.415,0.506,0.2668, 0.4144,0.82,0.0919,0.3952,0.71,0.1271,0.3792,0.094,0.287,0.2316,
0.5342,0.912,0.3212,0.5074,0.516,0.4458,0.5028,0.628,0.3218,0.4412,0.808,0.1913, 0.428,0.628,0.204, 0.4192,0.756,0.1509, 0.519,0.124,0.5556,0.4812,0.956,0.1934,0.4584,0.668,0.2318, 0.401,0.752,0.0812,0.3916,0.426,0.2104,0.388,0.286,0.2633,0.3185,
0.4568,0.524,0.3299,0.4412,0.808,0.1913,0.428,0.628,0.204,0.4192,0.756,0.1509, 0.3916,0.426,0.2104, 0.3792,0.094,0.287, 0.519,0.124,0.5556,0.5088,0.728,0.3275,0.5028,0.628,0.3218, 0.4776,0.36,0.4338,0.4264,0.742,0.1453,0.3952,0.71,0.1271,0.1277,
0.4568,0.524,0.3299,0.4526,0.942,0.1358,0.442,0.842,0.1547,0.4036,0.698,0.1109, 0.401,0.752,0.0812, 0.3792,0.094,0.287, 0.519,0.124,0.5556,0.5088,0.728,0.3275,0.495,0.696,0.289, 0.4938,0.99,0.22,0.428,0.628,0.204,0.3952,0.71,0.1271,0.0628,
0.5342,0.912,0.3212,0.519,0.124,0.5556,0.5088,0.728,0.3275,0.5074,0.516,0.4458, 0.4584,0.668,0.2318, 0.4264,0.742,0.1453, 0.495,0.696,0.289,0.4526,0.942,0.1358,0.452,0.762,0.2385, 0.442,0.842,0.1547,0.4382,0.83,0.1787,0.4036,0.698,0.1109,0.2145,
0.5342,0.912,0.3212,0.495,0.696,0.289,0.4526,0.942,0.1358,0.452,0.762,0.2385, 0.415,0.296,0.3255, 0.388,0.286,0.2633, 0.4382,0.83,0.1787,0.4264,0.742,0.1453,0.415,0.506,0.2668, 0.4036,0.698,0.1109,0.3952,0.71,0.1271,0.3916,0.426,0.2104,0.2058,
0.519,0.124,0.5556,0.438,0.62,0.2473,0.428,0.628,0.204,0.4192,0.756,0.1509, 0.4036,0.698,0.1109, 0.3874,0.582,0.1563, 0.5074,0.516,0.4458,0.498,0.942,0.2042,0.4812,0.956,0.1934, 0.4776,0.36,0.4338,0.4584,0.668,0.2318,0.4412,0.808,0.1913,0.1402,
0.5074,0.516,0.4458,0.498,0.942,0.2042,0.4776,0.36,0.4338,0.4584,0.668,0.2318, 0.4526,0.942,0.1358, 0.388,0.286,0.2633, 0.428,0.628,0.204,0.4264,0.742,0.1453,0.4192,0.756,0.1509, 0.415,0.506,0.2668,0.4036,0.698,0.1109,0.3916,0.426,0.2104,0.091,
0.5088,0.728,0.3275,0.5028,0.628,0.3218,0.495,0.696,0.289,0.4776,0.36,0.4338, 0.452,0.762,0.2385, 0.3916,0.426,0.2104, 0.4568,0.524,0.3299,0.4412,0.808,0.1913,0.4264,0.742,0.1453, 0.4036,0.698,0.1109,0.3952,0.71,0.1271,0.3874,0.582,0.1563,0.0966,
0.519,0.124,0.5556,0.5074,0.516,0.4458,0.415,0.506,0.2668,0.4144,0.82,0.0919, 0.388,0.286,0.2633, 0.3874,0.582,0.1563, 0.5342,0.912,0.3212,0.5028,0.628,0.3218,0.498,0.942,0.2042, 0.495,0.696,0.289,0.4776,0.36,0.4338,0.415,0.296,0.3255,0.2178,
0.519,0.124,0.5556,0.498,0.942,0.2042,0.4776,0.36,0.4338,0.442,0.842,0.1547, 0.4412,0.808,0.1913, 0.3874,0.582,0.1563, 0.4812,0.956,0.1934,0.438,0.62,0.2473,0.4264,0.742,0.1453, 0.4036,0.698,0.1109,0.388,0.286,0.2633,0.3792,0.094,0.287,0.2043,
0.5088,0.728,0.3275,0.5074,0.516,0.4458,0.4264,0.742,0.1453,0.4192,0.756,0.1509, 0.415,0.506,0.2668, 0.3792,0.094,0.287, 0.5342,0.912,0.3212,0.519,0.124,0.5556,0.4938,0.99,0.22, 0.4776,0.36,0.4338,0.4584,0.668,0.2318,0.415,0.296,0.3255,0.2905,
0.498,0.942,0.2042,0.442,0.842,0.1547,0.4192,0.756,0.1509,0.415,0.506,0.2668, 0.3874,0.582,0.1563, 0.3792,0.094,0.287, 0.5088,0.728,0.3275,0.5028,0.628,0.3218,0.4812,0.956,0.1934, 0.4776,0.36,0.4338,0.4382,0.83,0.1787,0.415,0.296,0.3255,0.1279,
0.4776,0.36,0.4338,0.452,0.762,0.2385,0.4144,0.82,0.0919,0.401,0.752,0.0812, 0.3952,0.71,0.1271, 0.3874,0.582,0.1563, 0.5342,0.912,0.3212,0.5088,0.728,0.3275,0.5028,0.628,0.3218, 0.498,0.942,0.2042,0.4382,0.83,0.1787,0.3792,0.094,0.287,0.0993,
0.5028,0.628,0.3218,0.4584,0.668,0.2318,0.428,0.628,0.204,0.415,0.296,0.3255, 0.3952,0.71,0.1271, 0.388,0.286,0.2633, 0.5342,0.912,0.3212,0.498,0.942,0.2042,0.495,0.696,0.289, 0.4938,0.99,0.22,0.452,0.762,0.2385,0.401,0.752,0.0812,0.1436,
0.4584,0.668,0.2318,0.438,0.62,0.2473,0.4192,0.756,0.1509,0.415,0.506,0.2668, 0.4144,0.82,0.0919, 0.3874,0.582,0.1563, 0.498,0.942,0.2042,0.4938,0.99,0.22,0.4812,0.956,0.1934, 0.4776,0.36,0.4338,0.452,0.762,0.2385,0.3952,0.71,0.1271,0.1745,
0.4812,0.956,0.1934,0.4192,0.756,0.1509,0.415,0.506,0.2668,0.4144,0.82,0.0919, 0.401,0.752,0.0812, 0.3792,0.094,0.287, 0.5342,0.912,0.3212,0.5028,0.628,0.3218,0.4526,0.942,0.1358, 0.438,0.62,0.2473,0.4264,0.742,0.1453,0.3916,0.426,0.2104,0.3091,
0.4812,0.956,0.1934,0.4412,0.808,0.1913,0.4192,0.756,0.1509,0.4036,0.698,0.1109, 0.401,0.752,0.0812, 0.388,0.286,0.2633, 0.5342,0.912,0.3212,0.4938,0.99,0.22,0.4776,0.36,0.4338, 0.442,0.842,0.1547,0.4382,0.83,0.1787,0.415,0.506,0.2668,0.0802,
0.5342,0.912,0.3212,0.5088,0.728,0.3275,0.5074,0.516,0.4458,0.495,0.696,0.289, 0.4584,0.668,0.2318, 0.4264,0.742,0.1453, 0.498,0.942,0.2042,0.4812,0.956,0.1934,0.415,0.506,0.2668, 0.4144,0.82,0.0919,0.401,0.752,0.0812,0.3874,0.582,0.1563,0.011,
0.495,0.696,0.289,0.442,0.842,0.1547,0.4192,0.756,0.1509,0.415,0.506,0.2668, 0.4144,0.82,0.0919, 0.4036,0.698,0.1109, 0.5088,0.728,0.3275,0.5074,0.516,0.4458,0.5028,0.628,0.3218, 0.452,0.762,0.2385,0.4382,0.83,0.1787,0.4264,0.742,0.1453,0.202,
0.4526,0.942,0.1358,0.442,0.842,0.1547,0.4412,0.808,0.1913,0.428,0.628,0.204, 0.3874,0.582,0.1563, 0.3792,0.094,0.287, 0.5088,0.728,0.3275,0.498,0.942,0.2042,0.495,0.696,0.289, 0.4938,0.99,0.22,0.4584,0.668,0.2318,0.4144,0.82,0.0919,0.0714,
0.442,0.842,0.1547,0.438,0.62,0.2473,0.428,0.628,0.204,0.3952,0.71,0.1271, 0.388,0.286,0.2633, 0.3874,0.582,0.1563, 0.5074,0.516,0.4458,0.4938,0.99,0.22,0.4584,0.668,0.2318, 0.4382,0.83,0.1787,0.4192,0.756,0.1509,0.3916,0.426,0.2104,0.291,
0.442,0.842,0.1547,0.438,0.62,0.2473,0.4144,0.82,0.0919,0.4036,0.698,0.1109, 0.3916,0.426,0.2104, 0.3792,0.094,0.287, 0.4938,0.99,0.22,0.4812,0.956,0.1934,0.4776,0.36,0.4338, 0.428,0.628,0.204,0.415,0.296,0.3255,0.401,0.752,0.0812,0.2356,
0.4584,0.668,0.2318,0.4526,0.942,0.1358,0.415,0.506,0.2668,0.4036,0.698,0.1109, 0.3952,0.71,0.1271, 0.3874,0.582,0.1563, 0.5342,0.912,0.3212,0.5028,0.628,0.3218,0.4938,0.99,0.22, 0.4382,0.83,0.1787,0.4264,0.742,0.1453,0.3916,0.426,0.2104,0.1983,
0.519,0.124,0.5556,0.5074,0.516,0.4458,0.4584,0.668,0.2318,0.4526,0.942,0.1358, 0.442,0.842,0.1547, 0.4036,0.698,0.1109, 0.5342,0.912,0.3212,0.415,0.296,0.3255,0.4144,0.82,0.0919, 0.401,0.752,0.0812,0.3874,0.582,0.1563,0.3792,0.094,0.287,0.2515,
0.5342,0.912,0.3212,0.519,0.124,0.5556,0.4812,0.956,0.1934,0.4526,0.942,0.1358, 0.452,0.762,0.2385, 0.4382,0.83,0.1787, 0.5028,0.628,0.3218,0.4568,0.524,0.3299,0.442,0.842,0.1547, 0.415,0.506,0.2668,0.415,0.296,0.3255,0.401,0.752,0.0812,0.2454,
0.5088,0.728,0.3275,0.5074,0.516,0.4458,0.4812,0.956,0.1934,0.4584,0.668,0.2318, 0.4036,0.698,0.1109, 0.3792,0.094,0.287, 0.498,0.942,0.2042,0.428,0.628,0.204,0.3952,0.71,0.1271, 0.3916,0.426,0.2104,0.388,0.286,0.2633,0.3874,0.582,0.1563,0.2862,
0.498,0.942,0.2042,0.442,0.842,0.1547,0.4412,0.808,0.1913,0.401,0.752,0.0812, 0.388,0.286,0.2633, 0.3792,0.094,0.287, 0.5074,0.516,0.4458,0.5028,0.628,0.3218,0.4812,0.956,0.1934, 0.4568,0.524,0.3299,0.4264,0.742,0.1453,0.3952,0.71,0.1271,0.266,
0.4776,0.36,0.4338,0.4568,0.524,0.3299,0.415,0.296,0.3255,0.4036,0.698,0.1109, 0.401,0.752,0.0812, 0.3952,0.71,0.1271, 0.519,0.124,0.5556,0.5088,0.728,0.3275,0.498,0.942,0.2042, 0.442,0.842,0.1547,0.438,0.62,0.2473,0.428,0.628,0.204,0.2265,
0.5342,0.912,0.3212,0.5088,0.728,0.3275,0.5074,0.516,0.4458,0.4412,0.808,0.1913, 0.4264,0.742,0.1453, 0.3874,0.582,0.1563, 0.4812,0.956,0.1934,0.4776,0.36,0.4338,0.428,0.628,0.204, 0.4192,0.756,0.1509,0.3916,0.426,0.2104,0.388,0.286,0.2633,0.32,
0.5028,0.628,0.3218,0.4382,0.83,0.1787,0.4192,0.756,0.1509,0.4144,0.82,0.0919, 0.4036,0.698,0.1109, 0.3874,0.582,0.1563, 0.5342,0.912,0.3212,0.5074,0.516,0.4458,0.4938,0.99,0.22, 0.452,0.762,0.2385,0.428,0.628,0.204,0.401,0.752,0.0812,0.1566,
0.5028,0.628,0.3218,0.498,0.942,0.2042,0.438,0.62,0.2473,0.4192,0.756,0.1509, 0.415,0.296,0.3255, 0.3874,0.582,0.1563, 0.5342,0.912,0.3212,0.519,0.124,0.5556,0.5088,0.728,0.3275, 0.495,0.696,0.289,0.452,0.762,0.2385,0.3952,0.71,0.1271,0.2629,
0.5088,0.728,0.3275,0.498,0.942,0.2042,0.4776,0.36,0.4338,0.452,0.762,0.2385, 0.415,0.296,0.3255, 0.4144,0.82,0.0919, 0.5028,0.628,0.3218,0.438,0.62,0.2473,0.4192,0.756,0.1509, 0.401,0.752,0.0812,0.3952,0.71,0.1271,0.3874,0.582,0.1563,0.2933,
0.519,0.124,0.5556,0.5074,0.516,0.4458,0.498,0.942,0.2042,0.495,0.696,0.289, 0.4776,0.36,0.4338, 0.3792,0.094,0.287, 0.452,0.762,0.2385,0.4382,0.83,0.1787,0.4264,0.742,0.1453, 0.4192,0.756,0.1509,0.4144,0.82,0.0919,0.388,0.286,0.2633,0.0641,
0.5342,0.912,0.3212,0.498,0.942,0.2042,0.4938,0.99,0.22,0.4812,0.956,0.1934, 0.4776,0.36,0.4338, 0.428,0.628,0.204, 0.519,0.124,0.5556,0.5074,0.516,0.4458,0.415,0.506,0.2668, 0.4144,0.82,0.0919,0.3952,0.71,0.1271,0.388,0.286,0.2633,0.2152,
0.5342,0.912,0.3212,0.495,0.696,0.289,0.4938,0.99,0.22,0.4812,0.956,0.1934, 0.4568,0.524,0.3299, 0.4192,0.756,0.1509, 0.5028,0.628,0.3218,0.498,0.942,0.2042,0.438,0.62,0.2473, 0.428,0.628,0.204,0.4264,0.742,0.1453,0.3874,0.582,0.1563,0.3156,
0.4526,0.942,0.1358,0.452,0.762,0.2385,0.4382,0.83,0.1787,0.4192,0.756,0.1509, 0.415,0.296,0.3255, 0.401,0.752,0.0812, 0.5074,0.516,0.4458,0.5028,0.628,0.3218,0.4938,0.99,0.22, 0.4812,0.956,0.1934,0.4264,0.742,0.1453,0.415,0.506,0.2668,0.2688,
0.5088,0.728,0.3275,0.4412,0.808,0.1913,0.3952,0.71,0.1271,0.388,0.286,0.2633, 0.3874,0.582,0.1563, 0.3792,0.094,0.287, 0.519,0.124,0.5556,0.498,0.942,0.2042,0.4776,0.36,0.4338, 0.4382,0.83,0.1787,0.428,0.628,0.204,0.4036,0.698,0.1109,0.2604,
0.4776,0.36,0.4338,0.4526,0.942,0.1358,0.4412,0.808,0.1913,0.438,0.62,0.2473, 0.4036,0.698,0.1109, 0.401,0.752,0.0812, 0.5342,0.912,0.3212,0.495,0.696,0.289,0.4812,0.956,0.1934, 0.4568,0.524,0.3299,0.4382,0.83,0.1787,0.428,0.628,0.204,0.3275,
0.5074,0.516,0.4458,0.5028,0.628,0.3218,0.401,0.752,0.0812,0.3952,0.71,0.1271, 0.3916,0.426,0.2104, 0.3874,0.582,0.1563, 0.5088,0.728,0.3275,0.4938,0.99,0.22,0.4812,0.956,0.1934, 0.4412,0.808,0.1913,0.4382,0.83,0.1787,0.438,0.62,0.2473,0.2743,
0.5342,0.912,0.3212,0.495,0.696,0.289,0.4938,0.99,0.22,0.4776,0.36,0.4338, 0.4412,0.808,0.1913, 0.4382,0.83,0.1787, 0.5088,0.728,0.3275,0.498,0.942,0.2042,0.4192,0.756,0.1509, 0.415,0.506,0.2668,0.3916,0.426,0.2104,0.3874,0.582,0.1563,0.1761,
0.4568,0.524,0.3299,0.4412,0.808,0.1913,0.415,0.506,0.2668,0.401,0.752,0.0812, 0.3952,0.71,0.1271, 0.3916,0.426,0.2104, 0.5074,0.516,0.4458,0.495,0.696,0.289,0.4812,0.956,0.1934, 0.4584,0.668,0.2318,0.428,0.628,0.204,0.3874,0.582,0.1563,0.3097,
0.5342,0.912,0.3212,0.519,0.124,0.5556,0.5088,0.728,0.3275,0.4776,0.36,0.4338, 0.4526,0.942,0.1358, 0.401,0.752,0.0812, 0.4812,0.956,0.1934,0.4412,0.808,0.1913,0.428,0.628,0.204, 0.415,0.296,0.3255,0.388,0.286,0.2633,0.3874,0.582,0.1563,0.0282,
0.5342,0.912,0.3212,0.519,0.124,0.5556,0.4938,0.99,0.22,0.4812,0.956,0.1934, 0.4776,0.36,0.4338, 0.401,0.752,0.0812, 0.5088,0.728,0.3275,0.4584,0.668,0.2318,0.4412,0.808,0.1913, 0.428,0.628,0.204,0.3916,0.426,0.2104,0.388,0.286,0.2633,0.1262,
0.5342,0.912,0.3212,0.5088,0.728,0.3275,0.5028,0.628,0.3218,0.495,0.696,0.289, 0.4412,0.808,0.1913, 0.4144,0.82,0.0919, 0.4812,0.956,0.1934,0.442,0.842,0.1547,0.4382,0.83,0.1787, 0.4264,0.742,0.1453,0.3916,0.426,0.2104,0.388,0.286,0.2633,0.0829,
0.5342,0.912,0.3212,0.495,0.696,0.289,0.4812,0.956,0.1934,0.438,0.62,0.2473, 0.415,0.296,0.3255, 0.3952,0.71,0.1271, 0.442,0.842,0.1547,0.4412,0.808,0.1913,0.4264,0.742,0.1453, 0.4144,0.82,0.0919,0.3916,0.426,0.2104,0.3792,0.094,0.287,0.1416,
0.5074,0.516,0.4458,0.498,0.942,0.2042,0.4568,0.524,0.3299,0.4382,0.83,0.1787, 0.3952,0.71,0.1271, 0.3916,0.426,0.2104, 0.5342,0.912,0.3212,0.519,0.124,0.5556,0.5088,0.728,0.3275, 0.5028,0.628,0.3218,0.495,0.696,0.289,0.442,0.842,0.1547,0.2186,
0.519,0.124,0.5556,0.495,0.696,0.289,0.4264,0.742,0.1453,0.415,0.296,0.3255, 0.3916,0.426,0.2104, 0.388,0.286,0.2633, 0.5342,0.912,0.3212,0.5088,0.728,0.3275,0.4938,0.99,0.22, 0.4568,0.524,0.3299,0.4412,0.808,0.1913,0.4036,0.698,0.1109,0.3011,
0.4812,0.956,0.1934,0.4526,0.942,0.1358,0.428,0.628,0.204,0.4264,0.742,0.1453, 0.4036,0.698,0.1109, 0.3916,0.426,0.2104, 0.519,0.124,0.5556,0.5074,0.516,0.4458,0.4938,0.99,0.22, 0.452,0.762,0.2385,0.415,0.296,0.3255,0.3952,0.71,0.1271,0.2611,
0.5088,0.728,0.3275,0.4264,0.742,0.1453,0.4192,0.756,0.1509,0.415,0.296,0.3255, 0.4144,0.82,0.0919, 0.3874,0.582,0.1563, 0.519,0.124,0.5556,0.5074,0.516,0.4458,0.495,0.696,0.289, 0.4584,0.668,0.2318,0.4526,0.942,0.1358,0.452,0.762,0.2385,0.0687,
0.498,0.942,0.2042,0.442,0.842,0.1547,0.4412,0.808,0.1913,0.401,0.752,0.0812, 0.388,0.286,0.2633, 0.3792,0.094,0.287, 0.495,0.696,0.289,0.4938,0.99,0.22,0.4812,0.956,0.1934, 0.4526,0.942,0.1358,0.428,0.628,0.204,0.4264,0.742,0.1453,0.3055,
0.519,0.124,0.5556,0.5074,0.516,0.4458,0.5028,0.628,0.3218,0.4526,0.942,0.1358, 0.452,0.762,0.2385, 0.3916,0.426,0.2104, 0.4568,0.524,0.3299,0.442,0.842,0.1547,0.4382,0.83,0.1787, 0.428,0.628,0.204,0.4144,0.82,0.0919,0.401,0.752,0.0812,0.2618,
0.5088,0.728,0.3275,0.5028,0.628,0.3218,0.4036,0.698,0.1109,0.3952,0.71,0.1271, 0.3874,0.582,0.1563, 0.3792,0.094,0.287, 0.5074,0.516,0.4458,0.498,0.942,0.2042,0.4812,0.956,0.1934, 0.4584,0.668,0.2318,0.4382,0.83,0.1787,0.4192,0.756,0.1509,0.2399,
0.495,0.696,0.289,0.4584,0.668,0.2318,0.4264,0.742,0.1453,0.415,0.296,0.3255, 0.415,0.506,0.2668, 0.388,0.286,0.2633, 0.519,0.124,0.5556,0.5088,0.728,0.3275,0.4812,0.956,0.1934, 0.4776,0.36,0.4338,0.4382,0.83,0.1787,0.438,0.62,0.2473,0.1614,
0.5074,0.516,0.4458,0.442,0.842,0.1547,0.438,0.62,0.2473,0.415,0.296,0.3255, 0.4144,0.82,0.0919, 0.3792,0.094,0.287, 0.5342,0.912,0.3212,0.519,0.124,0.5556,0.5088,0.728,0.3275, 0.4568,0.524,0.3299,0.4526,0.942,0.1358,0.428,0.628,0.204,0.1236,
0.5028,0.628,0.3218,0.495,0.696,0.289,0.4568,0.524,0.3299,0.442,0.842,0.1547, 0.4412,0.808,0.1913, 0.4036,0.698,0.1109, 0.428,0.628,0.204,0.4192,0.756,0.1509,0.3952,0.71,0.1271, 0.3916,0.426,0.2104,0.388,0.286,0.2633,0.3792,0.094,0.287,0.0189,
0.4938,0.99,0.22,0.4412,0.808,0.1913,0.4192,0.756,0.1509,0.4144,0.82,0.0919, 0.3952,0.71,0.1271, 0.3916,0.426,0.2104, 0.5074,0.516,0.4458,0.498,0.942,0.2042,0.4812,0.956,0.1934, 0.4776,0.36,0.4338,0.4264,0.742,0.1453,0.415,0.296,0.3255,0.2548,
0.5342,0.912,0.3212,0.5028,0.628,0.3218,0.4938,0.99,0.22,0.4776,0.36,0.4338, 0.4584,0.668,0.2318, 0.4036,0.698,0.1109, 0.519,0.124,0.5556,0.4382,0.83,0.1787,0.4264,0.742,0.1453, 0.415,0.296,0.3255,0.4144,0.82,0.0919,0.388,0.286,0.2633,0.2171,
0.519,0.124,0.5556,0.5028,0.628,0.3218,0.4938,0.99,0.22,0.4776,0.36,0.4338, 0.4412,0.808,0.1913, 0.428,0.628,0.204, 0.452,0.762,0.2385,0.4382,0.83,0.1787,0.438,0.62,0.2473, 0.4192,0.756,0.1509,0.4036,0.698,0.1109,0.3792,0.094,0.287,0.0378,
0.495,0.696,0.289,0.4382,0.83,0.1787,0.428,0.628,0.204,0.415,0.296,0.3255, 0.3952,0.71,0.1271, 0.388,0.286,0.2633, 0.5342,0.912,0.3212,0.5088,0.728,0.3275,0.5028,0.628,0.3218, 0.4568,0.524,0.3299,0.4526,0.942,0.1358,0.3792,0.094,0.287,0.2461,
0.498,0.942,0.2042,0.495,0.696,0.289,0.4144,0.82,0.0919,0.4036,0.698,0.1109, 0.3952,0.71,0.1271, 0.3792,0.094,0.287, 0.519,0.124,0.5556,0.5088,0.728,0.3275,0.5074,0.516,0.4458, 0.4412,0.808,0.1913,0.438,0.62,0.2473,0.3916,0.426,0.2104,0.1883,
0.519,0.124,0.5556,0.4938,0.99,0.22,0.452,0.762,0.2385,0.4412,0.808,0.1913, 0.4382,0.83,0.1787, 0.428,0.628,0.204, 0.4776,0.36,0.4338,0.4526,0.942,0.1358,0.4264,0.742,0.1453, 0.4192,0.756,0.1509,0.401,0.752,0.0812,0.388,0.286,0.2633,0.3008,
0.5074,0.516,0.4458,0.4938,0.99,0.22,0.442,0.842,0.1547,0.4412,0.808,0.1913, 0.438,0.62,0.2473, 0.415,0.506,0.2668, 0.4776,0.36,0.4338,0.4382,0.83,0.1787,0.428,0.628,0.204, 0.4036,0.698,0.1109,0.3874,0.582,0.1563,0.3792,0.094,0.287,0.2127,
0.5342,0.912,0.3212,0.4938,0.99,0.22,0.4776,0.36,0.4338,0.4382,0.83,0.1787, 0.4192,0.756,0.1509, 0.3952,0.71,0.1271, 0.5028,0.628,0.3218,0.442,0.842,0.1547,0.438,0.62,0.2473, 0.4036,0.698,0.1109,0.3874,0.582,0.1563,0.3792,0.094,0.287,0.231,
0.5342,0.912,0.3212,0.4938,0.99,0.22,0.4812,0.956,0.1934,0.4776,0.36,0.4338, 0.452,0.762,0.2385, 0.4192,0.756,0.1509, 0.5088,0.728,0.3275,0.4526,0.942,0.1358,0.415,0.296,0.3255, 0.4036,0.698,0.1109,0.3916,0.426,0.2104,0.3874,0.582,0.1563,0.0106,
0.498,0.942,0.2042,0.4584,0.668,0.2318,0.4192,0.756,0.1509,0.401,0.752,0.0812, 0.3952,0.71,0.1271, 0.3874,0.582,0.1563, 0.5088,0.728,0.3275,0.5028,0.628,0.3218,0.495,0.696,0.289, 0.4776,0.36,0.4338,0.438,0.62,0.2473,0.4144,0.82,0.0919,0.172,
0.519,0.124,0.5556,0.5074,0.516,0.4458,0.5028,0.628,0.3218,0.4812,0.956,0.1934, 0.442,0.842,0.1547, 0.3952,0.71,0.1271, 0.5088,0.728,0.3275,0.4568,0.524,0.3299,0.4264,0.742,0.1453, 0.415,0.296,0.3255,0.4144,0.82,0.0919,0.3792,0.094,0.287,0.2473,
0.519,0.124,0.5556,0.4526,0.942,0.1358,0.428,0.628,0.204,0.401,0.752,0.0812, 0.3874,0.582,0.1563, 0.3792,0.094,0.287, 0.5088,0.728,0.3275,0.5074,0.516,0.4458,0.498,0.942,0.2042, 0.4568,0.524,0.3299,0.442,0.842,0.1547,0.4264,0.742,0.1453,0.1007,
0.5342,0.912,0.3212,0.519,0.124,0.5556,0.4938,0.99,0.22,0.442,0.842,0.1547, 0.428,0.628,0.204, 0.388,0.286,0.2633, 0.5028,0.628,0.3218,0.4526,0.942,0.1358,0.4264,0.742,0.1453, 0.415,0.296,0.3255,0.4036,0.698,0.1109,0.3952,0.71,0.1271,0.3259,
0.5088,0.728,0.3275,0.5074,0.516,0.4458,0.498,0.942,0.2042,0.4776,0.36,0.4338, 0.4382,0.83,0.1787, 0.438,0.62,0.2473, 0.519,0.124,0.5556,0.4812,0.956,0.1934,0.4412,0.808,0.1913, 0.428,0.628,0.204,0.4264,0.742,0.1453,0.3792,0.094,0.287,0.3048,
0.4812,0.956,0.1934,0.4264,0.742,0.1453,0.4036,0.698,0.1109,0.401,0.752,0.0812, 0.388,0.286,0.2633, 0.3874,0.582,0.1563, 0.5074,0.516,0.4458,0.5028,0.628,0.3218,0.498,0.942,0.2042, 0.4938,0.99,0.22,0.3916,0.426,0.2104,0.3792,0.094,0.287,0.1335,
0.5342,0.912,0.3212,0.452,0.762,0.2385,0.4412,0.808,0.1913,0.4192,0.756,0.1509, 0.415,0.296,0.3255, 0.4036,0.698,0.1109, 0.4938,0.99,0.22,0.401,0.752,0.0812,0.3916,0.426,0.2104, 0.388,0.286,0.2633,0.3874,0.582,0.1563,0.3792,0.094,0.287,0.2424,
0.519,0.124,0.5556,0.5088,0.728,0.3275,0.4568,0.524,0.3299,0.452,0.762,0.2385, 0.4412,0.808,0.1913, 0.3952,0.71,0.1271, 0.5074,0.516,0.4458,0.4382,0.83,0.1787,0.415,0.506,0.2668, 0.388,0.286,0.2633,0.3874,0.582,0.1563,0.3792,0.094,0.287,0.2546,
0.498,0.942,0.2042,0.428,0.628,0.204,0.4264,0.742,0.1453,0.4036,0.698,0.1109, 0.3952,0.71,0.1271, 0.3874,0.582,0.1563, 0.5088,0.728,0.3275,0.4938,0.99,0.22,0.4568,0.524,0.3299, 0.4526,0.942,0.1358,0.4412,0.808,0.1913,0.388,0.286,0.2633,0.2864,
0.4812,0.956,0.1934,0.452,0.762,0.2385,0.438,0.62,0.2473,0.428,0.628,0.204, 0.401,0.752,0.0812, 0.3792,0.094,0.287, 0.519,0.124,0.5556,0.5074,0.516,0.4458,0.4938,0.99,0.22, 0.4584,0.668,0.2318,0.415,0.506,0.2668,0.3952,0.71,0.1271,0.3068,
0.5074,0.516,0.4458,0.442,0.842,0.1547,0.4264,0.742,0.1453,0.4036,0.698,0.1109, 0.3916,0.426,0.2104, 0.3792,0.094,0.287, 0.519,0.124,0.5556,0.498,0.942,0.2042,0.4938,0.99,0.22, 0.4812,0.956,0.1934,0.4776,0.36,0.4338,0.3874,0.582,0.1563,0.0455,
0.5088,0.728,0.3275,0.4412,0.808,0.1913,0.428,0.628,0.204,0.4192,0.756,0.1509, 0.4036,0.698,0.1109, 0.3792,0.094,0.287, 0.5342,0.912,0.3212,0.519,0.124,0.5556,0.495,0.696,0.289, 0.4584,0.668,0.2318,0.442,0.842,0.1547,0.388,0.286,0.2633,0.2686,
0.519,0.124,0.5556,0.5028,0.628,0.3218,0.498,0.942,0.2042,0.4812,0.956,0.1934, 0.428,0.628,0.204, 0.4264,0.742,0.1453, 0.4776,0.36,0.4338,0.4526,0.942,0.1358,0.4192,0.756,0.1509, 0.415,0.506,0.2668,0.3952,0.71,0.1271,0.3792,0.094,0.287,0.216,
0.452,0.762,0.2385,0.442,0.842,0.1547,0.428,0.628,0.204,0.4264,0.742,0.1453, 0.3952,0.71,0.1271, 0.3916,0.426,0.2104, 0.519,0.124,0.5556,0.495,0.696,0.289,0.4568,0.524,0.3299, 0.4526,0.942,0.1358,0.4382,0.83,0.1787,0.4192,0.756,0.1509,0.2839,
0.5088,0.728,0.3275,0.4812,0.956,0.1934,0.4382,0.83,0.1787,0.4264,0.742,0.1453, 0.401,0.752,0.0812, 0.3874,0.582,0.1563, 0.5342,0.912,0.3212,0.5074,0.516,0.4458,0.498,0.942,0.2042, 0.4938,0.99,0.22,0.4776,0.36,0.4338,0.415,0.296,0.3255,0.064,
0.5074,0.516,0.4458,0.4526,0.942,0.1358,0.415,0.506,0.2668,0.4036,0.698,0.1109, 0.401,0.752,0.0812, 0.3792,0.094,0.287, 0.498,0.942,0.2042,0.495,0.696,0.289,0.4938,0.99,0.22, 0.4776,0.36,0.4338,0.4382,0.83,0.1787,0.4144,0.82,0.0919,0.2281,
0.5342,0.912,0.3212,0.498,0.942,0.2042,0.495,0.696,0.289,0.4938,0.99,0.22, 0.4264,0.742,0.1453, 0.415,0.506,0.2668, 0.4776,0.36,0.4338,0.4568,0.524,0.3299,0.442,0.842,0.1547, 0.4192,0.756,0.1509,0.415,0.296,0.3255,0.3916,0.426,0.2104,0.3045,
0.498,0.942,0.2042,0.4526,0.942,0.1358,0.4382,0.83,0.1787,0.3916,0.426,0.2104, 0.388,0.286,0.2633, 0.3874,0.582,0.1563, 0.5342,0.912,0.3212,0.5028,0.628,0.3218,0.4938,0.99,0.22, 0.452,0.762,0.2385,0.4412,0.808,0.1913,0.4144,0.82,0.0919,0.1394,
0.4938,0.99,0.22,0.4526,0.942,0.1358,0.442,0.842,0.1547,0.401,0.752,0.0812, 0.3874,0.582,0.1563, 0.3792,0.094,0.287, 0.5342,0.912,0.3212,0.5028,0.628,0.3218,0.4812,0.956,0.1934, 0.438,0.62,0.2473,0.428,0.628,0.204,0.3952,0.71,0.1271,0.3022,
0.452,0.762,0.2385,0.4382,0.83,0.1787,0.438,0.62,0.2473,0.4264,0.742,0.1453, 0.4192,0.756,0.1509, 0.4036,0.698,0.1109, 0.5088,0.728,0.3275,0.495,0.696,0.289,0.4938,0.99,0.22, 0.4776,0.36,0.4338,0.4526,0.942,0.1358,0.4412,0.808,0.1913,0.1391,
0.5342,0.912,0.3212,0.5088,0.728,0.3275,0.4812,0.956,0.1934,0.4412,0.808,0.1913, 0.415,0.296,0.3255, 0.3952,0.71,0.1271, 0.5028,0.628,0.3218,0.452,0.762,0.2385,0.415,0.506,0.2668, 0.4144,0.82,0.0919,0.3874,0.582,0.1563,0.3792,0.094,0.287,0.2698,
0.495,0.696,0.289,0.4526,0.942,0.1358,0.4264,0.742,0.1453,0.4192,0.756,0.1509, 0.3874,0.582,0.1563, 0.3792,0.094,0.287, 0.4938,0.99,0.22,0.4776,0.36,0.4338,0.4568,0.524,0.3299, 0.452,0.762,0.2385,0.4412,0.808,0.1913,0.438,0.62,0.2473,0.2092,
0.5342,0.912,0.3212,0.519,0.124,0.5556,0.5028,0.628,0.3218,0.4526,0.942,0.1358, 0.4192,0.756,0.1509, 0.3792,0.094,0.287, 0.498,0.942,0.2042,0.4264,0.742,0.1453,0.415,0.506,0.2668, 0.4144,0.82,0.0919,0.3952,0.71,0.1271,0.3874,0.582,0.1563,0.2661,
0.5088,0.728,0.3275,0.495,0.696,0.289,0.4584,0.668,0.2318,0.4382,0.83,0.1787, 0.4192,0.756,0.1509, 0.4144,0.82,0.0919, 0.438,0.62,0.2473,0.4264,0.742,0.1453,0.401,0.752,0.0812, 0.3916,0.426,0.2104,0.388,0.286,0.2633,0.3874,0.582,0.1563,0.1238,
0.519,0.124,0.5556,0.5074,0.516,0.4458,0.495,0.696,0.289,0.4526,0.942,0.1358, 0.428,0.628,0.204, 0.3952,0.71,0.1271, 0.4584,0.668,0.2318,0.452,0.762,0.2385,0.4264,0.742,0.1453, 0.415,0.296,0.3255,0.401,0.752,0.0812,0.3916,0.426,0.2104,0.2339,
0.519,0.124,0.5556,0.495,0.696,0.289,0.4938,0.99,0.22,0.4812,0.956,0.1934, 0.4526,0.942,0.1358, 0.4412,0.808,0.1913, 0.5028,0.628,0.3218,0.498,0.942,0.2042,0.442,0.842,0.1547, 0.4036,0.698,0.1109,0.388,0.286,0.2633,0.3792,0.094,0.287,0.103,
0.495,0.696,0.289,0.4568,0.524,0.3299,0.4412,0.808,0.1913,0.4382,0.83,0.1787, 0.4264,0.742,0.1453, 0.415,0.506,0.2668, 0.5342,0.912,0.3212,0.5088,0.728,0.3275,0.5074,0.516,0.4458, 0.498,0.942,0.2042,0.4812,0.956,0.1934,0.3916,0.426,0.2104,0.3096,
0.5342,0.912,0.3212,0.4812,0.956,0.1934,0.4568,0.524,0.3299,0.452,0.762,0.2385, 0.438,0.62,0.2473, 0.4036,0.698,0.1109, 0.4776,0.36,0.4338,0.4264,0.742,0.1453,0.415,0.296,0.3255, 0.3952,0.71,0.1271,0.3916,0.426,0.2104,0.3792,0.094,0.287,0.1155,
0.4526,0.942,0.1358,0.442,0.842,0.1547,0.4144,0.82,0.0919,0.401,0.752,0.0812, 0.388,0.286,0.2633, 0.3874,0.582,0.1563, 0.5028,0.628,0.3218,0.4776,0.36,0.4338,0.4584,0.668,0.2318, 0.4568,0.524,0.3299,0.4264,0.742,0.1453,0.4036,0.698,0.1109,0.2959,
0.5074,0.516,0.4458,0.5028,0.628,0.3218,0.495,0.696,0.289,0.4584,0.668,0.2318, 0.4412,0.808,0.1913, 0.4036,0.698,0.1109, 0.442,0.842,0.1547,0.4382,0.83,0.1787,0.428,0.628,0.204, 0.415,0.506,0.2668,0.3952,0.71,0.1271,0.3916,0.426,0.2104,0.2256,
0.5342,0.912,0.3212,0.5088,0.728,0.3275,0.5074,0.516,0.4458,0.4412,0.808,0.1913, 0.4192,0.756,0.1509, 0.415,0.296,0.3255, 0.4776,0.36,0.4338,0.442,0.842,0.1547,0.4382,0.83,0.1787, 0.401,0.752,0.0812,0.388,0.286,0.2633,0.3792,0.094,0.287,0.0172,
0.5342,0.912,0.3212,0.5088,0.728,0.3275,0.4938,0.99,0.22,0.4526,0.942,0.1358, 0.442,0.842,0.1547, 0.4412,0.808,0.1913, 0.4776,0.36,0.4338,0.452,0.762,0.2385,0.428,0.628,0.204, 0.4264,0.742,0.1453,0.4144,0.82,0.0919,0.4036,0.698,0.1109,0.149,
0.5074,0.516,0.4458,0.498,0.942,0.2042,0.4938,0.99,0.22,0.4776,0.36,0.4338, 0.3952,0.71,0.1271, 0.3792,0.094,0.287, 0.4526,0.942,0.1358,0.428,0.628,0.204,0.4264,0.742,0.1453, 0.4192,0.756,0.1509,0.401,0.752,0.0812,0.388,0.286,0.2633,0.2118,
0.5088,0.728,0.3275,0.5028,0.628,0.3218,0.4776,0.36,0.4338,0.4584,0.668,0.2318, 0.452,0.762,0.2385, 0.4382,0.83,0.1787, 0.5342,0.912,0.3212,0.4412,0.808,0.1913,0.438,0.62,0.2473, 0.4192,0.756,0.1509,0.3874,0.582,0.1563,0.3792,0.094,0.287,0.3068,
0.5342,0.912,0.3212,0.519,0.124,0.5556,0.4938,0.99,0.22,0.4382,0.83,0.1787, 0.428,0.628,0.204, 0.401,0.752,0.0812, 0.5088,0.728,0.3275,0.4584,0.668,0.2318,0.438,0.62,0.2473, 0.3916,0.426,0.2104,0.3874,0.582,0.1563,0.3792,0.094,0.287,0.2297,
0.5074,0.516,0.4458,0.5028,0.628,0.3218,0.4938,0.99,0.22,0.4812,0.956,0.1934, 0.4568,0.524,0.3299, 0.442,0.842,0.1547, 0.495,0.696,0.289,0.4526,0.942,0.1358,0.452,0.762,0.2385, 0.428,0.628,0.204,0.4144,0.82,0.0919,0.4036,0.698,0.1109,0.1998,
0.519,0.124,0.5556,0.5088,0.728,0.3275,0.5074,0.516,0.4458,0.4568,0.524,0.3299, 0.4382,0.83,0.1787, 0.401,0.752,0.0812, 0.4938,0.99,0.22,0.438,0.62,0.2473,0.428,0.628,0.204, 0.415,0.296,0.3255,0.3916,0.426,0.2104,0.388,0.286,0.2633,0.1895,
0.5028,0.628,0.3218,0.442,0.842,0.1547,0.415,0.296,0.3255,0.4036,0.698,0.1109, 0.3916,0.426,0.2104, 0.388,0.286,0.2633, 0.519,0.124,0.5556,0.5088,0.728,0.3275,0.4938,0.99,0.22, 0.452,0.762,0.2385,0.4264,0.742,0.1453,0.4192,0.756,0.1509,0.1254,
0.4568,0.524,0.3299,0.4412,0.808,0.1913,0.428,0.628,0.204,0.4036,0.698,0.1109, 0.3916,0.426,0.2104, 0.388,0.286,0.2633, 0.5342,0.912,0.3212,0.5088,0.728,0.3275,0.5074,0.516,0.4458, 0.438,0.62,0.2473,0.4264,0.742,0.1453,0.3952,0.71,0.1271,0.0731,
0.4568,0.524,0.3299,0.4526,0.942,0.1358,0.428,0.628,0.204,0.4264,0.742,0.1453, 0.415,0.506,0.2668, 0.388,0.286,0.2633, 0.519,0.124,0.5556,0.5028,0.628,0.3218,0.498,0.942,0.2042, 0.452,0.762,0.2385,0.4382,0.83,0.1787,0.4192,0.756,0.1509,0.2779,
0.5342,0.912,0.3212,0.519,0.124,0.5556,0.4776,0.36,0.4338,0.452,0.762,0.2385, 0.415,0.296,0.3255, 0.415,0.506,0.2668, 0.4568,0.524,0.3299,0.4412,0.808,0.1913,0.428,0.628,0.204, 0.4144,0.82,0.0919,0.4036,0.698,0.1109,0.401,0.752,0.0812,0.0762,
0.5088,0.728,0.3275,0.5028,0.628,0.3218,0.498,0.942,0.2042,0.4584,0.668,0.2318, 0.442,0.842,0.1547, 0.4412,0.808,0.1913, 0.4938,0.99,0.22,0.4192,0.756,0.1509,0.415,0.506,0.2668, 0.4144,0.82,0.0919,0.4036,0.698,0.1109,0.3916,0.426,0.2104,0.1483,
0.519,0.124,0.5556,0.4382,0.83,0.1787,0.438,0.62,0.2473,0.428,0.628,0.204, 0.4036,0.698,0.1109, 0.3792,0.094,0.287, 0.5074,0.516,0.4458,0.498,0.942,0.2042,0.4938,0.99,0.22, 0.4812,0.956,0.1934,0.442,0.842,0.1547,0.415,0.506,0.2668,0.2079,
0.442,0.842,0.1547,0.438,0.62,0.2473,0.4192,0.756,0.1509,0.3916,0.426,0.2104, 0.3874,0.582,0.1563, 0.3792,0.094,0.287, 0.5074,0.516,0.4458,0.4812,0.956,0.1934,0.4776,0.36,0.4338, 0.4264,0.742,0.1453,0.4144,0.82,0.0919,0.4036,0.698,0.1109,0.2427,
0.452,0.762,0.2385,0.4412,0.808,0.1913,0.4264,0.742,0.1453,0.415,0.296,0.3255, 0.4036,0.698,0.1109, 0.401,0.752,0.0812, 0.5088,0.728,0.3275,0.495,0.696,0.289,0.4938,0.99,0.22, 0.4812,0.956,0.1934,0.438,0.62,0.2473,0.415,0.506,0.2668,0.0919,
0.519,0.124,0.5556,0.5074,0.516,0.4458,0.5028,0.628,0.3218,0.498,0.942,0.2042, 0.4584,0.668,0.2318, 0.442,0.842,0.1547, 0.4812,0.956,0.1934,0.4776,0.36,0.4338,0.4264,0.742,0.1453, 0.415,0.296,0.3255,0.4036,0.698,0.1109,0.3916,0.426,0.2104,0.0825,
0.519,0.124,0.5556,0.4264,0.742,0.1453,0.4192,0.756,0.1509,0.401,0.752,0.0812, 0.3952,0.71,0.1271, 0.3792,0.094,0.287, 0.5088,0.728,0.3275,0.5074,0.516,0.4458,0.495,0.696,0.289, 0.4584,0.668,0.2318,0.442,0.842,0.1547,0.415,0.506,0.2668,0.053,
0.5088,0.728,0.3275,0.5074,0.516,0.4458,0.495,0.696,0.289,0.4526,0.942,0.1358, 0.428,0.628,0.204, 0.3792,0.094,0.287, 0.452,0.762,0.2385,0.438,0.62,0.2473,0.4144,0.82,0.0919, 0.401,0.752,0.0812,0.3952,0.71,0.1271,0.3874,0.582,0.1563,0.2108,
0.5342,0.912,0.3212,0.5088,0.728,0.3275,0.5028,0.628,0.3218,0.495,0.696,0.289, 0.4036,0.698,0.1109, 0.401,0.752,0.0812, 0.4776,0.36,0.4338,0.4382,0.83,0.1787,0.438,0.62,0.2473, 0.4144,0.82,0.0919,0.3952,0.71,0.1271,0.3916,0.426,0.2104,0.3042,
0.5074,0.516,0.4458,0.495,0.696,0.289,0.4776,0.36,0.4338,0.4526,0.942,0.1358, 0.415,0.296,0.3255, 0.388,0.286,0.2633, 0.4812,0.956,0.1934,0.415,0.506,0.2668,0.4036,0.698,0.1109, 0.401,0.752,0.0812,0.3952,0.71,0.1271,0.3792,0.094,0.287,0.1452,
0.5088,0.728,0.3275,0.498,0.942,0.2042,0.495,0.696,0.289,0.4568,0.524,0.3299, 0.415,0.506,0.2668, 0.3952,0.71,0.1271, 0.4584,0.668,0.2318,0.4526,0.942,0.1358,0.428,0.628,0.204, 0.415,0.296,0.3255,0.388,0.286,0.2633,0.3874,0.582,0.1563,0.2689,
0.519,0.124,0.5556,0.4584,0.668,0.2318,0.438,0.62,0.2473,0.415,0.506,0.2668, 0.3952,0.71,0.1271, 0.3792,0.094,0.287, 0.5088,0.728,0.3275,0.5028,0.628,0.3218,0.495,0.696,0.289, 0.4568,0.524,0.3299,0.452,0.762,0.2385,0.4412,0.808,0.1913,0.2318,
0.519,0.124,0.5556,0.5088,0.728,0.3275,0.5028,0.628,0.3218,0.4584,0.668,0.2318, 0.428,0.628,0.204, 0.4192,0.756,0.1509, 0.4412,0.808,0.1913,0.4382,0.83,0.1787,0.4264,0.742,0.1453, 0.4144,0.82,0.0919,0.4036,0.698,0.1109,0.388,0.286,0.2633,0.1099,
0.4568,0.524,0.3299,0.442,0.842,0.1547,0.4382,0.83,0.1787,0.428,0.628,0.204, 0.4036,0.698,0.1109, 0.3916,0.426,0.2104, 0.519,0.124,0.5556,0.5074,0.516,0.4458,0.4526,0.942,0.1358, 0.452,0.762,0.2385,0.4192,0.756,0.1509,0.415,0.506,0.2668,0.3184,
0.5342,0.912,0.3212,0.5088,0.728,0.3275,0.5074,0.516,0.4458,0.4568,0.524,0.3299, 0.4526,0.942,0.1358, 0.442,0.842,0.1547, 0.4938,0.99,0.22,0.4776,0.36,0.4338,0.452,0.762,0.2385, 0.4412,0.808,0.1913,0.415,0.506,0.2668,0.3792,0.094,0.287,0.3256,
0.5074,0.516,0.4458,0.4938,0.99,0.22,0.4776,0.36,0.4338,0.452,0.762,0.2385, 0.428,0.628,0.204, 0.4144,0.82,0.0919, 0.5088,0.728,0.3275,0.4264,0.742,0.1453,0.4036,0.698,0.1109, 0.388,0.286,0.2633,0.3874,0.582,0.1563,0.3792,0.094,0.287,0.0217,
0.5088,0.728,0.3275,0.5074,0.516,0.4458,0.4776,0.36,0.4338,0.4526,0.942,0.1358, 0.452,0.762,0.2385, 0.438,0.62,0.2473, 0.495,0.696,0.289,0.4812,0.956,0.1934,0.442,0.842,0.1547, 0.4036,0.698,0.1109,0.401,0.752,0.0812,0.3792,0.094,0.287,0.0942,
0.519,0.124,0.5556,0.5088,0.728,0.3275,0.498,0.942,0.2042,0.4776,0.36,0.4338, 0.4192,0.756,0.1509, 0.3916,0.426,0.2104, 0.5028,0.628,0.3218,0.442,0.842,0.1547,0.415,0.296,0.3255, 0.4036,0.698,0.1109,0.3874,0.582,0.1563,0.3792,0.094,0.287,0.1162,
0.5028,0.628,0.3218,0.4526,0.942,0.1358,0.428,0.628,0.204,0.415,0.506,0.2668, 0.4144,0.82,0.0919, 0.401,0.752,0.0812, 0.519,0.124,0.5556,0.5074,0.516,0.4458,0.4812,0.956,0.1934, 0.4584,0.668,0.2318,0.438,0.62,0.2473,0.4192,0.756,0.1509,0.3058,
0.498,0.942,0.2042,0.4568,0.524,0.3299,0.442,0.842,0.1547,0.4264,0.742,0.1453, 0.4036,0.698,0.1109, 0.3792,0.094,0.287, 0.5342,0.912,0.3212,0.519,0.124,0.5556,0.495,0.696,0.289, 0.4776,0.36,0.4338,0.4412,0.808,0.1913,0.4192,0.756,0.1509,0.0799,
0.5342,0.912,0.3212,0.498,0.942,0.2042,0.4812,0.956,0.1934,0.4568,0.524,0.3299, 0.415,0.296,0.3255, 0.3952,0.71,0.1271, 0.438,0.62,0.2473,0.4264,0.742,0.1453,0.4192,0.756,0.1509, 0.4144,0.82,0.0919,0.3916,0.426,0.2104,0.388,0.286,0.2633,0.0461,
0.4382,0.83,0.1787,0.4192,0.756,0.1509,0.401,0.752,0.0812,0.388,0.286,0.2633, 0.3874,0.582,0.1563, 0.3792,0.094,0.287, 0.5088,0.728,0.3275,0.4938,0.99,0.22,0.4812,0.956,0.1934, 0.438,0.62,0.2473,0.3952,0.71,0.1271,0.3916,0.426,0.2104,0.0724,
0.5342,0.912,0.3212,0.4812,0.956,0.1934,0.4776,0.36,0.4338,0.438,0.62,0.2473, 0.428,0.628,0.204, 0.4144,0.82,0.0919, 0.498,0.942,0.2042,0.442,0.842,0.1547,0.415,0.506,0.2668, 0.4036,0.698,0.1109,0.401,0.752,0.0812,0.3916,0.426,0.2104,0.2655,
0.442,0.842,0.1547,0.4264,0.742,0.1453,0.4192,0.756,0.1509,0.4036,0.698,0.1109, 0.401,0.752,0.0812, 0.3874,0.582,0.1563, 0.5342,0.912,0.3212,0.519,0.124,0.5556,0.498,0.942,0.2042, 0.495,0.696,0.289,0.388,0.286,0.2633,0.3792,0.094,0.287,0.0394,
0.4526,0.942,0.1358,0.442,0.842,0.1547,0.415,0.506,0.2668,0.415,0.296,0.3255, 0.401,0.752,0.0812, 0.3916,0.426,0.2104, 0.519,0.124,0.5556,0.495,0.696,0.289,0.4938,0.99,0.22, 0.4776,0.36,0.4338,0.452,0.762,0.2385,0.3952,0.71,0.1271,0.0408,
0.519,0.124,0.5556,0.5088,0.728,0.3275,0.5028,0.628,0.3218,0.4938,0.99,0.22, 0.4776,0.36,0.4338, 0.442,0.842,0.1547, 0.5342,0.912,0.3212,0.4412,0.808,0.1913,0.4192,0.756,0.1509, 0.415,0.296,0.3255,0.3916,0.426,0.2104,0.3874,0.582,0.1563,0.0274,
0.4776,0.36,0.4338,0.452,0.762,0.2385,0.415,0.296,0.3255,0.4036,0.698,0.1109, 0.401,0.752,0.0812, 0.3874,0.582,0.1563, 0.5342,0.912,0.3212,0.5074,0.516,0.4458,0.498,0.942,0.2042, 0.4584,0.668,0.2318,0.4144,0.82,0.0919,0.3952,0.71,0.1271,0.234,
0.4584,0.668,0.2318,0.438,0.62,0.2473,0.415,0.296,0.3255,0.401,0.752,0.0812, 0.3952,0.71,0.1271, 0.3916,0.426,0.2104, 0.4812,0.956,0.1934,0.4776,0.36,0.4338,0.4568,0.524,0.3299, 0.452,0.762,0.2385,0.4382,0.83,0.1787,0.3874,0.582,0.1563,0.2953,
0.438,0.62,0.2473,0.4264,0.742,0.1453,0.4192,0.756,0.1509,0.401,0.752,0.0812, 0.3916,0.426,0.2104, 0.388,0.286,0.2633, 0.5088,0.728,0.3275,0.5028,0.628,0.3218,0.4776,0.36,0.4338, 0.4526,0.942,0.1358,0.3952,0.71,0.1271,0.3792,0.094,0.287,0.2583,
0.5074,0.516,0.4458,0.442,0.842,0.1547,0.4264,0.742,0.1453,0.415,0.506,0.2668, 0.4036,0.698,0.1109, 0.3874,0.582,0.1563, 0.5342,0.912,0.3212,0.4938,0.99,0.22,0.4776,0.36,0.4338, 0.4412,0.808,0.1913,0.4382,0.83,0.1787,0.415,0.296,0.3255,0.2749,
0.5342,0.912,0.3212,0.4938,0.99,0.22,0.4812,0.956,0.1934,0.4776,0.36,0.4338, 0.438,0.62,0.2473, 0.401,0.752,0.0812, 0.4568,0.524,0.3299,0.4382,0.83,0.1787,0.428,0.628,0.204, 0.415,0.506,0.2668,0.4144,0.82,0.0919,0.3874,0.582,0.1563,0.1823,
0.5342,0.912,0.3212,0.5088,0.728,0.3275,0.5028,0.628,0.3218,0.4776,0.36,0.4338, 0.4526,0.942,0.1358, 0.388,0.286,0.2633, 0.452,0.762,0.2385,0.442,0.842,0.1547,0.4382,0.83,0.1787, 0.438,0.62,0.2473,0.415,0.296,0.3255,0.3792,0.094,0.287,0.1742,
0.452,0.762,0.2385,0.4412,0.808,0.1913,0.4382,0.83,0.1787,0.4264,0.742,0.1453, 0.4144,0.82,0.0919, 0.401,0.752,0.0812, 0.5342,0.912,0.3212,0.519,0.124,0.5556,0.5088,0.728,0.3275, 0.4938,0.99,0.22,0.428,0.628,0.204,0.3792,0.094,0.287,0.186,
0.442,0.842,0.1547,0.4412,0.808,0.1913,0.4036,0.698,0.1109,0.3916,0.426,0.2104, 0.388,0.286,0.2633, 0.3792,0.094,0.287, 0.5088,0.728,0.3275,0.4938,0.99,0.22,0.4584,0.668,0.2318, 0.4526,0.942,0.1358,0.4192,0.756,0.1509,0.3874,0.582,0.1563,0.1538,
0.452,0.762,0.2385,0.428,0.628,0.204,0.4264,0.742,0.1453,0.4144,0.82,0.0919, 0.388,0.286,0.2633, 0.3792,0.094,0.287, 0.519,0.124,0.5556,0.5028,0.628,0.3218,0.4776,0.36,0.4338, 0.442,0.842,0.1547,0.415,0.296,0.3255,0.3952,0.71,0.1271,0.1876,
0.5342,0.912,0.3212,0.5074,0.516,0.4458,0.495,0.696,0.289,0.4938,0.99,0.22, 0.4192,0.756,0.1509, 0.3916,0.426,0.2104, 0.498,0.942,0.2042,0.4584,0.668,0.2318,0.452,0.762,0.2385, 0.401,0.752,0.0812,0.3952,0.71,0.1271,0.3874,0.582,0.1563,0.1977,
0.519,0.124,0.5556,0.5074,0.516,0.4458,0.495,0.696,0.289,0.4776,0.36,0.4338, 0.4526,0.942,0.1358, 0.438,0.62,0.2473, 0.498,0.942,0.2042,0.452,0.762,0.2385,0.4412,0.808,0.1913, 0.4382,0.83,0.1787,0.428,0.628,0.204,0.3874,0.582,0.1563,0.3063,
0.4938,0.99,0.22,0.4812,0.956,0.1934,0.4584,0.668,0.2318,0.4264,0.742,0.1453, 0.415,0.506,0.2668, 0.388,0.286,0.2633, 0.5342,0.912,0.3212,0.519,0.124,0.5556,0.5074,0.516,0.4458, 0.452,0.762,0.2385,0.438,0.62,0.2473,0.415,0.296,0.3255,0.3281,
0.4412,0.808,0.1913,0.415,0.506,0.2668,0.4144,0.82,0.0919,0.3952,0.71,0.1271, 0.3916,0.426,0.2104, 0.3792,0.094,0.287, 0.5028,0.628,0.3218,0.4938,0.99,0.22,0.4812,0.956,0.1934, 0.4526,0.942,0.1358,0.4036,0.698,0.1109,0.388,0.286,0.2633,0.2179,
0.4526,0.942,0.1358,0.4412,0.808,0.1913,0.401,0.752,0.0812,0.3916,0.426,0.2104, 0.388,0.286,0.2633, 0.3874,0.582,0.1563, 0.5028,0.628,0.3218,0.495,0.696,0.289,0.4584,0.668,0.2318, 0.4568,0.524,0.3299,0.452,0.762,0.2385,0.428,0.628,0.204,0.0508,
0.498,0.942,0.2042,0.4812,0.956,0.1934,0.452,0.762,0.2385,0.4382,0.83,0.1787, 0.428,0.628,0.204, 0.3874,0.582,0.1563, 0.4584,0.668,0.2318,0.4144,0.82,0.0919,0.3952,0.71,0.1271, 0.3916,0.426,0.2104,0.388,0.286,0.2633,0.3792,0.094,0.287,0.1422,
0.5342,0.912,0.3212,0.498,0.942,0.2042,0.4938,0.99,0.22,0.4568,0.524,0.3299, 0.415,0.296,0.3255, 0.4144,0.82,0.0919, 0.5088,0.728,0.3275,0.442,0.842,0.1547,0.4264,0.742,0.1453, 0.3952,0.71,0.1271,0.3916,0.426,0.2104,0.3874,0.582,0.1563,0.1975,
0.4568,0.524,0.3299,0.4526,0.942,0.1358,0.4192,0.756,0.1509,0.415,0.296,0.3255, 0.4144,0.82,0.0919, 0.401,0.752,0.0812, 0.5342,0.912,0.3212,0.5088,0.728,0.3275,0.4812,0.956,0.1934, 0.4776,0.36,0.4338,0.4412,0.808,0.1913,0.3952,0.71,0.1271,0.0976,
0.5342,0.912,0.3212,0.5074,0.516,0.4458,0.5028,0.628,0.3218,0.4776,0.36,0.4338, 0.4144,0.82,0.0919, 0.3874,0.582,0.1563, 0.4584,0.668,0.2318,0.4568,0.524,0.3299,0.4526,0.942,0.1358, 0.401,0.752,0.0812,0.3916,0.426,0.2104,0.3792,0.094,0.287,0.0665,
0.5342,0.912,0.3212,0.5074,0.516,0.4458,0.4776,0.36,0.4338,0.4568,0.524,0.3299, 0.4526,0.942,0.1358, 0.415,0.296,0.3255, 0.5028,0.628,0.3218,0.4812,0.956,0.1934,0.415,0.506,0.2668, 0.4036,0.698,0.1109,0.3916,0.426,0.2104,0.3792,0.094,0.287,0.0373,
0.4568,0.524,0.3299,0.428,0.628,0.204,0.4192,0.756,0.1509,0.415,0.296,0.3255, 0.4036,0.698,0.1109, 0.388,0.286,0.2633, 0.5074,0.516,0.4458,0.5028,0.628,0.3218,0.4776,0.36,0.4338, 0.4526,0.942,0.1358,0.452,0.762,0.2385,0.3792,0.094,0.287,0.218,
0.4412,0.808,0.1913,0.438,0.62,0.2473,0.4036,0.698,0.1109,0.3952,0.71,0.1271, 0.388,0.286,0.2633, 0.3874,0.582,0.1563, 0.519,0.124,0.5556,0.5088,0.728,0.3275,0.5028,0.628,0.3218, 0.4382,0.83,0.1787,0.4192,0.756,0.1509,0.4144,0.82,0.0919,0.0527,
0.519,0.124,0.5556,0.5074,0.516,0.4458,0.495,0.696,0.289,0.4584,0.668,0.2318, 0.4412,0.808,0.1913, 0.4192,0.756,0.1509, 0.5028,0.628,0.3218,0.4568,0.524,0.3299,0.438,0.62,0.2473, 0.4144,0.82,0.0919,0.3952,0.71,0.1271,0.3874,0.582,0.1563,0.2828,
0.4938,0.99,0.22,0.442,0.842,0.1547,0.401,0.752,0.0812,0.3952,0.71,0.1271, 0.3916,0.426,0.2104, 0.3874,0.582,0.1563, 0.5342,0.912,0.3212,0.5074,0.516,0.4458,0.4584,0.668,0.2318, 0.4526,0.942,0.1358,0.428,0.628,0.204,0.4144,0.82,0.0919,0.166,
0.5342,0.912,0.3212,0.519,0.124,0.5556,0.5074,0.516,0.4458,0.498,0.942,0.2042, 0.4584,0.668,0.2318, 0.4144,0.82,0.0919, 0.495,0.696,0.289,0.4568,0.524,0.3299,0.4412,0.808,0.1913, 0.4192,0.756,0.1509,0.415,0.296,0.3255,0.388,0.286,0.2633,0.1522,
0.495,0.696,0.289,0.428,0.628,0.204,0.4264,0.742,0.1453,0.4144,0.82,0.0919, 0.401,0.752,0.0812, 0.3792,0.094,0.287, 0.5074,0.516,0.4458,0.5028,0.628,0.3218,0.4584,0.668,0.2318, 0.442,0.842,0.1547,0.4382,0.83,0.1787,0.3916,0.426,0.2104,0.2921,
0.4568,0.524,0.3299,0.4382,0.83,0.1787,0.4264,0.742,0.1453,0.4144,0.82,0.0919, 0.3916,0.426,0.2104, 0.3874,0.582,0.1563, 0.5088,0.728,0.3275,0.5028,0.628,0.3218,0.498,0.942,0.2042, 0.4812,0.956,0.1934,0.4776,0.36,0.4338,0.388,0.286,0.2633,0.0358,
0.5342,0.912,0.3212,0.519,0.124,0.5556,0.5074,0.516,0.4458,0.4812,0.956,0.1934, 0.428,0.628,0.204, 0.388,0.286,0.2633, 0.4584,0.668,0.2318,0.452,0.762,0.2385,0.4412,0.808,0.1913, 0.415,0.296,0.3255,0.3874,0.582,0.1563,0.3792,0.094,0.287,0.043,
0.4526,0.942,0.1358,0.4412,0.808,0.1913,0.415,0.296,0.3255,0.4144,0.82,0.0919, 0.4036,0.698,0.1109, 0.401,0.752,0.0812, 0.5028,0.628,0.3218,0.4812,0.956,0.1934,0.4776,0.36,0.4338, 0.442,0.842,0.1547,0.428,0.628,0.204,0.4192,0.756,0.1509,0.3097,
0.495,0.696,0.289,0.4412,0.808,0.1913,0.4192,0.756,0.1509,0.4036,0.698,0.1109, 0.3916,0.426,0.2104, 0.3792,0.094,0.287, 0.519,0.124,0.5556,0.4776,0.36,0.4338,0.4584,0.668,0.2318, 0.452,0.762,0.2385,0.438,0.62,0.2473,0.4144,0.82,0.0919,0.2574,
0.5088,0.728,0.3275,0.442,0.842,0.1547,0.415,0.506,0.2668,0.4036,0.698,0.1109, 0.3916,0.426,0.2104, 0.3792,0.094,0.287, 0.519,0.124,0.5556,0.4812,0.956,0.1934,0.4776,0.36,0.4338, 0.4412,0.808,0.1913,0.428,0.628,0.204,0.4264,0.742,0.1453,0.2791,
0.519,0.124,0.5556,0.452,0.762,0.2385,0.415,0.506,0.2668,0.415,0.296,0.3255, 0.3916,0.426,0.2104, 0.388,0.286,0.2633, 0.5074,0.516,0.4458,0.5028,0.628,0.3218,0.498,0.942,0.2042, 0.4812,0.956,0.1934,0.438,0.62,0.2473,0.4144,0.82,0.0919,0.3137,
0.5342,0.912,0.3212,0.5088,0.728,0.3275,0.4584,0.668,0.2318,0.4526,0.942,0.1358, 0.415,0.296,0.3255, 0.415,0.506,0.2668, 0.4568,0.524,0.3299,0.4412,0.808,0.1913,0.438,0.62,0.2473, 0.428,0.628,0.204,0.3874,0.582,0.1563,0.3792,0.094,0.287,0.2554,
0.5074,0.516,0.4458,0.498,0.942,0.2042,0.4938,0.99,0.22,0.4584,0.668,0.2318, 0.442,0.842,0.1547, 0.4382,0.83,0.1787, 0.4776,0.36,0.4338,0.4526,0.942,0.1358,0.452,0.762,0.2385, 0.3916,0.426,0.2104,0.3874,0.582,0.1563,0.3792,0.094,0.287,0.121,
0.4568,0.524,0.3299,0.428,0.628,0.204,0.4036,0.698,0.1109,0.3952,0.71,0.1271, 0.3916,0.426,0.2104, 0.3874,0.582,0.1563, 0.519,0.124,0.5556,0.5028,0.628,0.3218,0.4584,0.668,0.2318, 0.452,0.762,0.2385,0.4192,0.756,0.1509,0.415,0.506,0.2668,0.116,
0.5088,0.728,0.3275,0.428,0.628,0.204,0.401,0.752,0.0812,0.3952,0.71,0.1271, 0.3916,0.426,0.2104, 0.3874,0.582,0.1563, 0.519,0.124,0.5556,0.498,0.942,0.2042,0.4938,0.99,0.22, 0.452,0.762,0.2385,0.442,0.842,0.1547,0.388,0.286,0.2633,0.1444,
0.4812,0.956,0.1934,0.4412,0.808,0.1913,0.4382,0.83,0.1787,0.415,0.296,0.3255, 0.388,0.286,0.2633, 0.3874,0.582,0.1563, 0.5342,0.912,0.3212,0.519,0.124,0.5556,0.5088,0.728,0.3275, 0.4584,0.668,0.2318,0.442,0.842,0.1547,0.4036,0.698,0.1109,0.2117,
0.519,0.124,0.5556,0.4382,0.83,0.1787,0.438,0.62,0.2473,0.4192,0.756,0.1509, 0.3874,0.582,0.1563, 0.3792,0.094,0.287, 0.5088,0.728,0.3275,0.5074,0.516,0.4458,0.4776,0.36,0.4338, 0.452,0.762,0.2385,0.442,0.842,0.1547,0.415,0.296,0.3255,0.2413,
0.5088,0.728,0.3275,0.5074,0.516,0.4458,0.498,0.942,0.2042,0.4776,0.36,0.4338, 0.4192,0.756,0.1509, 0.415,0.296,0.3255, 0.5028,0.628,0.3218,0.4264,0.742,0.1453,0.415,0.506,0.2668, 0.4036,0.698,0.1109,0.401,0.752,0.0812,0.388,0.286,0.2633,0.0176,
0.495,0.696,0.289,0.4938,0.99,0.22,0.4412,0.808,0.1913,0.415,0.296,0.3255, 0.3874,0.582,0.1563, 0.3792,0.094,0.287, 0.5342,0.912,0.3212,0.519,0.124,0.5556,0.5074,0.516,0.4458, 0.4568,0.524,0.3299,0.428,0.628,0.204,0.388,0.286,0.2633,0.3059,
0.4812,0.956,0.1934,0.4776,0.36,0.4338,0.4584,0.668,0.2318,0.442,0.842,0.1547, 0.4192,0.756,0.1509, 0.3916,0.426,0.2104, 0.5074,0.516,0.4458,0.5028,0.628,0.3218,0.498,0.942,0.2042, 0.4938,0.99,0.22,0.452,0.762,0.2385,0.4412,0.808,0.1913,0.2888,
0.442,0.842,0.1547,0.4412,0.808,0.1913,0.4264,0.742,0.1453,0.415,0.296,0.3255, 0.3952,0.71,0.1271, 0.3916,0.426,0.2104, 0.5342,0.912,0.3212,0.519,0.124,0.5556,0.495,0.696,0.289, 0.4526,0.942,0.1358,0.415,0.506,0.2668,0.401,0.752,0.0812,0.1589,
0.5074,0.516,0.4458,0.495,0.696,0.289,0.4776,0.36,0.4338,0.452,0.762,0.2385, 0.442,0.842,0.1547, 0.415,0.506,0.2668, 0.5342,0.912,0.3212,0.428,0.628,0.204,0.4264,0.742,0.1453, 0.4036,0.698,0.1109,0.3952,0.71,0.1271,0.388,0.286,0.2633,0.2398,
0.5088,0.728,0.3275,0.438,0.62,0.2473,0.4192,0.756,0.1509,0.415,0.506,0.2668, 0.3916,0.426,0.2104, 0.3874,0.582,0.1563, 0.5074,0.516,0.4458,0.498,0.942,0.2042,0.4812,0.956,0.1934, 0.4776,0.36,0.4338,0.4584,0.668,0.2318,0.4568,0.524,0.3299,0.0702,
0.5028,0.628,0.3218,0.4938,0.99,0.22,0.4812,0.956,0.1934,0.4584,0.668,0.2318, 0.4382,0.83,0.1787, 0.3874,0.582,0.1563, 0.452,0.762,0.2385,0.428,0.628,0.204,0.415,0.506,0.2668, 0.4144,0.82,0.0919,0.4036,0.698,0.1109,0.388,0.286,0.2633,0.255,
0.5028,0.628,0.3218,0.415,0.506,0.2668,0.4036,0.698,0.1109,0.401,0.752,0.0812, 0.3916,0.426,0.2104, 0.3874,0.582,0.1563, 0.5342,0.912,0.3212,0.495,0.696,0.289,0.4812,0.956,0.1934, 0.415,0.296,0.3255,0.4144,0.82,0.0919,0.388,0.286,0.2633,0.2964,
0.452,0.762,0.2385,0.4264,0.742,0.1453,0.415,0.506,0.2668,0.4144,0.82,0.0919, 0.388,0.286,0.2633, 0.3874,0.582,0.1563, 0.5074,0.516,0.4458,0.498,0.942,0.2042,0.4776,0.36,0.4338, 0.4584,0.668,0.2318,0.442,0.842,0.1547,0.438,0.62,0.2473,0.0125,
0.4938,0.99,0.22,0.4584,0.668,0.2318,0.4568,0.524,0.3299,0.415,0.296,0.3255, 0.4144,0.82,0.0919, 0.3916,0.426,0.2104, 0.5342,0.912,0.3212,0.5074,0.516,0.4458,0.5028,0.628,0.3218, 0.452,0.762,0.2385,0.4382,0.83,0.1787,0.4192,0.756,0.1509,0.2737,
0.5028,0.628,0.3218,0.498,0.942,0.2042,0.495,0.696,0.289,0.4568,0.524,0.3299, 0.4382,0.83,0.1787, 0.3916,0.426,0.2104, 0.4776,0.36,0.4338,0.442,0.842,0.1547,0.4192,0.756,0.1509, 0.415,0.506,0.2668,0.3874,0.582,0.1563,0.3792,0.094,0.287,0.3139,
0.5342,0.912,0.3212,0.5088,0.728,0.3275,0.4938,0.99,0.22,0.4812,0.956,0.1934, 0.4526,0.942,0.1358, 0.4382,0.83,0.1787, 0.498,0.942,0.2042,0.4568,0.524,0.3299,0.442,0.842,0.1547, 0.4412,0.808,0.1913,0.415,0.506,0.2668,0.3874,0.582,0.1563,0.2256,
0.5342,0.912,0.3212,0.4526,0.942,0.1358,0.4264,0.742,0.1453,0.415,0.506,0.2668, 0.4144,0.82,0.0919, 0.3916,0.426,0.2104, 0.5088,0.728,0.3275,0.5074,0.516,0.4458,0.5028,0.628,0.3218, 0.4776,0.36,0.4338,0.4584,0.668,0.2318,0.4568,0.524,0.3299,0.1495,
0.498,0.942,0.2042,0.4812,0.956,0.1934,0.438,0.62,0.2473,0.4264,0.742,0.1453, 0.415,0.506,0.2668, 0.401,0.752,0.0812, 0.5342,0.912,0.3212,0.5028,0.628,0.3218,0.4938,0.99,0.22, 0.4568,0.524,0.3299,0.442,0.842,0.1547,0.4382,0.83,0.1787,0.3259,
0.5342,0.912,0.3212,0.5088,0.728,0.3275,0.5074,0.516,0.4458,0.4938,0.99,0.22, 0.442,0.842,0.1547, 0.401,0.752,0.0812, 0.4584,0.668,0.2318,0.4526,0.942,0.1358,0.452,0.762,0.2385, 0.4264,0.742,0.1453,0.4192,0.756,0.1509,0.3952,0.71,0.1271,0.1356,
0.4568,0.524,0.3299,0.428,0.628,0.204,0.4192,0.756,0.1509,0.4036,0.698,0.1109, 0.3916,0.426,0.2104, 0.388,0.286,0.2633, 0.5074,0.516,0.4458,0.4812,0.956,0.1934,0.4776,0.36,0.4338, 0.4526,0.942,0.1358,0.442,0.842,0.1547,0.438,0.62,0.2473,0.0027,
0.5342,0.912,0.3212,0.519,0.124,0.5556,0.4776,0.36,0.4338,0.4584,0.668,0.2318, 0.4412,0.808,0.1913, 0.415,0.506,0.2668, 0.5028,0.628,0.3218,0.4938,0.99,0.22,0.4526,0.942,0.1358, 0.415,0.296,0.3255,0.3916,0.426,0.2104,0.3792,0.094,0.287,0.2887,
0.519,0.124,0.5556,0.5028,0.628,0.3218,0.4812,0.956,0.1934,0.4568,0.524,0.3299, 0.452,0.762,0.2385, 0.4192,0.756,0.1509, 0.4584,0.668,0.2318,0.442,0.842,0.1547,0.438,0.62,0.2473, 0.415,0.296,0.3255,0.415,0.506,0.2668,0.401,0.752,0.0812,0.2309,
0.5342,0.912,0.3212,0.5074,0.516,0.4458,0.495,0.696,0.289,0.4776,0.36,0.4338, 0.438,0.62,0.2473, 0.3952,0.71,0.1271, 0.4938,0.99,0.22,0.452,0.762,0.2385,0.4412,0.808,0.1913, 0.428,0.628,0.204,0.4036,0.698,0.1109,0.3916,0.426,0.2104,0.2604,
0.495,0.696,0.289,0.4584,0.668,0.2318,0.415,0.296,0.3255,0.4036,0.698,0.1109, 0.401,0.752,0.0812, 0.3916,0.426,0.2104, 0.5074,0.516,0.4458,0.4812,0.956,0.1934,0.4568,0.524,0.3299, 0.4526,0.942,0.1358,0.438,0.62,0.2473,0.4144,0.82,0.0919,0.303,
0.4584,0.668,0.2318,0.4264,0.742,0.1453,0.4144,0.82,0.0919,0.4036,0.698,0.1109, 0.3952,0.71,0.1271, 0.3874,0.582,0.1563, 0.5342,0.912,0.3212,0.4938,0.99,0.22,0.4412,0.808,0.1913, 0.415,0.296,0.3255,0.415,0.506,0.2668,0.401,0.752,0.0812,0.2259,
0.4526,0.942,0.1358,0.452,0.762,0.2385,0.442,0.842,0.1547,0.4144,0.82,0.0919, 0.388,0.286,0.2633, 0.3792,0.094,0.287, 0.498,0.942,0.2042,0.495,0.696,0.289,0.4938,0.99,0.22, 0.4776,0.36,0.4338,0.4412,0.808,0.1913,0.401,0.752,0.0812,0.1726,
0.442,0.842,0.1547,0.4192,0.756,0.1509,0.415,0.296,0.3255,0.401,0.752,0.0812, 0.388,0.286,0.2633, 0.3874,0.582,0.1563, 0.5074,0.516,0.4458,0.5028,0.628,0.3218,0.4568,0.524,0.3299, 0.4412,0.808,0.1913,0.4144,0.82,0.0919,0.3792,0.094,0.287,0.2614,
0.498,0.942,0.2042,0.438,0.62,0.2473,0.4192,0.756,0.1509,0.4036,0.698,0.1109, 0.3874,0.582,0.1563, 0.3792,0.094,0.287, 0.519,0.124,0.5556,0.4776,0.36,0.4338,0.4526,0.942,0.1358, 0.4412,0.808,0.1913,0.428,0.628,0.204,0.415,0.296,0.3255,0.3028,
0.5342,0.912,0.3212,0.4938,0.99,0.22,0.4812,0.956,0.1934,0.4776,0.36,0.4338, 0.4382,0.83,0.1787, 0.401,0.752,0.0812, 0.495,0.696,0.289,0.438,0.62,0.2473,0.4264,0.742,0.1453, 0.415,0.296,0.3255,0.388,0.286,0.2633,0.3792,0.094,0.287,0.07,
0.452,0.762,0.2385,0.4412,0.808,0.1913,0.4264,0.742,0.1453,0.4192,0.756,0.1509, 0.4036,0.698,0.1109, 0.3792,0.094,0.287, 0.519,0.124,0.5556,0.4812,0.956,0.1934,0.4776,0.36,0.4338, 0.4382,0.83,0.1787,0.438,0.62,0.2473,0.415,0.296,0.3255,0.1949,
0.442,0.842,0.1547,0.4412,0.808,0.1913,0.4192,0.756,0.1509,0.415,0.506,0.2668, 0.4144,0.82,0.0919, 0.3916,0.426,0.2104, 0.5074,0.516,0.4458,0.498,0.942,0.2042,0.4938,0.99,0.22, 0.452,0.762,0.2385,0.415,0.296,0.3255,0.3874,0.582,0.1563,0.2716,
0.5074,0.516,0.4458,0.4938,0.99,0.22,0.4812,0.956,0.1934,0.4776,0.36,0.4338, 0.4192,0.756,0.1509, 0.388,0.286,0.2633, 0.519,0.124,0.5556,0.4568,0.524,0.3299,0.415,0.296,0.3255, 0.401,0.752,0.0812,0.3916,0.426,0.2104,0.3792,0.094,0.287,0.2597,
0.495,0.696,0.289,0.4526,0.942,0.1358,0.438,0.62,0.2473,0.388,0.286,0.2633, 0.3874,0.582,0.1563, 0.3792,0.094,0.287, 0.5342,0.912,0.3212,0.519,0.124,0.5556,0.4938,0.99,0.22, 0.4412,0.808,0.1913,0.4264,0.742,0.1453,0.4192,0.756,0.1509,0.0839,
0.5342,0.912,0.3212,0.498,0.942,0.2042,0.4776,0.36,0.4338,0.4412,0.808,0.1913, 0.4382,0.83,0.1787, 0.3874,0.582,0.1563, 0.5028,0.628,0.3218,0.4264,0.742,0.1453,0.415,0.506,0.2668, 0.415,0.296,0.3255,0.4036,0.698,0.1109,0.3952,0.71,0.1271,0.2729,
0.5342,0.912,0.3212,0.5088,0.728,0.3275,0.4938,0.99,0.22,0.4526,0.942,0.1358, 0.438,0.62,0.2473, 0.415,0.506,0.2668, 0.5074,0.516,0.4458,0.5028,0.628,0.3218,0.4036,0.698,0.1109, 0.3952,0.71,0.1271,0.3916,0.426,0.2104,0.3874,0.582,0.1563,0.1725,
0.4526,0.942,0.1358,0.442,0.842,0.1547,0.4192,0.756,0.1509,0.415,0.506,0.2668, 0.4036,0.698,0.1109, 0.388,0.286,0.2633, 0.5342,0.912,0.3212,0.519,0.124,0.5556,0.5074,0.516,0.4458, 0.452,0.762,0.2385,0.4264,0.742,0.1453,0.3952,0.71,0.1271,0.0341,
0.5088,0.728,0.3275,0.5074,0.516,0.4458,0.5028,0.628,0.3218,0.4526,0.942,0.1358, 0.452,0.762,0.2385, 0.415,0.296,0.3255, 0.498,0.942,0.2042,0.4812,0.956,0.1934,0.4264,0.742,0.1453, 0.4144,0.82,0.0919,0.4036,0.698,0.1109,0.3874,0.582,0.1563,0.205,
0.5074,0.516,0.4458,0.495,0.696,0.289,0.415,0.296,0.3255,0.3916,0.426,0.2104, 0.388,0.286,0.2633, 0.3792,0.094,0.287, 0.519,0.124,0.5556,0.5028,0.628,0.3218,0.4776,0.36,0.4338, 0.4584,0.668,0.2318,0.4382,0.83,0.1787,0.428,0.628,0.204,0.301,
0.438,0.62,0.2473,0.415,0.506,0.2668,0.4036,0.698,0.1109,0.401,0.752,0.0812, 0.3874,0.582,0.1563, 0.3792,0.094,0.287, 0.4938,0.99,0.22,0.4568,0.524,0.3299,0.4382,0.83,0.1787, 0.428,0.628,0.204,0.4264,0.742,0.1453,0.4144,0.82,0.0919,0.2656,
0.4412,0.808,0.1913,0.415,0.296,0.3255,0.4144,0.82,0.0919,0.401,0.752,0.0812, 0.3916,0.426,0.2104, 0.3792,0.094,0.287, 0.5074,0.516,0.4458,0.452,0.762,0.2385,0.442,0.842,0.1547, 0.4382,0.83,0.1787,0.438,0.62,0.2473,0.4192,0.756,0.1509,0.0932,
0.519,0.124,0.5556,0.4812,0.956,0.1934,0.4776,0.36,0.4338,0.452,0.762,0.2385, 0.4144,0.82,0.0919, 0.3952,0.71,0.1271, 0.442,0.842,0.1547,0.4192,0.756,0.1509,0.415,0.506,0.2668, 0.388,0.286,0.2633,0.3874,0.582,0.1563,0.3792,0.094,0.287,0.0804,
0.5342,0.912,0.3212,0.5088,0.728,0.3275,0.495,0.696,0.289,0.4812,0.956,0.1934, 0.4568,0.524,0.3299, 0.388,0.286,0.2633, 0.4938,0.99,0.22,0.4584,0.668,0.2318,0.4382,0.83,0.1787, 0.4264,0.742,0.1453,0.4036,0.698,0.1109,0.3792,0.094,0.287,0.1549,
0.5342,0.912,0.3212,0.519,0.124,0.5556,0.5028,0.628,0.3218,0.4812,0.956,0.1934, 0.4568,0.524,0.3299, 0.4036,0.698,0.1109, 0.498,0.942,0.2042,0.4584,0.668,0.2318,0.4412,0.808,0.1913, 0.438,0.62,0.2473,0.4264,0.742,0.1453,0.401,0.752,0.0812,0.2925,
0.519,0.124,0.5556,0.5074,0.516,0.4458,0.498,0.942,0.2042,0.4584,0.668,0.2318, 0.4192,0.756,0.1509, 0.3916,0.426,0.2104, 0.4776,0.36,0.4338,0.4412,0.808,0.1913,0.415,0.296,0.3255, 0.4144,0.82,0.0919,0.401,0.752,0.0812,0.3792,0.094,0.287,0.2337,
0.5088,0.728,0.3275,0.5074,0.516,0.4458,0.498,0.942,0.2042,0.4812,0.956,0.1934, 0.4776,0.36,0.4338, 0.4382,0.83,0.1787, 0.519,0.124,0.5556,0.4584,0.668,0.2318,0.438,0.62,0.2473, 0.4192,0.756,0.1509,0.3916,0.426,0.2104,0.3874,0.582,0.1563,0.0376,
0.5342,0.912,0.3212,0.5088,0.728,0.3275,0.452,0.762,0.2385,0.442,0.842,0.1547, 0.4264,0.742,0.1453, 0.415,0.506,0.2668, 0.5074,0.516,0.4458,0.4036,0.698,0.1109,0.401,0.752,0.0812, 0.3916,0.426,0.2104,0.388,0.286,0.2633,0.3874,0.582,0.1563,0.0525,
0.442,0.842,0.1547,0.415,0.296,0.3255,0.415,0.506,0.2668,0.4036,0.698,0.1109, 0.3916,0.426,0.2104, 0.3792,0.094,0.287, 0.5074,0.516,0.4458,0.4776,0.36,0.4338,0.4526,0.942,0.1358, 0.4412,0.808,0.1913,0.4144,0.82,0.0919,0.388,0.286,0.2633,0.2323,
0.5342,0.912,0.3212,0.519,0.124,0.5556,0.495,0.696,0.289,0.4812,0.956,0.1934, 0.4382,0.83,0.1787, 0.3916,0.426,0.2104, 0.4938,0.99,0.22,0.4568,0.524,0.3299,0.4526,0.942,0.1358, 0.4192,0.756,0.1509,0.3952,0.71,0.1271,0.3874,0.582,0.1563,0.3275,
0.5074,0.516,0.4458,0.4584,0.668,0.2318,0.4526,0.942,0.1358,0.442,0.842,0.1547, 0.401,0.752,0.0812, 0.3952,0.71,0.1271, 0.5342,0.912,0.3212,0.519,0.124,0.5556,0.495,0.696,0.289, 0.4938,0.99,0.22,0.4568,0.524,0.3299,0.4412,0.808,0.1913,0.127,
0.519,0.124,0.5556,0.5074,0.516,0.4458,0.498,0.942,0.2042,0.4938,0.99,0.22, 0.4776,0.36,0.4338, 0.428,0.628,0.204, 0.5088,0.728,0.3275,0.4812,0.956,0.1934,0.4412,0.808,0.1913, 0.4144,0.82,0.0919,0.3916,0.426,0.2104,0.388,0.286,0.2633,0.0897,
0.5074,0.516,0.4458,0.5028,0.628,0.3218,0.498,0.942,0.2042,0.442,0.842,0.1547, 0.415,0.506,0.2668, 0.3792,0.094,0.287, 0.4938,0.99,0.22,0.438,0.62,0.2473,0.4036,0.698,0.1109, 0.401,0.752,0.0812,0.388,0.286,0.2633,0.3874,0.582,0.1563,0.316,
0.519,0.124,0.5556,0.5088,0.728,0.3275,0.5028,0.628,0.3218,0.4812,0.956,0.1934, 0.4568,0.524,0.3299, 0.4264,0.742,0.1453, 0.4776,0.36,0.4338,0.4584,0.668,0.2318,0.4412,0.808,0.1913, 0.4192,0.756,0.1509,0.401,0.752,0.0812,0.3916,0.426,0.2104,0.1454,
0.519,0.124,0.5556,0.495,0.696,0.289,0.4938,0.99,0.22,0.4776,0.36,0.4338, 0.4568,0.524,0.3299, 0.3952,0.71,0.1271, 0.4526,0.942,0.1358,0.442,0.842,0.1547,0.4382,0.83,0.1787, 0.4264,0.742,0.1453,0.4144,0.82,0.0919,0.401,0.752,0.0812,0.1409,
0.5088,0.728,0.3275,0.4938,0.99,0.22,0.4776,0.36,0.4338,0.4526,0.942,0.1358, 0.3916,0.426,0.2104, 0.3792,0.094,0.287, 0.442,0.842,0.1547,0.438,0.62,0.2473,0.4144,0.82,0.0919, 0.401,0.752,0.0812,0.3952,0.71,0.1271,0.3874,0.582,0.1563,0.3131,
0.4938,0.99,0.22,0.452,0.762,0.2385,0.4382,0.83,0.1787,0.438,0.62,0.2473, 0.4264,0.742,0.1453, 0.4036,0.698,0.1109, 0.5342,0.912,0.3212,0.519,0.124,0.5556,0.5088,0.728,0.3275, 0.5074,0.516,0.4458,0.4568,0.524,0.3299,0.415,0.506,0.2668,0.1041,
0.4776,0.36,0.4338,0.4412,0.808,0.1913,0.4382,0.83,0.1787,0.4264,0.742,0.1453, 0.4144,0.82,0.0919, 0.3792,0.094,0.287, 0.5342,0.912,0.3212,0.519,0.124,0.5556,0.5088,0.728,0.3275, 0.4526,0.942,0.1358,0.452,0.762,0.2385,0.415,0.506,0.2668,0.0581,
0.5028,0.628,0.3218,0.4568,0.524,0.3299,0.4144,0.82,0.0919,0.401,0.752,0.0812, 0.3952,0.71,0.1271, 0.3874,0.582,0.1563, 0.519,0.124,0.5556,0.495,0.696,0.289,0.4938,0.99,0.22, 0.442,0.842,0.1547,0.4412,0.808,0.1913,0.438,0.62,0.2473,0.1549,
0.519,0.124,0.5556,0.442,0.842,0.1547,0.438,0.62,0.2473,0.4264,0.742,0.1453, 0.3916,0.426,0.2104, 0.3792,0.094,0.287, 0.5342,0.912,0.3212,0.5028,0.628,0.3218,0.4938,0.99,0.22, 0.4584,0.668,0.2318,0.4568,0.524,0.3299,0.388,0.286,0.2633,0.2395,
0.4568,0.524,0.3299,0.4526,0.942,0.1358,0.4144,0.82,0.0919,0.3952,0.71,0.1271, 0.388,0.286,0.2633, 0.3874,0.582,0.1563, 0.5342,0.912,0.3212,0.495,0.696,0.289,0.4382,0.83,0.1787, 0.438,0.62,0.2473,0.428,0.628,0.204,0.4036,0.698,0.1109,0.3156,
0.5088,0.728,0.3275,0.4584,0.668,0.2318,0.438,0.62,0.2473,0.4144,0.82,0.0919, 0.401,0.752,0.0812, 0.3952,0.71,0.1271, 0.5074,0.516,0.4458,0.4776,0.36,0.4338,0.4568,0.524,0.3299, 0.4526,0.942,0.1358,0.452,0.762,0.2385,0.442,0.842,0.1547,0.3275,
0.4568,0.524,0.3299,0.452,0.762,0.2385,0.4382,0.83,0.1787,0.428,0.628,0.204, 0.388,0.286,0.2633, 0.3792,0.094,0.287, 0.519,0.124,0.5556,0.5028,0.628,0.3218,0.4938,0.99,0.22, 0.4812,0.956,0.1934,0.4776,0.36,0.4338,0.4264,0.742,0.1453,0.0196,
0.5342,0.912,0.3212,0.4584,0.668,0.2318,0.438,0.62,0.2473,0.4192,0.756,0.1509, 0.388,0.286,0.2633, 0.3792,0.094,0.287, 0.519,0.124,0.5556,0.5028,0.628,0.3218,0.498,0.942,0.2042, 0.4938,0.99,0.22,0.452,0.762,0.2385,0.4412,0.808,0.1913,0.1361,
0.442,0.842,0.1547,0.4412,0.808,0.1913,0.4192,0.756,0.1509,0.3916,0.426,0.2104, 0.388,0.286,0.2633, 0.3874,0.582,0.1563, 0.519,0.124,0.5556,0.495,0.696,0.289,0.4584,0.668,0.2318, 0.4568,0.524,0.3299,0.4382,0.83,0.1787,0.4036,0.698,0.1109,0.1894,
0.4776,0.36,0.4338,0.452,0.762,0.2385,0.415,0.506,0.2668,0.401,0.752,0.0812, 0.3874,0.582,0.1563, 0.3792,0.094,0.287, 0.5342,0.912,0.3212,0.5074,0.516,0.4458,0.5028,0.628,0.3218, 0.495,0.696,0.289,0.415,0.296,0.3255,0.388,0.286,0.2633,0.0626,
0.495,0.696,0.289,0.4812,0.956,0.1934,0.438,0.62,0.2473,0.4192,0.756,0.1509, 0.3916,0.426,0.2104, 0.3874,0.582,0.1563, 0.5342,0.912,0.3212,0.5074,0.516,0.4458,0.4584,0.668,0.2318, 0.4526,0.942,0.1358,0.4412,0.808,0.1913,0.4382,0.83,0.1787,0.283,
0.495,0.696,0.289,0.4382,0.83,0.1787,0.428,0.628,0.204,0.4264,0.742,0.1453, 0.4192,0.756,0.1509, 0.3916,0.426,0.2104, 0.5342,0.912,0.3212,0.519,0.124,0.5556,0.5088,0.728,0.3275, 0.4776,0.36,0.4338,0.4412,0.808,0.1913,0.4144,0.82,0.0919,0.0823,
0.519,0.124,0.5556,0.5028,0.628,0.3218,0.4938,0.99,0.22,0.4568,0.524,0.3299, 0.4264,0.742,0.1453, 0.415,0.296,0.3255, 0.452,0.762,0.2385,0.438,0.62,0.2473,0.415,0.506,0.2668, 0.4144,0.82,0.0919,0.4036,0.698,0.1109,0.3952,0.71,0.1271,0.1934,
0.4938,0.99,0.22,0.4526,0.942,0.1358,0.442,0.842,0.1547,0.415,0.296,0.3255, 0.3874,0.582,0.1563, 0.3792,0.094,0.287, 0.5342,0.912,0.3212,0.5074,0.516,0.4458,0.498,0.942,0.2042, 0.4776,0.36,0.4338,0.415,0.506,0.2668,0.4144,0.82,0.0919,0.1226,
0.4776,0.36,0.4338,0.4584,0.668,0.2318,0.4526,0.942,0.1358,0.428,0.628,0.204, 0.4036,0.698,0.1109, 0.388,0.286,0.2633, 0.5342,0.912,0.3212,0.5088,0.728,0.3275,0.495,0.696,0.289, 0.4938,0.99,0.22,0.415,0.296,0.3255,0.3916,0.426,0.2104,0.2812,
0.5028,0.628,0.3218,0.4584,0.668,0.2318,0.438,0.62,0.2473,0.4144,0.82,0.0919, 0.401,0.752,0.0812, 0.3916,0.426,0.2104, 0.5342,0.912,0.3212,0.498,0.942,0.2042,0.4812,0.956,0.1934, 0.4776,0.36,0.4338,0.442,0.842,0.1547,0.3952,0.71,0.1271,0.2249,
0.4412,0.808,0.1913,0.4382,0.83,0.1787,0.415,0.296,0.3255,0.4144,0.82,0.0919, 0.4036,0.698,0.1109, 0.3792,0.094,0.287, 0.5088,0.728,0.3275,0.4938,0.99,0.22,0.4812,0.956,0.1934, 0.4584,0.668,0.2318,0.4568,0.524,0.3299,0.3952,0.71,0.1271,0.0668,
0.5342,0.912,0.3212,0.5088,0.728,0.3275,0.5074,0.516,0.4458,0.5028,0.628,0.3218, 0.498,0.942,0.2042, 0.415,0.506,0.2668, 0.4776,0.36,0.4338,0.4568,0.524,0.3299,0.4382,0.83,0.1787, 0.438,0.62,0.2473,0.4144,0.82,0.0919,0.401,0.752,0.0812,0.013,
0.4776,0.36,0.4338,0.4526,0.942,0.1358,0.442,0.842,0.1547,0.428,0.628,0.204, 0.4036,0.698,0.1109, 0.388,0.286,0.2633, 0.5088,0.728,0.3275,0.5074,0.516,0.4458,0.498,0.942,0.2042, 0.4938,0.99,0.22,0.438,0.62,0.2473,0.3792,0.094,0.287,0.287,
0.452,0.762,0.2385,0.4412,0.808,0.1913,0.4264,0.742,0.1453,0.415,0.506,0.2668, 0.415,0.296,0.3255, 0.3916,0.426,0.2104, 0.5342,0.912,0.3212,0.519,0.124,0.5556,0.4812,0.956,0.1934, 0.4568,0.524,0.3299,0.4526,0.942,0.1358,0.4144,0.82,0.0919,0.1564,
0.4526,0.942,0.1358,0.4264,0.742,0.1453,0.4036,0.698,0.1109,0.401,0.752,0.0812, 0.388,0.286,0.2633, 0.3874,0.582,0.1563, 0.4938,0.99,0.22,0.442,0.842,0.1547,0.4412,0.808,0.1913, 0.4382,0.83,0.1787,0.415,0.296,0.3255,0.4144,0.82,0.0919,0.3261,
0.4584,0.668,0.2318,0.415,0.506,0.2668,0.4144,0.82,0.0919,0.401,0.752,0.0812, 0.3916,0.426,0.2104, 0.3874,0.582,0.1563, 0.5028,0.628,0.3218,0.4776,0.36,0.4338,0.4526,0.942,0.1358, 0.442,0.842,0.1547,0.4264,0.742,0.1453,0.4036,0.698,0.1109,0.3271,
0.5088,0.728,0.3275,0.498,0.942,0.2042,0.4776,0.36,0.4338,0.4412,0.808,0.1913, 0.4192,0.756,0.1509, 0.401,0.752,0.0812, 0.5342,0.912,0.3212,0.4144,0.82,0.0919,0.4036,0.698,0.1109, 0.3916,0.426,0.2104,0.388,0.286,0.2633,0.3792,0.094,0.287,0.2447,
0.519,0.124,0.5556,0.5074,0.516,0.4458,0.5028,0.628,0.3218,0.498,0.942,0.2042, 0.442,0.842,0.1547, 0.415,0.506,0.2668, 0.495,0.696,0.289,0.4938,0.99,0.22,0.4568,0.524,0.3299, 0.438,0.62,0.2473,0.388,0.286,0.2633,0.3792,0.094,0.287,0.3237,
0.5088,0.728,0.3275,0.4776,0.36,0.4338,0.4264,0.742,0.1453,0.4036,0.698,0.1109, 0.3952,0.71,0.1271, 0.388,0.286,0.2633, 0.5074,0.516,0.4458,0.5028,0.628,0.3218,0.498,0.942,0.2042, 0.4938,0.99,0.22,0.4568,0.524,0.3299,0.3792,0.094,0.287,0.297,
0.5342,0.912,0.3212,0.5074,0.516,0.4458,0.5028,0.628,0.3218,0.4584,0.668,0.2318, 0.438,0.62,0.2473, 0.3792,0.094,0.287, 0.498,0.942,0.2042,0.4938,0.99,0.22,0.428,0.628,0.204, 0.401,0.752,0.0812,0.3916,0.426,0.2104,0.388,0.286,0.2633,0.3283,
0.519,0.124,0.5556,0.498,0.942,0.2042,0.4938,0.99,0.22,0.452,0.762,0.2385, 0.415,0.296,0.3255, 0.388,0.286,0.2633, 0.495,0.696,0.289,0.4382,0.83,0.1787,0.428,0.628,0.204, 0.3952,0.71,0.1271,0.3916,0.426,0.2104,0.3874,0.582,0.1563,0.3049,
0.5342,0.912,0.3212,0.495,0.696,0.289,0.4568,0.524,0.3299,0.452,0.762,0.2385, 0.438,0.62,0.2473, 0.415,0.506,0.2668, 0.5088,0.728,0.3275,0.4412,0.808,0.1913,0.428,0.628,0.204, 0.401,0.752,0.0812,0.388,0.286,0.2633,0.3792,0.094,0.287,0.1453,
0.519,0.124,0.5556,0.495,0.696,0.289,0.428,0.628,0.204,0.415,0.506,0.2668, 0.3952,0.71,0.1271, 0.388,0.286,0.2633, 0.5088,0.728,0.3275,0.5074,0.516,0.4458,0.5028,0.628,0.3218, 0.498,0.942,0.2042,0.4776,0.36,0.4338,0.452,0.762,0.2385,0.0579,
0.4568,0.524,0.3299,0.452,0.762,0.2385,0.4264,0.742,0.1453,0.415,0.296,0.3255, 0.388,0.286,0.2633, 0.3874,0.582,0.1563, 0.519,0.124,0.5556,0.5074,0.516,0.4458,0.4812,0.956,0.1934, 0.4584,0.668,0.2318,0.442,0.842,0.1547,0.4036,0.698,0.1109,0.2512,
0.5342,0.912,0.3212,0.5074,0.516,0.4458,0.495,0.696,0.289,0.4812,0.956,0.1934, 0.4568,0.524,0.3299, 0.438,0.62,0.2473, 0.519,0.124,0.5556,0.452,0.762,0.2385,0.442,0.842,0.1547, 0.428,0.628,0.204,0.4192,0.756,0.1509,0.3952,0.71,0.1271,0.1961,
0.5342,0.912,0.3212,0.5074,0.516,0.4458,0.4938,0.99,0.22,0.4526,0.942,0.1358, 0.4144,0.82,0.0919, 0.3874,0.582,0.1563, 0.4568,0.524,0.3299,0.4412,0.808,0.1913,0.415,0.506,0.2668, 0.401,0.752,0.0812,0.388,0.286,0.2633,0.3792,0.094,0.287,0.068,
0.5088,0.728,0.3275,0.4938,0.99,0.22,0.4812,0.956,0.1934,0.4568,0.524,0.3299, 0.4526,0.942,0.1358, 0.4264,0.742,0.1453, 0.4776,0.36,0.4338,0.4412,0.808,0.1913,0.415,0.506,0.2668, 0.4036,0.698,0.1109,0.3916,0.426,0.2104,0.3792,0.094,0.287,0.0908,
0.495,0.696,0.289,0.452,0.762,0.2385,0.4144,0.82,0.0919,0.3952,0.71,0.1271, 0.3916,0.426,0.2104, 0.3792,0.094,0.287, 0.5342,0.912,0.3212,0.5028,0.628,0.3218,0.4412,0.808,0.1913, 0.438,0.62,0.2473,0.4192,0.756,0.1509,0.415,0.506,0.2668,0.2508,
0.519,0.124,0.5556,0.415,0.506,0.2668,0.415,0.296,0.3255,0.401,0.752,0.0812, 0.3874,0.582,0.1563, 0.3792,0.094,0.287, 0.5342,0.912,0.3212,0.4938,0.99,0.22,0.4584,0.668,0.2318, 0.4526,0.942,0.1358,0.428,0.628,0.204,0.4264,0.742,0.1453,0.1896,
0.5342,0.912,0.3212,0.498,0.942,0.2042,0.4938,0.99,0.22,0.4526,0.942,0.1358, 0.442,0.842,0.1547, 0.4264,0.742,0.1453, 0.5074,0.516,0.4458,0.438,0.62,0.2473,0.428,0.628,0.204, 0.3916,0.426,0.2104,0.388,0.286,0.2633,0.3792,0.094,0.287,0.112,
0.5342,0.912,0.3212,0.5088,0.728,0.3275,0.4938,0.99,0.22,0.452,0.762,0.2385, 0.4264,0.742,0.1453, 0.3916,0.426,0.2104, 0.519,0.124,0.5556,0.4526,0.942,0.1358,0.4382,0.83,0.1787, 0.4036,0.698,0.1109,0.401,0.752,0.0812,0.3792,0.094,0.287,0.2531,
0.498,0.942,0.2042,0.452,0.762,0.2385,0.4192,0.756,0.1509,0.4036,0.698,0.1109, 0.3952,0.71,0.1271, 0.3792,0.094,0.287, 0.5074,0.516,0.4458,0.4938,0.99,0.22,0.4776,0.36,0.4338, 0.4412,0.808,0.1913,0.438,0.62,0.2473,0.401,0.752,0.0812,0.2558,
0.5028,0.628,0.3218,0.4812,0.956,0.1934,0.4192,0.756,0.1509,0.415,0.506,0.2668, 0.4036,0.698,0.1109, 0.388,0.286,0.2633, 0.5088,0.728,0.3275,0.5074,0.516,0.4458,0.4938,0.99,0.22, 0.4584,0.668,0.2318,0.452,0.762,0.2385,0.4144,0.82,0.0919,0.2813,
0.5088,0.728,0.3275,0.495,0.696,0.289,0.4412,0.808,0.1913,0.4382,0.83,0.1787, 0.428,0.628,0.204, 0.4192,0.756,0.1509, 0.4526,0.942,0.1358,0.4264,0.742,0.1453,0.415,0.506,0.2668, 0.415,0.296,0.3255,0.3874,0.582,0.1563,0.3792,0.094,0.287,0.2391,
0.4526,0.942,0.1358,0.4382,0.83,0.1787,0.428,0.628,0.204,0.4192,0.756,0.1509, 0.4144,0.82,0.0919, 0.4036,0.698,0.1109, 0.5088,0.728,0.3275,0.498,0.942,0.2042,0.495,0.696,0.289, 0.4568,0.524,0.3299,0.4412,0.808,0.1913,0.3874,0.582,0.1563,0.2904,
0.495,0.696,0.289,0.4526,0.942,0.1358,0.4412,0.808,0.1913,0.3952,0.71,0.1271, 0.3916,0.426,0.2104, 0.3874,0.582,0.1563, 0.5342,0.912,0.3212,0.5088,0.728,0.3275,0.4812,0.956,0.1934, 0.4776,0.36,0.4338,0.4584,0.668,0.2318,0.415,0.296,0.3255,0.0558,
0.5074,0.516,0.4458,0.4584,0.668,0.2318,0.4382,0.83,0.1787,0.4264,0.742,0.1453, 0.401,0.752,0.0812, 0.3916,0.426,0.2104, 0.5342,0.912,0.3212,0.519,0.124,0.5556,0.498,0.942,0.2042, 0.4938,0.99,0.22,0.4568,0.524,0.3299,0.428,0.628,0.204,0.0817,
0.495,0.696,0.289,0.4812,0.956,0.1934,0.428,0.628,0.204,0.401,0.752,0.0812, 0.388,0.286,0.2633, 0.3874,0.582,0.1563, 0.5342,0.912,0.3212,0.519,0.124,0.5556,0.4938,0.99,0.22, 0.4568,0.524,0.3299,0.4382,0.83,0.1787,0.415,0.506,0.2668,0.0439,
0.495,0.696,0.289,0.4812,0.956,0.1934,0.442,0.842,0.1547,0.438,0.62,0.2473, 0.4036,0.698,0.1109, 0.3952,0.71,0.1271, 0.5074,0.516,0.4458,0.4938,0.99,0.22,0.4776,0.36,0.4338, 0.4584,0.668,0.2318,0.4568,0.524,0.3299,0.452,0.762,0.2385,0.2947,
0.4938,0.99,0.22,0.4812,0.956,0.1934,0.4584,0.668,0.2318,0.442,0.842,0.1547, 0.4412,0.808,0.1913, 0.4192,0.756,0.1509, 0.498,0.942,0.2042,0.4382,0.83,0.1787,0.4036,0.698,0.1109, 0.3952,0.71,0.1271,0.3874,0.582,0.1563,0.3792,0.094,0.287,0.2515,
0.5342,0.912,0.3212,0.5074,0.516,0.4458,0.498,0.942,0.2042,0.4584,0.668,0.2318, 0.415,0.296,0.3255, 0.401,0.752,0.0812, 0.5028,0.628,0.3218,0.4938,0.99,0.22,0.415,0.506,0.2668, 0.4036,0.698,0.1109,0.388,0.286,0.2633,0.3792,0.094,0.287,0.2969,
0.4412,0.808,0.1913,0.438,0.62,0.2473,0.415,0.296,0.3255,0.3916,0.426,0.2104, 0.388,0.286,0.2633, 0.3874,0.582,0.1563, 0.5088,0.728,0.3275,0.5028,0.628,0.3218,0.498,0.942,0.2042, 0.4568,0.524,0.3299,0.4526,0.942,0.1358,0.3792,0.094,0.287,0.1359,
0.4812,0.956,0.1934,0.4776,0.36,0.4338,0.4192,0.756,0.1509,0.401,0.752,0.0812, 0.3874,0.582,0.1563, 0.3792,0.094,0.287, 0.5088,0.728,0.3275,0.495,0.696,0.289,0.4938,0.99,0.22, 0.4584,0.668,0.2318,0.4526,0.942,0.1358,0.415,0.296,0.3255,0.1876,
0.5342,0.912,0.3212,0.519,0.124,0.5556,0.5088,0.728,0.3275,0.4812,0.956,0.1934, 0.4036,0.698,0.1109, 0.3952,0.71,0.1271, 0.498,0.942,0.2042,0.442,0.842,0.1547,0.4264,0.742,0.1453, 0.4192,0.756,0.1509,0.3874,0.582,0.1563,0.3792,0.094,0.287,0.1092,
0.5074,0.516,0.4458,0.5028,0.628,0.3218,0.498,0.942,0.2042,0.495,0.696,0.289, 0.4382,0.83,0.1787, 0.3952,0.71,0.1271, 0.519,0.124,0.5556,0.4938,0.99,0.22,0.4036,0.698,0.1109, 0.401,0.752,0.0812,0.3916,0.426,0.2104,0.3792,0.094,0.287,0.1858,
0.5074,0.516,0.4458,0.498,0.942,0.2042,0.4938,0.99,0.22,0.4776,0.36,0.4338, 0.442,0.842,0.1547, 0.438,0.62,0.2473, 0.4568,0.524,0.3299,0.4382,0.83,0.1787,0.4264,0.742,0.1453, 0.415,0.506,0.2668,0.4036,0.698,0.1109,0.401,0.752,0.0812,0.0094,
0.519,0.124,0.5556,0.4938,0.99,0.22,0.4812,0.956,0.1934,0.438,0.62,0.2473, 0.4144,0.82,0.0919, 0.388,0.286,0.2633, 0.4568,0.524,0.3299,0.442,0.842,0.1547,0.4192,0.756,0.1509, 0.401,0.752,0.0812,0.3952,0.71,0.1271,0.3792,0.094,0.287,0.274,
0.4264,0.742,0.1453,0.4192,0.756,0.1509,0.415,0.296,0.3255,0.4144,0.82,0.0919, 0.3874,0.582,0.1563, 0.3792,0.094,0.287, 0.4812,0.956,0.1934,0.4776,0.36,0.4338,0.442,0.842,0.1547, 0.4412,0.808,0.1913,0.4382,0.83,0.1787,0.415,0.506,0.2668,0.105,
0.519,0.124,0.5556,0.5074,0.516,0.4458,0.5028,0.628,0.3218,0.498,0.942,0.2042, 0.4776,0.36,0.4338, 0.3874,0.582,0.1563, 0.5088,0.728,0.3275,0.4526,0.942,0.1358,0.4382,0.83,0.1787, 0.438,0.62,0.2473,0.415,0.296,0.3255,0.3916,0.426,0.2104,0.3183,
0.498,0.942,0.2042,0.4412,0.808,0.1913,0.4192,0.756,0.1509,0.3952,0.71,0.1271, 0.3916,0.426,0.2104, 0.388,0.286,0.2633, 0.5342,0.912,0.3212,0.5088,0.728,0.3275,0.4938,0.99,0.22, 0.442,0.842,0.1547,0.438,0.62,0.2473,0.4144,0.82,0.0919,0.1176,
0.495,0.696,0.289,0.4776,0.36,0.4338,0.4526,0.942,0.1358,0.4144,0.82,0.0919, 0.3952,0.71,0.1271, 0.388,0.286,0.2633, 0.5342,0.912,0.3212,0.519,0.124,0.5556,0.5088,0.728,0.3275, 0.5028,0.628,0.3218,0.4568,0.524,0.3299,0.428,0.628,0.204,0.0553,
0.4938,0.99,0.22,0.4776,0.36,0.4338,0.4526,0.942,0.1358,0.4412,0.808,0.1913, 0.428,0.628,0.204, 0.3952,0.71,0.1271, 0.4568,0.524,0.3299,0.4382,0.83,0.1787,0.4192,0.756,0.1509, 0.401,0.752,0.0812,0.3874,0.582,0.1563,0.3792,0.094,0.287,0.3279,
0.415,0.296,0.3255,0.415,0.506,0.2668,0.4144,0.82,0.0919,0.401,0.752,0.0812, 0.3916,0.426,0.2104, 0.388,0.286,0.2633, 0.5074,0.516,0.4458,0.5028,0.628,0.3218,0.4568,0.524,0.3299, 0.438,0.62,0.2473,0.3952,0.71,0.1271,0.3874,0.582,0.1563,0.163,
0.5342,0.912,0.3212,0.4776,0.36,0.4338,0.4568,0.524,0.3299,0.4264,0.742,0.1453, 0.415,0.506,0.2668, 0.4144,0.82,0.0919, 0.4382,0.83,0.1787,0.438,0.62,0.2473,0.3952,0.71,0.1271, 0.3916,0.426,0.2104,0.3874,0.582,0.1563,0.3792,0.094,0.287,0.0972,
0.519,0.124,0.5556,0.5074,0.516,0.4458,0.5028,0.628,0.3218,0.452,0.762,0.2385, 0.415,0.296,0.3255, 0.388,0.286,0.2633, 0.498,0.942,0.2042,0.442,0.842,0.1547,0.415,0.506,0.2668, 0.4144,0.82,0.0919,0.401,0.752,0.0812,0.3916,0.426,0.2104,0.2649,
0.5028,0.628,0.3218,0.4584,0.668,0.2318,0.428,0.628,0.204,0.4264,0.742,0.1453, 0.4192,0.756,0.1509, 0.388,0.286,0.2633, 0.519,0.124,0.5556,0.495,0.696,0.289,0.4938,0.99,0.22, 0.4776,0.36,0.4338,0.4568,0.524,0.3299,0.4144,0.82,0.0919,0.2359,
0.5342,0.912,0.3212,0.5028,0.628,0.3218,0.4584,0.668,0.2318,0.452,0.762,0.2385, 0.442,0.842,0.1547, 0.4192,0.756,0.1509, 0.4382,0.83,0.1787,0.428,0.628,0.204,0.415,0.506,0.2668, 0.4144,0.82,0.0919,0.388,0.286,0.2633,0.3874,0.582,0.1563,0.0611,
0.519,0.124,0.5556,0.5088,0.728,0.3275,0.5074,0.516,0.4458,0.498,0.942,0.2042, 0.4144,0.82,0.0919, 0.3952,0.71,0.1271, 0.4568,0.524,0.3299,0.452,0.762,0.2385,0.442,0.842,0.1547, 0.4192,0.756,0.1509,0.4036,0.698,0.1109,0.3916,0.426,0.2104,0.2286,
0.5028,0.628,0.3218,0.498,0.942,0.2042,0.4938,0.99,0.22,0.4776,0.36,0.4338, 0.4584,0.668,0.2318, 0.438,0.62,0.2473, 0.519,0.124,0.5556,0.5074,0.516,0.4458,0.4192,0.756,0.1509, 0.4036,0.698,0.1109,0.3916,0.426,0.2104,0.3792,0.094,0.287,0.2553,
0.5028,0.628,0.3218,0.4584,0.668,0.2318,0.428,0.628,0.204,0.4144,0.82,0.0919, 0.3952,0.71,0.1271, 0.388,0.286,0.2633, 0.5342,0.912,0.3212,0.519,0.124,0.5556,0.4776,0.36,0.4338, 0.452,0.762,0.2385,0.4382,0.83,0.1787,0.438,0.62,0.2473,0.0421,
0.4776,0.36,0.4338,0.438,0.62,0.2473,0.415,0.506,0.2668,0.415,0.296,0.3255, 0.3916,0.426,0.2104, 0.3792,0.094,0.287, 0.5088,0.728,0.3275,0.495,0.696,0.289,0.4938,0.99,0.22, 0.4584,0.668,0.2318,0.4382,0.83,0.1787,0.428,0.628,0.204,0.1749,
0.5088,0.728,0.3275,0.4382,0.83,0.1787,0.415,0.506,0.2668,0.4144,0.82,0.0919, 0.388,0.286,0.2633, 0.3792,0.094,0.287, 0.5074,0.516,0.4458,0.495,0.696,0.289,0.4938,0.99,0.22, 0.4812,0.956,0.1934,0.4584,0.668,0.2318,0.401,0.752,0.0812,0.1681,
0.5342,0.912,0.3212,0.5088,0.728,0.3275,0.5074,0.516,0.4458,0.4938,0.99,0.22, 0.4568,0.524,0.3299, 0.4412,0.808,0.1913, 0.498,0.942,0.2042,0.4812,0.956,0.1934,0.4584,0.668,0.2318, 0.415,0.296,0.3255,0.415,0.506,0.2668,0.3874,0.582,0.1563,0.0572,
0.5342,0.912,0.3212,0.495,0.696,0.289,0.438,0.62,0.2473,0.428,0.628,0.204, 0.415,0.296,0.3255, 0.3952,0.71,0.1271, 0.4584,0.668,0.2318,0.4264,0.742,0.1453,0.4192,0.756,0.1509, 0.4144,0.82,0.0919,0.388,0.286,0.2633,0.3874,0.582,0.1563,0.3108,
0.4584,0.668,0.2318,0.438,0.62,0.2473,0.415,0.506,0.2668,0.415,0.296,0.3255, 0.401,0.752,0.0812, 0.3952,0.71,0.1271, 0.5088,0.728,0.3275,0.5028,0.628,0.3218,0.4776,0.36,0.4338, 0.4412,0.808,0.1913,0.428,0.628,0.204,0.4264,0.742,0.1453,0.2654,
0.452,0.762,0.2385,0.4192,0.756,0.1509,0.4036,0.698,0.1109,0.401,0.752,0.0812, 0.388,0.286,0.2633, 0.3874,0.582,0.1563, 0.5074,0.516,0.4458,0.5028,0.628,0.3218,0.4938,0.99,0.22, 0.438,0.62,0.2473,0.4144,0.82,0.0919,0.3952,0.71,0.1271,0.0789,
0.5028,0.628,0.3218,0.4938,0.99,0.22,0.4776,0.36,0.4338,0.4526,0.942,0.1358, 0.438,0.62,0.2473, 0.4036,0.698,0.1109, 0.5074,0.516,0.4458,0.428,0.628,0.204,0.415,0.296,0.3255, 0.401,0.752,0.0812,0.3916,0.426,0.2104,0.388,0.286,0.2633,0.3231,
0.519,0.124,0.5556,0.498,0.942,0.2042,0.495,0.696,0.289,0.4938,0.99,0.22, 0.452,0.762,0.2385, 0.4382,0.83,0.1787, 0.5074,0.516,0.4458,0.4812,0.956,0.1934,0.4264,0.742,0.1453, 0.4192,0.756,0.1509,0.4144,0.82,0.0919,0.4036,0.698,0.1109,0.2625,
0.4812,0.956,0.1934,0.438,0.62,0.2473,0.4264,0.742,0.1453,0.415,0.506,0.2668, 0.3916,0.426,0.2104, 0.3874,0.582,0.1563, 0.5342,0.912,0.3212,0.5088,0.728,0.3275,0.498,0.942,0.2042, 0.495,0.696,0.289,0.4192,0.756,0.1509,0.3792,0.094,0.287,0.234,
0.5342,0.912,0.3212,0.4938,0.99,0.22,0.452,0.762,0.2385,0.4382,0.83,0.1787, 0.438,0.62,0.2473, 0.388,0.286,0.2633, 0.5088,0.728,0.3275,0.428,0.628,0.204,0.415,0.506,0.2668, 0.4144,0.82,0.0919,0.401,0.752,0.0812,0.3916,0.426,0.2104,0.3249,
0.4382,0.83,0.1787,0.4192,0.756,0.1509,0.415,0.506,0.2668,0.4036,0.698,0.1109, 0.401,0.752,0.0812, 0.3952,0.71,0.1271, 0.5074,0.516,0.4458,0.4938,0.99,0.22,0.4812,0.956,0.1934, 0.4568,0.524,0.3299,0.438,0.62,0.2473,0.3792,0.094,0.287,0.1148,
0.4584,0.668,0.2318,0.4526,0.942,0.1358,0.452,0.762,0.2385,0.4264,0.742,0.1453, 0.401,0.752,0.0812, 0.3916,0.426,0.2104, 0.5342,0.912,0.3212,0.519,0.124,0.5556,0.5074,0.516,0.4458, 0.495,0.696,0.289,0.4382,0.83,0.1787,0.4036,0.698,0.1109,0.0199,
0.4568,0.524,0.3299,0.4192,0.756,0.1509,0.415,0.296,0.3255,0.4144,0.82,0.0919, 0.4036,0.698,0.1109, 0.388,0.286,0.2633, 0.519,0.124,0.5556,0.5088,0.728,0.3275,0.452,0.762,0.2385, 0.438,0.62,0.2473,0.4264,0.742,0.1453,0.415,0.506,0.2668,0.1909,
0.4776,0.36,0.4338,0.428,0.628,0.204,0.4192,0.756,0.1509,0.4036,0.698,0.1109, 0.401,0.752,0.0812, 0.3916,0.426,0.2104, 0.5342,0.912,0.3212,0.5074,0.516,0.4458,0.442,0.842,0.1547, 0.438,0.62,0.2473,0.4264,0.742,0.1453,0.3952,0.71,0.1271,0.2568,
0.498,0.942,0.2042,0.4382,0.83,0.1787,0.438,0.62,0.2473,0.4144,0.82,0.0919, 0.4036,0.698,0.1109, 0.3952,0.71,0.1271, 0.5342,0.912,0.3212,0.5074,0.516,0.4458,0.4776,0.36,0.4338, 0.4568,0.524,0.3299,0.442,0.842,0.1547,0.428,0.628,0.204,0.1262,
0.5342,0.912,0.3212,0.5088,0.728,0.3275,0.5028,0.628,0.3218,0.4568,0.524,0.3299, 0.438,0.62,0.2473, 0.4144,0.82,0.0919, 0.495,0.696,0.289,0.4526,0.942,0.1358,0.4264,0.742,0.1453, 0.4192,0.756,0.1509,0.415,0.296,0.3255,0.3792,0.094,0.287,0.1615,
0.519,0.124,0.5556,0.4584,0.668,0.2318,0.4382,0.83,0.1787,0.4192,0.756,0.1509, 0.4036,0.698,0.1109, 0.3952,0.71,0.1271, 0.5342,0.912,0.3212,0.495,0.696,0.289,0.4938,0.99,0.22, 0.4776,0.36,0.4338,0.452,0.762,0.2385,0.3916,0.426,0.2104,0.2964,
0.519,0.124,0.5556,0.498,0.942,0.2042,0.4144,0.82,0.0919,0.4036,0.698,0.1109, 0.401,0.752,0.0812, 0.3916,0.426,0.2104, 0.5088,0.728,0.3275,0.5074,0.516,0.4458,0.4938,0.99,0.22, 0.4812,0.956,0.1934,0.4526,0.942,0.1358,0.442,0.842,0.1547,0.0642,
0.4568,0.524,0.3299,0.4412,0.808,0.1913,0.438,0.62,0.2473,0.4036,0.698,0.1109, 0.401,0.752,0.0812, 0.3952,0.71,0.1271, 0.519,0.124,0.5556,0.498,0.942,0.2042,0.495,0.696,0.289, 0.4526,0.942,0.1358,0.4192,0.756,0.1509,0.415,0.296,0.3255,0.2973,
0.5342,0.912,0.3212,0.4776,0.36,0.4338,0.4584,0.668,0.2318,0.4526,0.942,0.1358, 0.428,0.628,0.204, 0.388,0.286,0.2633, 0.452,0.762,0.2385,0.442,0.842,0.1547,0.4192,0.756,0.1509, 0.415,0.506,0.2668,0.3874,0.582,0.1563,0.3792,0.094,0.287,0.325,
0.5028,0.628,0.3218,0.498,0.942,0.2042,0.495,0.696,0.289,0.4776,0.36,0.4338, 0.4192,0.756,0.1509, 0.401,0.752,0.0812, 0.4568,0.524,0.3299,0.428,0.628,0.204,0.4264,0.742,0.1453, 0.415,0.296,0.3255,0.3952,0.71,0.1271,0.3792,0.094,0.287,0.2175,
0.5088,0.728,0.3275,0.4584,0.668,0.2318,0.415,0.296,0.3255,0.4036,0.698,0.1109, 0.3952,0.71,0.1271, 0.3874,0.582,0.1563, 0.519,0.124,0.5556,0.5028,0.628,0.3218,0.498,0.942,0.2042, 0.4938,0.99,0.22,0.4382,0.83,0.1787,0.428,0.628,0.204,0.1109,
0.498,0.942,0.2042,0.495,0.696,0.289,0.442,0.842,0.1547,0.3952,0.71,0.1271, 0.388,0.286,0.2633, 0.3792,0.094,0.287, 0.5342,0.912,0.3212,0.5088,0.728,0.3275,0.4812,0.956,0.1934, 0.438,0.62,0.2473,0.428,0.628,0.204,0.415,0.506,0.2668,0.2647,
0.4938,0.99,0.22,0.4568,0.524,0.3299,0.4382,0.83,0.1787,0.415,0.296,0.3255, 0.401,0.752,0.0812, 0.3874,0.582,0.1563, 0.5342,0.912,0.3212,0.5074,0.516,0.4458,0.5028,0.628,0.3218, 0.4812,0.956,0.1934,0.4526,0.942,0.1358,0.415,0.506,0.2668,0.1235,
0.495,0.696,0.289,0.442,0.842,0.1547,0.428,0.628,0.204,0.415,0.296,0.3255, 0.3952,0.71,0.1271, 0.3874,0.582,0.1563, 0.519,0.124,0.5556,0.5028,0.628,0.3218,0.4776,0.36,0.4338, 0.4526,0.942,0.1358,0.452,0.762,0.2385,0.4382,0.83,0.1787,0.1533,
0.519,0.124,0.5556,0.4812,0.956,0.1934,0.4584,0.668,0.2318,0.4192,0.756,0.1509, 0.415,0.506,0.2668, 0.3874,0.582,0.1563, 0.5342,0.912,0.3212,0.5088,0.728,0.3275,0.498,0.942,0.2042, 0.495,0.696,0.289,0.4938,0.99,0.22,0.4412,0.808,0.1913,0.1543,
0.5028,0.628,0.3218,0.4412,0.808,0.1913,0.428,0.628,0.204,0.415,0.296,0.3255, 0.4144,0.82,0.0919, 0.401,0.752,0.0812, 0.5342,0.912,0.3212,0.5074,0.516,0.4458,0.4526,0.942,0.1358, 0.452,0.762,0.2385,0.442,0.842,0.1547,0.4264,0.742,0.1453,0.2682,
0.519,0.124,0.5556,0.498,0.942,0.2042,0.4776,0.36,0.4338,0.452,0.762,0.2385, 0.4382,0.83,0.1787, 0.3952,0.71,0.1271, 0.4584,0.668,0.2318,0.4412,0.808,0.1913,0.415,0.506,0.2668, 0.4036,0.698,0.1109,0.388,0.286,0.2633,0.3874,0.582,0.1563,0.1287,
0.4526,0.942,0.1358,0.428,0.628,0.204,0.415,0.296,0.3255,0.415,0.506,0.2668, 0.4036,0.698,0.1109, 0.3916,0.426,0.2104, 0.5028,0.628,0.3218,0.4812,0.956,0.1934,0.4568,0.524,0.3299, 0.452,0.762,0.2385,0.438,0.62,0.2473,0.4192,0.756,0.1509,0.2462,
0.5088,0.728,0.3275,0.5074,0.516,0.4458,0.4526,0.942,0.1358,0.428,0.628,0.204, 0.415,0.506,0.2668, 0.3916,0.426,0.2104, 0.4776,0.36,0.4338,0.452,0.762,0.2385,0.4036,0.698,0.1109, 0.388,0.286,0.2633,0.3874,0.582,0.1563,0.3792,0.094,0.287,0.3225,
0.5074,0.516,0.4458,0.4812,0.956,0.1934,0.4776,0.36,0.4338,0.4584,0.668,0.2318, 0.442,0.842,0.1547, 0.428,0.628,0.204, 0.5028,0.628,0.3218,0.4382,0.83,0.1787,0.4036,0.698,0.1109, 0.3952,0.71,0.1271,0.3874,0.582,0.1563,0.3792,0.094,0.287,0.0694,
0.4412,0.808,0.1913,0.428,0.628,0.204,0.415,0.506,0.2668,0.415,0.296,0.3255, 0.3952,0.71,0.1271, 0.3792,0.094,0.287, 0.5074,0.516,0.4458,0.4812,0.956,0.1934,0.4568,0.524,0.3299, 0.452,0.762,0.2385,0.4382,0.83,0.1787,0.4192,0.756,0.1509,0.0951,
0.4412,0.808,0.1913,0.4264,0.742,0.1453,0.4192,0.756,0.1509,0.4036,0.698,0.1109, 0.401,0.752,0.0812, 0.3792,0.094,0.287, 0.5028,0.628,0.3218,0.498,0.942,0.2042,0.4584,0.668,0.2318, 0.452,0.762,0.2385,0.415,0.296,0.3255,0.388,0.286,0.2633,0.2383,
0.5028,0.628,0.3218,0.442,0.842,0.1547,0.4192,0.756,0.1509,0.3952,0.71,0.1271, 0.3916,0.426,0.2104, 0.3792,0.094,0.287, 0.519,0.124,0.5556,0.5074,0.516,0.4458,0.4776,0.36,0.4338, 0.4412,0.808,0.1913,0.4382,0.83,0.1787,0.401,0.752,0.0812,0.1357,
0.4938,0.99,0.22,0.4584,0.668,0.2318,0.452,0.762,0.2385,0.438,0.62,0.2473, 0.388,0.286,0.2633, 0.3874,0.582,0.1563, 0.5342,0.912,0.3212,0.519,0.124,0.5556,0.498,0.942,0.2042, 0.4812,0.956,0.1934,0.4776,0.36,0.4338,0.3792,0.094,0.287,0.2853,
0.519,0.124,0.5556,0.4568,0.524,0.3299,0.428,0.628,0.204,0.4264,0.742,0.1453, 0.3916,0.426,0.2104, 0.3874,0.582,0.1563, 0.5342,0.912,0.3212,0.5028,0.628,0.3218,0.4776,0.36,0.4338, 0.4584,0.668,0.2318,0.4526,0.942,0.1358,0.4192,0.756,0.1509,0.3057,
0.498,0.942,0.2042,0.4412,0.808,0.1913,0.428,0.628,0.204,0.4036,0.698,0.1109, 0.3952,0.71,0.1271, 0.3874,0.582,0.1563, 0.5028,0.628,0.3218,0.495,0.696,0.289,0.4938,0.99,0.22, 0.4776,0.36,0.4338,0.4382,0.83,0.1787,0.415,0.506,0.2668,0.1491,
0.4812,0.956,0.1934,0.4264,0.742,0.1453,0.415,0.296,0.3255,0.4036,0.698,0.1109, 0.3916,0.426,0.2104, 0.3792,0.094,0.287, 0.5342,0.912,0.3212,0.495,0.696,0.289,0.4938,0.99,0.22, 0.428,0.628,0.204,0.4192,0.756,0.1509,0.3874,0.582,0.1563,0.1636,
0.452,0.762,0.2385,0.4412,0.808,0.1913,0.4192,0.756,0.1509,0.4144,0.82,0.0919, 0.3952,0.71,0.1271, 0.388,0.286,0.2633, 0.519,0.124,0.5556,0.498,0.942,0.2042,0.495,0.696,0.289, 0.4568,0.524,0.3299,0.428,0.628,0.204,0.3916,0.426,0.2104,0.2922,
0.498,0.942,0.2042,0.495,0.696,0.289,0.428,0.628,0.204,0.4144,0.82,0.0919, 0.3874,0.582,0.1563, 0.3792,0.094,0.287, 0.5342,0.912,0.3212,0.519,0.124,0.5556,0.4584,0.668,0.2318, 0.4526,0.942,0.1358,0.442,0.842,0.1547,0.415,0.296,0.3255,0.2805,
0.4568,0.524,0.3299,0.438,0.62,0.2473,0.428,0.628,0.204,0.4192,0.756,0.1509, 0.415,0.296,0.3255, 0.388,0.286,0.2633, 0.5074,0.516,0.4458,0.498,0.942,0.2042,0.4938,0.99,0.22, 0.4812,0.956,0.1934,0.4264,0.742,0.1453,0.4144,0.82,0.0919,0.2482,
0.5074,0.516,0.4458,0.498,0.942,0.2042,0.4812,0.956,0.1934,0.4568,0.524,0.3299, 0.4036,0.698,0.1109, 0.3952,0.71,0.1271, 0.4938,0.99,0.22,0.4526,0.942,0.1358,0.415,0.296,0.3255, 0.401,0.752,0.0812,0.3916,0.426,0.2104,0.3792,0.094,0.287,0.3222,
0.5074,0.516,0.4458,0.4776,0.36,0.4338,0.4568,0.524,0.3299,0.4412,0.808,0.1913, 0.4264,0.742,0.1453, 0.3874,0.582,0.1563, 0.519,0.124,0.5556,0.428,0.628,0.204,0.4036,0.698,0.1109, 0.3952,0.71,0.1271,0.388,0.286,0.2633,0.3792,0.094,0.287,0.2895,
0.5028,0.628,0.3218,0.4776,0.36,0.4338,0.4526,0.942,0.1358,0.4412,0.808,0.1913, 0.4192,0.756,0.1509, 0.4036,0.698,0.1109, 0.4584,0.668,0.2318,0.428,0.628,0.204,0.4144,0.82,0.0919, 0.401,0.752,0.0812,0.3874,0.582,0.1563,0.3792,0.094,0.287,0.2362,
0.4938,0.99,0.22,0.4382,0.83,0.1787,0.4192,0.756,0.1509,0.4036,0.698,0.1109, 0.3916,0.426,0.2104, 0.3874,0.582,0.1563, 0.519,0.124,0.5556,0.5028,0.628,0.3218,0.4812,0.956,0.1934, 0.4776,0.36,0.4338,0.428,0.628,0.204,0.4264,0.742,0.1453,0.1884,
0.495,0.696,0.289,0.4568,0.524,0.3299,0.4526,0.942,0.1358,0.4144,0.82,0.0919, 0.388,0.286,0.2633, 0.3792,0.094,0.287, 0.5342,0.912,0.3212,0.5088,0.728,0.3275,0.4938,0.99,0.22, 0.4382,0.83,0.1787,0.428,0.628,0.204,0.4192,0.756,0.1509,0.2027,
0.4412,0.808,0.1913,0.428,0.628,0.204,0.4264,0.742,0.1453,0.4192,0.756,0.1509, 0.415,0.296,0.3255, 0.401,0.752,0.0812, 0.5074,0.516,0.4458,0.5028,0.628,0.3218,0.495,0.696,0.289, 0.4568,0.524,0.3299,0.415,0.506,0.2668,0.3916,0.426,0.2104,0.254,
0.438,0.62,0.2473,0.428,0.628,0.204,0.415,0.506,0.2668,0.415,0.296,0.3255, 0.3874,0.582,0.1563, 0.3792,0.094,0.287, 0.5342,0.912,0.3212,0.5088,0.728,0.3275,0.4526,0.942,0.1358, 0.4382,0.83,0.1787,0.4264,0.742,0.1453,0.3916,0.426,0.2104,0.1838,
0.438,0.62,0.2473,0.428,0.628,0.204,0.4264,0.742,0.1453,0.4036,0.698,0.1109, 0.401,0.752,0.0812, 0.388,0.286,0.2633, 0.5342,0.912,0.3212,0.519,0.124,0.5556,0.4584,0.668,0.2318, 0.4412,0.808,0.1913,0.4192,0.756,0.1509,0.415,0.296,0.3255,0.0345,
0.5088,0.728,0.3275,0.5028,0.628,0.3218,0.495,0.696,0.289,0.4568,0.524,0.3299, 0.4412,0.808,0.1913, 0.4144,0.82,0.0919, 0.4812,0.956,0.1934,0.4382,0.83,0.1787,0.438,0.62,0.2473, 0.415,0.506,0.2668,0.3916,0.426,0.2104,0.3792,0.094,0.287,0.267,
0.5088,0.728,0.3275,0.4584,0.668,0.2318,0.4526,0.942,0.1358,0.415,0.506,0.2668, 0.415,0.296,0.3255, 0.388,0.286,0.2633, 0.5342,0.912,0.3212,0.519,0.124,0.5556,0.5074,0.516,0.4458, 0.498,0.942,0.2042,0.442,0.842,0.1547,0.4192,0.756,0.1509,0.1866,
0.5074,0.516,0.4458,0.4264,0.742,0.1453,0.415,0.506,0.2668,0.4144,0.82,0.0919, 0.3952,0.71,0.1271, 0.3792,0.094,0.287, 0.5342,0.912,0.3212,0.5028,0.628,0.3218,0.4938,0.99,0.22, 0.4526,0.942,0.1358,0.415,0.296,0.3255,0.3916,0.426,0.2104,0.2747,
0.4776,0.36,0.4338,0.438,0.62,0.2473,0.415,0.506,0.2668,0.4144,0.82,0.0919, 0.3952,0.71,0.1271, 0.3792,0.094,0.287, 0.5342,0.912,0.3212,0.495,0.696,0.289,0.4526,0.942,0.1358, 0.452,0.762,0.2385,0.4382,0.83,0.1787,0.4264,0.742,0.1453,0.2013,
0.5342,0.912,0.3212,0.4192,0.756,0.1509,0.415,0.296,0.3255,0.4036,0.698,0.1109, 0.401,0.752,0.0812, 0.3952,0.71,0.1271, 0.519,0.124,0.5556,0.5074,0.516,0.4458,0.498,0.942,0.2042, 0.495,0.696,0.289,0.4412,0.808,0.1913,0.4144,0.82,0.0919,0.1139,
0.4382,0.83,0.1787,0.438,0.62,0.2473,0.428,0.628,0.204,0.4192,0.756,0.1509, 0.415,0.296,0.3255, 0.3916,0.426,0.2104, 0.5074,0.516,0.4458,0.498,0.942,0.2042,0.4812,0.956,0.1934, 0.4776,0.36,0.4338,0.442,0.842,0.1547,0.4036,0.698,0.1109,0.2098,
0.452,0.762,0.2385,0.4382,0.83,0.1787,0.4264,0.742,0.1453,0.4192,0.756,0.1509, 0.388,0.286,0.2633, 0.3792,0.094,0.287, 0.519,0.124,0.5556,0.5088,0.728,0.3275,0.4776,0.36,0.4338, 0.4526,0.942,0.1358,0.442,0.842,0.1547,0.3916,0.426,0.2104,0.1754,
0.438,0.62,0.2473,0.4144,0.82,0.0919,0.401,0.752,0.0812,0.3952,0.71,0.1271, 0.3916,0.426,0.2104, 0.3874,0.582,0.1563, 0.519,0.124,0.5556,0.4776,0.36,0.4338,0.4568,0.524,0.3299, 0.452,0.762,0.2385,0.4264,0.742,0.1453,0.388,0.286,0.2633,0.0724,
0.5342,0.912,0.3212,0.519,0.124,0.5556,0.5088,0.728,0.3275,0.4938,0.99,0.22, 0.4526,0.942,0.1358, 0.415,0.296,0.3255, 0.5074,0.516,0.4458,0.5028,0.628,0.3218,0.4382,0.83,0.1787, 0.428,0.628,0.204,0.388,0.286,0.2633,0.3874,0.582,0.1563,0.2171,
0.5342,0.912,0.3212,0.5074,0.516,0.4458,0.4776,0.36,0.4338,0.4412,0.808,0.1913, 0.415,0.506,0.2668, 0.415,0.296,0.3255, 0.5028,0.628,0.3218,0.4584,0.668,0.2318,0.428,0.628,0.204, 0.4036,0.698,0.1109,0.401,0.752,0.0812,0.3952,0.71,0.1271,0.148,
0.519,0.124,0.5556,0.415,0.506,0.2668,0.4144,0.82,0.0919,0.4036,0.698,0.1109, 0.401,0.752,0.0812, 0.3916,0.426,0.2104, 0.5342,0.912,0.3212,0.4938,0.99,0.22,0.4776,0.36,0.4338, 0.4412,0.808,0.1913,0.3952,0.71,0.1271,0.388,0.286,0.2633,0.2971,
0.442,0.842,0.1547,0.4412,0.808,0.1913,0.4382,0.83,0.1787,0.428,0.628,0.204, 0.4264,0.742,0.1453, 0.4036,0.698,0.1109, 0.519,0.124,0.5556,0.5028,0.628,0.3218,0.498,0.942,0.2042, 0.4938,0.99,0.22,0.438,0.62,0.2473,0.3874,0.582,0.1563,0.2684,
0.4584,0.668,0.2318,0.4568,0.524,0.3299,0.4264,0.742,0.1453,0.3916,0.426,0.2104, 0.388,0.286,0.2633, 0.3874,0.582,0.1563, 0.5342,0.912,0.3212,0.5028,0.628,0.3218,0.498,0.942,0.2042, 0.4412,0.808,0.1913,0.438,0.62,0.2473,0.4036,0.698,0.1109,0.1136,
0.5342,0.912,0.3212,0.5088,0.728,0.3275,0.5074,0.516,0.4458,0.4584,0.668,0.2318, 0.4412,0.808,0.1913, 0.4144,0.82,0.0919, 0.4938,0.99,0.22,0.4382,0.83,0.1787,0.415,0.296,0.3255, 0.415,0.506,0.2668,0.3952,0.71,0.1271,0.388,0.286,0.2633,0.1399,
0.4776,0.36,0.4338,0.4568,0.524,0.3299,0.428,0.628,0.204,0.4192,0.756,0.1509, 0.4036,0.698,0.1109, 0.3874,0.582,0.1563, 0.519,0.124,0.5556,0.5074,0.516,0.4458,0.5028,0.628,0.3218, 0.4412,0.808,0.1913,0.4264,0.742,0.1453,0.415,0.506,0.2668,0.304,
0.5342,0.912,0.3212,0.5028,0.628,0.3218,0.498,0.942,0.2042,0.4776,0.36,0.4338, 0.442,0.842,0.1547, 0.4382,0.83,0.1787, 0.4812,0.956,0.1934,0.4526,0.942,0.1358,0.452,0.762,0.2385, 0.4412,0.808,0.1913,0.4036,0.698,0.1109,0.388,0.286,0.2633,0.2214,
0.519,0.124,0.5556,0.5088,0.728,0.3275,0.498,0.942,0.2042,0.4938,0.99,0.22, 0.4568,0.524,0.3299, 0.428,0.628,0.204, 0.5074,0.516,0.4458,0.4584,0.668,0.2318,0.438,0.62,0.2473, 0.4264,0.742,0.1453,0.4144,0.82,0.0919,0.3874,0.582,0.1563,0.2093,
0.4584,0.668,0.2318,0.4192,0.756,0.1509,0.415,0.506,0.2668,0.4144,0.82,0.0919, 0.3916,0.426,0.2104, 0.3874,0.582,0.1563, 0.519,0.124,0.5556,0.5088,0.728,0.3275,0.5074,0.516,0.4458, 0.4526,0.942,0.1358,0.442,0.842,0.1547,0.3792,0.094,0.287,0.0706,
0.5028,0.628,0.3218,0.498,0.942,0.2042,0.4776,0.36,0.4338,0.4584,0.668,0.2318, 0.4526,0.942,0.1358, 0.452,0.762,0.2385, 0.519,0.124,0.5556,0.438,0.62,0.2473,0.4264,0.742,0.1453, 0.4144,0.82,0.0919,0.4036,0.698,0.1109,0.3792,0.094,0.287,0.1597,
0.4812,0.956,0.1934,0.4412,0.808,0.1913,0.428,0.628,0.204,0.4192,0.756,0.1509, 0.401,0.752,0.0812, 0.3916,0.426,0.2104, 0.498,0.942,0.2042,0.495,0.696,0.289,0.4776,0.36,0.4338, 0.4568,0.524,0.3299,0.442,0.842,0.1547,0.438,0.62,0.2473,0.2553,
0.4938,0.99,0.22,0.4568,0.524,0.3299,0.442,0.842,0.1547,0.438,0.62,0.2473, 0.428,0.628,0.204, 0.401,0.752,0.0812, 0.4264,0.742,0.1453,0.415,0.506,0.2668,0.4144,0.82,0.0919, 0.4036,0.698,0.1109,0.3952,0.71,0.1271,0.3792,0.094,0.287,0.2713,
0.4776,0.36,0.4338,0.4568,0.524,0.3299,0.4382,0.83,0.1787,0.438,0.62,0.2473, 0.3952,0.71,0.1271, 0.3874,0.582,0.1563, 0.5342,0.912,0.3212,0.5028,0.628,0.3218,0.495,0.696,0.289, 0.4938,0.99,0.22,0.4812,0.956,0.1934,0.452,0.762,0.2385,0.0292,
0.5028,0.628,0.3218,0.428,0.628,0.204,0.415,0.296,0.3255,0.4144,0.82,0.0919, 0.401,0.752,0.0812, 0.388,0.286,0.2633, 0.519,0.124,0.5556,0.4812,0.956,0.1934,0.4526,0.942,0.1358, 0.4412,0.808,0.1913,0.4382,0.83,0.1787,0.4264,0.742,0.1453,0.3063,
0.498,0.942,0.2042,0.4412,0.808,0.1913,0.4144,0.82,0.0919,0.401,0.752,0.0812, 0.388,0.286,0.2633, 0.3792,0.094,0.287, 0.5074,0.516,0.4458,0.495,0.696,0.289,0.4938,0.99,0.22, 0.452,0.762,0.2385,0.415,0.506,0.2668,0.4036,0.698,0.1109,0.1282,
0.519,0.124,0.5556,0.4584,0.668,0.2318,0.4568,0.524,0.3299,0.452,0.762,0.2385, 0.3874,0.582,0.1563, 0.3792,0.094,0.287, 0.5342,0.912,0.3212,0.5088,0.728,0.3275,0.5074,0.516,0.4458, 0.4776,0.36,0.4338,0.4526,0.942,0.1358,0.388,0.286,0.2633,0.2846,
0.495,0.696,0.289,0.4776,0.36,0.4338,0.4584,0.668,0.2318,0.4568,0.524,0.3299, 0.452,0.762,0.2385, 0.4036,0.698,0.1109, 0.438,0.62,0.2473,0.415,0.296,0.3255,0.4144,0.82,0.0919, 0.401,0.752,0.0812,0.3916,0.426,0.2104,0.388,0.286,0.2633,0.0997,
0.5028,0.628,0.3218,0.4192,0.756,0.1509,0.415,0.506,0.2668,0.415,0.296,0.3255, 0.401,0.752,0.0812, 0.3916,0.426,0.2104, 0.5074,0.516,0.4458,0.498,0.942,0.2042,0.4938,0.99,0.22, 0.4776,0.36,0.4338,0.4036,0.698,0.1109,0.3952,0.71,0.1271,0.2642,
0.498,0.942,0.2042,0.4812,0.956,0.1934,0.438,0.62,0.2473,0.4036,0.698,0.1109, 0.3916,0.426,0.2104, 0.3792,0.094,0.287, 0.5342,0.912,0.3212,0.5088,0.728,0.3275,0.4776,0.36,0.4338, 0.442,0.842,0.1547,0.4412,0.808,0.1913,0.401,0.752,0.0812,0.2806,
0.5342,0.912,0.3212,0.5088,0.728,0.3275,0.5028,0.628,0.3218,0.4568,0.524,0.3299, 0.442,0.842,0.1547, 0.415,0.506,0.2668, 0.4812,0.956,0.1934,0.4526,0.942,0.1358,0.428,0.628,0.204, 0.415,0.296,0.3255,0.4036,0.698,0.1109,0.3874,0.582,0.1563,0.098,
0.4812,0.956,0.1934,0.442,0.842,0.1547,0.4412,0.808,0.1913,0.415,0.506,0.2668, 0.4036,0.698,0.1109, 0.3952,0.71,0.1271, 0.5342,0.912,0.3212,0.5074,0.516,0.4458,0.4938,0.99,0.22, 0.452,0.762,0.2385,0.438,0.62,0.2473,0.4144,0.82,0.0919,0.1804,
0.4526,0.942,0.1358,0.4382,0.83,0.1787,0.4144,0.82,0.0919,0.4036,0.698,0.1109, 0.401,0.752,0.0812, 0.388,0.286,0.2633, 0.519,0.124,0.5556,0.4938,0.99,0.22,0.4812,0.956,0.1934, 0.442,0.842,0.1547,0.4264,0.742,0.1453,0.3916,0.426,0.2104,0.2192,
0.519,0.124,0.5556,0.5074,0.516,0.4458,0.4584,0.668,0.2318,0.428,0.628,0.204, 0.4192,0.756,0.1509, 0.4036,0.698,0.1109, 0.4382,0.83,0.1787,0.415,0.506,0.2668,0.4144,0.82,0.0919, 0.401,0.752,0.0812,0.3952,0.71,0.1271,0.388,0.286,0.2633,0.2189,
0.495,0.696,0.289,0.4584,0.668,0.2318,0.438,0.62,0.2473,0.3952,0.71,0.1271, 0.3874,0.582,0.1563, 0.3792,0.094,0.287, 0.5342,0.912,0.3212,0.5074,0.516,0.4458,0.5028,0.628,0.3218, 0.4526,0.942,0.1358,0.442,0.842,0.1547,0.415,0.296,0.3255,0.0456,
0.4584,0.668,0.2318,0.4568,0.524,0.3299,0.452,0.762,0.2385,0.428,0.628,0.204, 0.4264,0.742,0.1453, 0.3952,0.71,0.1271, 0.5342,0.912,0.3212,0.5088,0.728,0.3275,0.4938,0.99,0.22, 0.4776,0.36,0.4338,0.442,0.842,0.1547,0.415,0.506,0.2668,0.184,
0.5088,0.728,0.3275,0.4938,0.99,0.22,0.4776,0.36,0.4338,0.4526,0.942,0.1358, 0.4382,0.83,0.1787, 0.415,0.506,0.2668, 0.452,0.762,0.2385,0.442,0.842,0.1547,0.428,0.628,0.204, 0.4264,0.742,0.1453,0.4144,0.82,0.0919,0.4036,0.698,0.1109,0.2141,
0.5342,0.912,0.3212,0.4812,0.956,0.1934,0.4382,0.83,0.1787,0.415,0.506,0.2668, 0.401,0.752,0.0812, 0.3874,0.582,0.1563, 0.519,0.124,0.5556,0.5088,0.728,0.3275,0.5028,0.628,0.3218, 0.498,0.942,0.2042,0.4776,0.36,0.4338,0.415,0.296,0.3255,0.3125,
0.5342,0.912,0.3212,0.4776,0.36,0.4338,0.4584,0.668,0.2318,0.4526,0.942,0.1358, 0.428,0.628,0.204, 0.4036,0.698,0.1109, 0.452,0.762,0.2385,0.4264,0.742,0.1453,0.4192,0.756,0.1509, 0.4144,0.82,0.0919,0.3916,0.426,0.2104,0.3874,0.582,0.1563,0.2473,
0.5074,0.516,0.4458,0.495,0.696,0.289,0.4938,0.99,0.22,0.452,0.762,0.2385, 0.442,0.842,0.1547, 0.4412,0.808,0.1913, 0.4584,0.668,0.2318,0.4526,0.942,0.1358,0.438,0.62,0.2473, 0.428,0.628,0.204,0.401,0.752,0.0812,0.3952,0.71,0.1271,0.1194,
0.4526,0.942,0.1358,0.415,0.506,0.2668,0.3952,0.71,0.1271,0.3916,0.426,0.2104, 0.388,0.286,0.2633, 0.3792,0.094,0.287, 0.5074,0.516,0.4458,0.4776,0.36,0.4338,0.4568,0.524,0.3299, 0.438,0.62,0.2473,0.4144,0.82,0.0919,0.401,0.752,0.0812,0.1513,
0.5342,0.912,0.3212,0.4938,0.99,0.22,0.4812,0.956,0.1934,0.4584,0.668,0.2318, 0.4264,0.742,0.1453, 0.4036,0.698,0.1109, 0.4568,0.524,0.3299,0.4382,0.83,0.1787,0.428,0.628,0.204, 0.415,0.506,0.2668,0.401,0.752,0.0812,0.3874,0.582,0.1563,0.2942,
0.519,0.124,0.5556,0.5074,0.516,0.4458,0.498,0.942,0.2042,0.4584,0.668,0.2318, 0.452,0.762,0.2385, 0.4036,0.698,0.1109, 0.4938,0.99,0.22,0.438,0.62,0.2473,0.4264,0.742,0.1453, 0.415,0.296,0.3255,0.415,0.506,0.2668,0.3792,0.094,0.287,0.2609,
0.519,0.124,0.5556,0.4264,0.742,0.1453,0.415,0.506,0.2668,0.401,0.752,0.0812, 0.3952,0.71,0.1271, 0.3792,0.094,0.287, 0.5074,0.516,0.4458,0.498,0.942,0.2042,0.4812,0.956,0.1934, 0.4382,0.83,0.1787,0.438,0.62,0.2473,0.388,0.286,0.2633,0.2569,
0.5342,0.912,0.3212,0.5074,0.516,0.4458,0.4526,0.942,0.1358,0.452,0.762,0.2385, 0.438,0.62,0.2473, 0.428,0.628,0.204, 0.5028,0.628,0.3218,0.4938,0.99,0.22,0.415,0.296,0.3255, 0.4144,0.82,0.0919,0.4036,0.698,0.1109,0.3792,0.094,0.287,0.2407,
0.5028,0.628,0.3218,0.498,0.942,0.2042,0.4938,0.99,0.22,0.4812,0.956,0.1934, 0.4192,0.756,0.1509, 0.4144,0.82,0.0919, 0.442,0.842,0.1547,0.4412,0.808,0.1913,0.428,0.628,0.204, 0.415,0.296,0.3255,0.3952,0.71,0.1271,0.3874,0.582,0.1563,0.2165,
0.4812,0.956,0.1934,0.415,0.296,0.3255,0.4144,0.82,0.0919,0.4036,0.698,0.1109, 0.3952,0.71,0.1271, 0.3792,0.094,0.287, 0.5088,0.728,0.3275,0.4584,0.668,0.2318,0.452,0.762,0.2385, 0.4412,0.808,0.1913,0.4382,0.83,0.1787,0.4264,0.742,0.1453,0.2248,
0.519,0.124,0.5556,0.4776,0.36,0.4338,0.4526,0.942,0.1358,0.452,0.762,0.2385, 0.4412,0.808,0.1913, 0.428,0.628,0.204, 0.442,0.842,0.1547,0.4382,0.83,0.1787,0.4264,0.742,0.1453, 0.4036,0.698,0.1109,0.3952,0.71,0.1271,0.3916,0.426,0.2104,0.1285,
0.4812,0.956,0.1934,0.452,0.762,0.2385,0.4382,0.83,0.1787,0.415,0.296,0.3255, 0.4036,0.698,0.1109, 0.3916,0.426,0.2104, 0.519,0.124,0.5556,0.5088,0.728,0.3275,0.498,0.942,0.2042, 0.4938,0.99,0.22,0.4526,0.942,0.1358,0.388,0.286,0.2633,0.256,
0.4938,0.99,0.22,0.4584,0.668,0.2318,0.4192,0.756,0.1509,0.3952,0.71,0.1271, 0.388,0.286,0.2633, 0.3874,0.582,0.1563, 0.519,0.124,0.5556,0.5074,0.516,0.4458,0.495,0.696,0.289, 0.4526,0.942,0.1358,0.415,0.506,0.2668,0.4036,0.698,0.1109,0.2861,
0.5028,0.628,0.3218,0.498,0.942,0.2042,0.4568,0.524,0.3299,0.4382,0.83,0.1787, 0.388,0.286,0.2633, 0.3792,0.094,0.287, 0.519,0.124,0.5556,0.5088,0.728,0.3275,0.5074,0.516,0.4458, 0.495,0.696,0.289,0.4776,0.36,0.4338,0.3916,0.426,0.2104,0.2567,
0.519,0.124,0.5556,0.4938,0.99,0.22,0.4584,0.668,0.2318,0.452,0.762,0.2385, 0.4412,0.808,0.1913, 0.401,0.752,0.0812, 0.4776,0.36,0.4338,0.4568,0.524,0.3299,0.4192,0.756,0.1509, 0.4036,0.698,0.1109,0.3916,0.426,0.2104,0.3792,0.094,0.287,0.2999,
0.519,0.124,0.5556,0.4776,0.36,0.4338,0.4568,0.524,0.3299,0.4526,0.942,0.1358, 0.428,0.628,0.204, 0.388,0.286,0.2633, 0.5074,0.516,0.4458,0.4036,0.698,0.1109,0.401,0.752,0.0812, 0.3952,0.71,0.1271,0.3916,0.426,0.2104,0.3792,0.094,0.287,0.2204,
0.4812,0.956,0.1934,0.4192,0.756,0.1509,0.4144,0.82,0.0919,0.3952,0.71,0.1271, 0.3916,0.426,0.2104, 0.388,0.286,0.2633, 0.5342,0.912,0.3212,0.5088,0.728,0.3275,0.452,0.762,0.2385, 0.442,0.842,0.1547,0.438,0.62,0.2473,0.3792,0.094,0.287,0.1945,
0.5342,0.912,0.3212,0.5088,0.728,0.3275,0.495,0.696,0.289,0.4812,0.956,0.1934, 0.4776,0.36,0.4338, 0.4036,0.698,0.1109, 0.4526,0.942,0.1358,0.4412,0.808,0.1913,0.4382,0.83,0.1787, 0.4264,0.742,0.1453,0.4192,0.756,0.1509,0.401,0.752,0.0812,0.0655,
0.519,0.124,0.5556,0.498,0.942,0.2042,0.4036,0.698,0.1109,0.3952,0.71,0.1271, 0.3916,0.426,0.2104, 0.388,0.286,0.2633, 0.5342,0.912,0.3212,0.5088,0.728,0.3275,0.5074,0.516,0.4458, 0.4584,0.668,0.2318,0.415,0.296,0.3255,0.415,0.506,0.2668,0.1443,
0.519,0.124,0.5556,0.452,0.762,0.2385,0.4412,0.808,0.1913,0.415,0.296,0.3255, 0.4144,0.82,0.0919, 0.3952,0.71,0.1271, 0.5342,0.912,0.3212,0.5074,0.516,0.4458,0.498,0.942,0.2042, 0.495,0.696,0.289,0.4938,0.99,0.22,0.4382,0.83,0.1787,0.0289,
0.5028,0.628,0.3218,0.498,0.942,0.2042,0.4938,0.99,0.22,0.4812,0.956,0.1934, 0.4584,0.668,0.2318, 0.4412,0.808,0.1913, 0.495,0.696,0.289,0.4526,0.942,0.1358,0.428,0.628,0.204, 0.401,0.752,0.0812,0.3916,0.426,0.2104,0.388,0.286,0.2633,0.0287,
0.519,0.124,0.5556,0.5074,0.516,0.4458,0.4776,0.36,0.4338,0.452,0.762,0.2385, 0.4144,0.82,0.0919, 0.388,0.286,0.2633, 0.4568,0.524,0.3299,0.4412,0.808,0.1913,0.415,0.296,0.3255, 0.3952,0.71,0.1271,0.3916,0.426,0.2104,0.3874,0.582,0.1563,0.2196,
0.519,0.124,0.5556,0.5028,0.628,0.3218,0.4938,0.99,0.22,0.452,0.762,0.2385, 0.438,0.62,0.2473, 0.3874,0.582,0.1563, 0.4568,0.524,0.3299,0.4412,0.808,0.1913,0.4264,0.742,0.1453, 0.4192,0.756,0.1509,0.415,0.296,0.3255,0.388,0.286,0.2633,0.3101,
0.4776,0.36,0.4338,0.428,0.628,0.204,0.4144,0.82,0.0919,0.3916,0.426,0.2104, 0.388,0.286,0.2633, 0.3792,0.094,0.287, 0.5088,0.728,0.3275,0.495,0.696,0.289,0.4812,0.956,0.1934, 0.438,0.62,0.2473,0.4264,0.742,0.1453,0.4036,0.698,0.1109,0.2181,
0.5342,0.912,0.3212,0.519,0.124,0.5556,0.5088,0.728,0.3275,0.5028,0.628,0.3218, 0.495,0.696,0.289, 0.4382,0.83,0.1787, 0.4938,0.99,0.22,0.4776,0.36,0.4338,0.452,0.762,0.2385, 0.4412,0.808,0.1913,0.4264,0.742,0.1453,0.4192,0.756,0.1509,0.2858,
0.4526,0.942,0.1358,0.4412,0.808,0.1913,0.428,0.628,0.204,0.401,0.752,0.0812, 0.3952,0.71,0.1271, 0.3792,0.094,0.287, 0.498,0.942,0.2042,0.4938,0.99,0.22,0.4584,0.668,0.2318, 0.4568,0.524,0.3299,0.438,0.62,0.2473,0.4264,0.742,0.1453,0.1667,
0.5074,0.516,0.4458,0.4584,0.668,0.2318,0.4412,0.808,0.1913,0.428,0.628,0.204, 0.4264,0.742,0.1453, 0.388,0.286,0.2633, 0.5342,0.912,0.3212,0.519,0.124,0.5556,0.498,0.942,0.2042, 0.4812,0.956,0.1934,0.438,0.62,0.2473,0.4192,0.756,0.1509,0.3206,
0.5342,0.912,0.3212,0.519,0.124,0.5556,0.4584,0.668,0.2318,0.4412,0.808,0.1913, 0.4382,0.83,0.1787, 0.4144,0.82,0.0919, 0.4568,0.524,0.3299,0.442,0.842,0.1547,0.438,0.62,0.2473, 0.4264,0.742,0.1453,0.3916,0.426,0.2104,0.3874,0.582,0.1563,0.2505,
0.4812,0.956,0.1934,0.452,0.762,0.2385,0.4144,0.82,0.0919,0.4036,0.698,0.1109, 0.388,0.286,0.2633, 0.3792,0.094,0.287, 0.5088,0.728,0.3275,0.5074,0.516,0.4458,0.5028,0.628,0.3218, 0.4382,0.83,0.1787,0.4192,0.756,0.1509,0.3916,0.426,0.2104,0.1999,
0.5342,0.912,0.3212,0.519,0.124,0.5556,0.498,0.942,0.2042,0.4938,0.99,0.22, 0.4812,0.956,0.1934, 0.4036,0.698,0.1109, 0.4568,0.524,0.3299,0.452,0.762,0.2385,0.4382,0.83,0.1787, 0.428,0.628,0.204,0.415,0.296,0.3255,0.401,0.752,0.0812,0.1026,
0.5028,0.628,0.3218,0.4192,0.756,0.1509,0.415,0.296,0.3255,0.401,0.752,0.0812, 0.388,0.286,0.2633, 0.3792,0.094,0.287, 0.5074,0.516,0.4458,0.498,0.942,0.2042,0.4568,0.524,0.3299, 0.4526,0.942,0.1358,0.4382,0.83,0.1787,0.428,0.628,0.204,0.0666,
0.519,0.124,0.5556,0.4812,0.956,0.1934,0.4584,0.668,0.2318,0.4568,0.524,0.3299, 0.4382,0.83,0.1787, 0.3952,0.71,0.1271, 0.4526,0.942,0.1358,0.4412,0.808,0.1913,0.428,0.628,0.204, 0.401,0.752,0.0812,0.3916,0.426,0.2104,0.3874,0.582,0.1563,0.2378,
0.5342,0.912,0.3212,0.5088,0.728,0.3275,0.5074,0.516,0.4458,0.4812,0.956,0.1934, 0.415,0.506,0.2668, 0.4036,0.698,0.1109, 0.519,0.124,0.5556,0.498,0.942,0.2042,0.4264,0.742,0.1453, 0.415,0.296,0.3255,0.388,0.286,0.2633,0.3792,0.094,0.287,0.2037,
0.4938,0.99,0.22,0.428,0.628,0.204,0.4264,0.742,0.1453,0.415,0.506,0.2668, 0.4036,0.698,0.1109, 0.3874,0.582,0.1563, 0.5342,0.912,0.3212,0.519,0.124,0.5556,0.4568,0.524,0.3299, 0.442,0.842,0.1547,0.4382,0.83,0.1787,0.4144,0.82,0.0919,0.2563,
0.4568,0.524,0.3299,0.4412,0.808,0.1913,0.415,0.296,0.3255,0.4144,0.82,0.0919, 0.3952,0.71,0.1271, 0.3916,0.426,0.2104, 0.5342,0.912,0.3212,0.5074,0.516,0.4458,0.4812,0.956,0.1934, 0.4776,0.36,0.4338,0.442,0.842,0.1547,0.401,0.752,0.0812,0.034,
0.5342,0.912,0.3212,0.4192,0.756,0.1509,0.415,0.296,0.3255,0.4144,0.82,0.0919, 0.4036,0.698,0.1109, 0.3792,0.094,0.287, 0.5074,0.516,0.4458,0.5028,0.628,0.3218,0.4526,0.942,0.1358, 0.4412,0.808,0.1913,0.4382,0.83,0.1787,0.428,0.628,0.204,0.3143,
0.5028,0.628,0.3218,0.495,0.696,0.289,0.4938,0.99,0.22,0.452,0.762,0.2385, 0.438,0.62,0.2473, 0.415,0.506,0.2668, 0.5342,0.912,0.3212,0.428,0.628,0.204,0.4264,0.742,0.1453, 0.401,0.752,0.0812,0.3916,0.426,0.2104,0.3874,0.582,0.1563,0.247,
0.5088,0.728,0.3275,0.5028,0.628,0.3218,0.495,0.696,0.289,0.4812,0.956,0.1934, 0.442,0.842,0.1547, 0.438,0.62,0.2473, 0.5342,0.912,0.3212,0.428,0.628,0.204,0.4264,0.742,0.1453, 0.4144,0.82,0.0919,0.3916,0.426,0.2104,0.388,0.286,0.2633,0.1712,
0.5074,0.516,0.4458,0.5028,0.628,0.3218,0.452,0.762,0.2385,0.4036,0.698,0.1109, 0.388,0.286,0.2633, 0.3874,0.582,0.1563, 0.5088,0.728,0.3275,0.498,0.942,0.2042,0.4938,0.99,0.22, 0.4812,0.956,0.1934,0.4568,0.524,0.3299,0.442,0.842,0.1547,0.3013,
0.438,0.62,0.2473,0.415,0.506,0.2668,0.415,0.296,0.3255,0.4144,0.82,0.0919, 0.3952,0.71,0.1271, 0.3916,0.426,0.2104, 0.5088,0.728,0.3275,0.498,0.942,0.2042,0.4812,0.956,0.1934, 0.4584,0.668,0.2318,0.4568,0.524,0.3299,0.401,0.752,0.0812,0.1189,
0.5074,0.516,0.4458,0.452,0.762,0.2385,0.438,0.62,0.2473,0.4192,0.756,0.1509, 0.4144,0.82,0.0919, 0.3874,0.582,0.1563, 0.5342,0.912,0.3212,0.519,0.124,0.5556,0.495,0.696,0.289, 0.4776,0.36,0.4338,0.442,0.842,0.1547,0.415,0.506,0.2668,0.2763,
0.5074,0.516,0.4458,0.498,0.942,0.2042,0.4938,0.99,0.22,0.4568,0.524,0.3299, 0.438,0.62,0.2473, 0.4036,0.698,0.1109, 0.5028,0.628,0.3218,0.442,0.842,0.1547,0.4264,0.742,0.1453, 0.415,0.296,0.3255,0.3952,0.71,0.1271,0.3874,0.582,0.1563,0.2599,
0.519,0.124,0.5556,0.498,0.942,0.2042,0.4938,0.99,0.22,0.4568,0.524,0.3299, 0.442,0.842,0.1547, 0.428,0.628,0.204, 0.4776,0.36,0.4338,0.4584,0.668,0.2318,0.438,0.62,0.2473, 0.3952,0.71,0.1271,0.3874,0.582,0.1563,0.3792,0.094,0.287,0.1322,
0.5074,0.516,0.4458,0.4938,0.99,0.22,0.4526,0.942,0.1358,0.452,0.762,0.2385, 0.4412,0.808,0.1913, 0.3952,0.71,0.1271, 0.4812,0.956,0.1934,0.442,0.842,0.1547,0.415,0.296,0.3255, 0.4144,0.82,0.0919,0.388,0.286,0.2633,0.3792,0.094,0.287,0.1972,
0.5342,0.912,0.3212,0.5074,0.516,0.4458,0.495,0.696,0.289,0.4938,0.99,0.22, 0.4264,0.742,0.1453, 0.401,0.752,0.0812, 0.4776,0.36,0.4338,0.4584,0.668,0.2318,0.4568,0.524,0.3299, 0.4036,0.698,0.1109,0.388,0.286,0.2633,0.3874,0.582,0.1563,0.1789,
0.5342,0.912,0.3212,0.519,0.124,0.5556,0.5028,0.628,0.3218,0.4776,0.36,0.4338, 0.4412,0.808,0.1913, 0.415,0.296,0.3255, 0.4584,0.668,0.2318,0.4526,0.942,0.1358,0.428,0.628,0.204, 0.4192,0.756,0.1509,0.415,0.506,0.2668,0.3916,0.426,0.2104,0.0247,
0.5342,0.912,0.3212,0.438,0.62,0.2473,0.415,0.506,0.2668,0.388,0.286,0.2633, 0.3874,0.582,0.1563, 0.3792,0.094,0.287, 0.519,0.124,0.5556,0.5074,0.516,0.4458,0.5028,0.628,0.3218, 0.4776,0.36,0.4338,0.415,0.296,0.3255,0.3916,0.426,0.2104,0.2212,
0.4412,0.808,0.1913,0.428,0.628,0.204,0.4264,0.742,0.1453,0.415,0.296,0.3255, 0.401,0.752,0.0812, 0.3916,0.426,0.2104, 0.5088,0.728,0.3275,0.5028,0.628,0.3218,0.4938,0.99,0.22, 0.4776,0.36,0.4338,0.4144,0.82,0.0919,0.3874,0.582,0.1563,0.1539,
0.4812,0.956,0.1934,0.4584,0.668,0.2318,0.4382,0.83,0.1787,0.4144,0.82,0.0919, 0.4036,0.698,0.1109, 0.3916,0.426,0.2104, 0.519,0.124,0.5556,0.5074,0.516,0.4458,0.4938,0.99,0.22, 0.4776,0.36,0.4338,0.415,0.506,0.2668,0.388,0.286,0.2633,0.2243,
0.519,0.124,0.5556,0.5028,0.628,0.3218,0.4568,0.524,0.3299,0.4526,0.942,0.1358, 0.4192,0.756,0.1509, 0.415,0.506,0.2668, 0.4382,0.83,0.1787,0.428,0.628,0.204,0.4264,0.742,0.1453, 0.415,0.296,0.3255,0.4144,0.82,0.0919,0.3952,0.71,0.1271,0.2683,
0.442,0.842,0.1547,0.4264,0.742,0.1453,0.415,0.296,0.3255,0.3916,0.426,0.2104, 0.388,0.286,0.2633, 0.3874,0.582,0.1563, 0.5342,0.912,0.3212,0.4812,0.956,0.1934,0.4584,0.668,0.2318, 0.428,0.628,0.204,0.4192,0.756,0.1509,0.3792,0.094,0.287,0.3024,
0.5028,0.628,0.3218,0.4382,0.83,0.1787,0.4264,0.742,0.1453,0.415,0.296,0.3255, 0.401,0.752,0.0812, 0.388,0.286,0.2633, 0.5342,0.912,0.3212,0.5074,0.516,0.4458,0.4812,0.956,0.1934, 0.442,0.842,0.1547,0.4412,0.808,0.1913,0.3916,0.426,0.2104,0.2255,
0.4412,0.808,0.1913,0.428,0.628,0.204,0.415,0.506,0.2668,0.4144,0.82,0.0919, 0.401,0.752,0.0812, 0.3916,0.426,0.2104, 0.5074,0.516,0.4458,0.4938,0.99,0.22,0.4584,0.668,0.2318, 0.4568,0.524,0.3299,0.4036,0.698,0.1109,0.3874,0.582,0.1563,0.3204,
0.519,0.124,0.5556,0.498,0.942,0.2042,0.4812,0.956,0.1934,0.4412,0.808,0.1913, 0.4382,0.83,0.1787, 0.388,0.286,0.2633, 0.438,0.62,0.2473,0.428,0.628,0.204,0.4192,0.756,0.1509, 0.415,0.296,0.3255,0.4036,0.698,0.1109,0.3916,0.426,0.2104,0.1965,
0.5074,0.516,0.4458,0.4584,0.668,0.2318,0.4526,0.942,0.1358,0.4412,0.808,0.1913, 0.401,0.752,0.0812, 0.3874,0.582,0.1563, 0.5342,0.912,0.3212,0.519,0.124,0.5556,0.498,0.942,0.2042, 0.4812,0.956,0.1934,0.452,0.762,0.2385,0.4144,0.82,0.0919,0.2936,
0.5342,0.912,0.3212,0.5088,0.728,0.3275,0.4938,0.99,0.22,0.4812,0.956,0.1934, 0.4584,0.668,0.2318, 0.4192,0.756,0.1509, 0.5074,0.516,0.4458,0.495,0.696,0.289,0.442,0.842,0.1547, 0.415,0.506,0.2668,0.3952,0.71,0.1271,0.3916,0.426,0.2104,0.3069,
0.4812,0.956,0.1934,0.4526,0.942,0.1358,0.428,0.628,0.204,0.3952,0.71,0.1271, 0.388,0.286,0.2633, 0.3792,0.094,0.287, 0.5074,0.516,0.4458,0.4938,0.99,0.22,0.4776,0.36,0.4338, 0.4382,0.83,0.1787,0.4264,0.742,0.1453,0.401,0.752,0.0812,0.2704,
0.4584,0.668,0.2318,0.4382,0.83,0.1787,0.4264,0.742,0.1453,0.4192,0.756,0.1509, 0.4036,0.698,0.1109, 0.401,0.752,0.0812, 0.5074,0.516,0.4458,0.5028,0.628,0.3218,0.4812,0.956,0.1934, 0.4776,0.36,0.4338,0.4144,0.82,0.0919,0.3792,0.094,0.287,0.3111,
0.4812,0.956,0.1934,0.4568,0.524,0.3299,0.428,0.628,0.204,0.4144,0.82,0.0919, 0.3916,0.426,0.2104, 0.3792,0.094,0.287, 0.5342,0.912,0.3212,0.5088,0.728,0.3275,0.4776,0.36,0.4338, 0.4412,0.808,0.1913,0.415,0.506,0.2668,0.3874,0.582,0.1563,0.2386,
0.519,0.124,0.5556,0.5088,0.728,0.3275,0.5074,0.516,0.4458,0.4526,0.942,0.1358, 0.452,0.762,0.2385, 0.4382,0.83,0.1787, 0.498,0.942,0.2042,0.495,0.696,0.289,0.438,0.62,0.2473, 0.415,0.506,0.2668,0.3916,0.426,0.2104,0.3874,0.582,0.1563,0.1904,
0.4584,0.668,0.2318,0.452,0.762,0.2385,0.438,0.62,0.2473,0.4192,0.756,0.1509, 0.401,0.752,0.0812, 0.388,0.286,0.2633, 0.5028,0.628,0.3218,0.498,0.942,0.2042,0.495,0.696,0.289, 0.4812,0.956,0.1934,0.4776,0.36,0.4338,0.3952,0.71,0.1271,0.1825,
0.5088,0.728,0.3275,0.498,0.942,0.2042,0.4776,0.36,0.4338,0.4568,0.524,0.3299, 0.428,0.628,0.204, 0.415,0.506,0.2668, 0.4938,0.99,0.22,0.442,0.842,0.1547,0.4264,0.742,0.1453, 0.3952,0.71,0.1271,0.388,0.286,0.2633,0.3792,0.094,0.287,0.1623,
0.5074,0.516,0.4458,0.4776,0.36,0.4338,0.4412,0.808,0.1913,0.438,0.62,0.2473, 0.3874,0.582,0.1563, 0.3792,0.094,0.287, 0.5342,0.912,0.3212,0.519,0.124,0.5556,0.4938,0.99,0.22, 0.4812,0.956,0.1934,0.4568,0.524,0.3299,0.4144,0.82,0.0919,0.2764,
0.4412,0.808,0.1913,0.4264,0.742,0.1453,0.415,0.296,0.3255,0.4144,0.82,0.0919, 0.4036,0.698,0.1109, 0.3792,0.094,0.287, 0.519,0.124,0.5556,0.4776,0.36,0.4338,0.4568,0.524,0.3299, 0.4526,0.942,0.1358,0.415,0.506,0.2668,0.3952,0.71,0.1271,0.1761,
0.442,0.842,0.1547,0.428,0.628,0.204,0.415,0.296,0.3255,0.4036,0.698,0.1109, 0.388,0.286,0.2633, 0.3874,0.582,0.1563, 0.5342,0.912,0.3212,0.5028,0.628,0.3218,0.4938,0.99,0.22, 0.4412,0.808,0.1913,0.401,0.752,0.0812,0.3916,0.426,0.2104,0.1244,
0.5342,0.912,0.3212,0.498,0.942,0.2042,0.495,0.696,0.289,0.4812,0.956,0.1934, 0.4412,0.808,0.1913, 0.3792,0.094,0.287, 0.4938,0.99,0.22,0.4382,0.83,0.1787,0.415,0.506,0.2668, 0.4036,0.698,0.1109,0.3952,0.71,0.1271,0.3916,0.426,0.2104,0.2432,
0.5342,0.912,0.3212,0.519,0.124,0.5556,0.5088,0.728,0.3275,0.5028,0.628,0.3218, 0.4938,0.99,0.22, 0.4568,0.524,0.3299, 0.498,0.942,0.2042,0.4584,0.668,0.2318,0.4412,0.808,0.1913, 0.4382,0.83,0.1787,0.4192,0.756,0.1509,0.415,0.506,0.2668,0.0289,
0.519,0.124,0.5556,0.4264,0.742,0.1453,0.4144,0.82,0.0919,0.4036,0.698,0.1109, 0.3916,0.426,0.2104, 0.3792,0.094,0.287, 0.5074,0.516,0.4458,0.4938,0.99,0.22,0.452,0.762,0.2385, 0.4412,0.808,0.1913,0.4382,0.83,0.1787,0.428,0.628,0.204,0.085,
0.5342,0.912,0.3212,0.498,0.942,0.2042,0.4938,0.99,0.22,0.452,0.762,0.2385, 0.4382,0.83,0.1787, 0.388,0.286,0.2633, 0.5088,0.728,0.3275,0.5028,0.628,0.3218,0.4144,0.82,0.0919, 0.3952,0.71,0.1271,0.3874,0.582,0.1563,0.3792,0.094,0.287,0.2343,
0.5342,0.912,0.3212,0.4526,0.942,0.1358,0.452,0.762,0.2385,0.4382,0.83,0.1787, 0.4264,0.742,0.1453, 0.3952,0.71,0.1271, 0.498,0.942,0.2042,0.428,0.628,0.204,0.3916,0.426,0.2104, 0.388,0.286,0.2633,0.3874,0.582,0.1563,0.3792,0.094,0.287,0.2249,
0.5074,0.516,0.4458,0.4812,0.956,0.1934,0.4584,0.668,0.2318,0.4264,0.742,0.1453, 0.415,0.296,0.3255, 0.388,0.286,0.2633, 0.5342,0.912,0.3212,0.519,0.124,0.5556,0.5088,0.728,0.3275, 0.4938,0.99,0.22,0.4382,0.83,0.1787,0.415,0.506,0.2668,0.2681,
0.519,0.124,0.5556,0.5028,0.628,0.3218,0.495,0.696,0.289,0.4938,0.99,0.22, 0.4526,0.942,0.1358, 0.428,0.628,0.204, 0.5342,0.912,0.3212,0.452,0.762,0.2385,0.442,0.842,0.1547, 0.415,0.296,0.3255,0.401,0.752,0.0812,0.3792,0.094,0.287,0.283,
0.498,0.942,0.2042,0.4776,0.36,0.4338,0.438,0.62,0.2473,0.415,0.296,0.3255, 0.4144,0.82,0.0919, 0.3792,0.094,0.287, 0.519,0.124,0.5556,0.5074,0.516,0.4458,0.5028,0.628,0.3218, 0.4812,0.956,0.1934,0.4382,0.83,0.1787,0.4264,0.742,0.1453,0.2474,
0.5342,0.912,0.3212,0.519,0.124,0.5556,0.5028,0.628,0.3218,0.428,0.628,0.204, 0.415,0.296,0.3255, 0.3952,0.71,0.1271, 0.5088,0.728,0.3275,0.4144,0.82,0.0919,0.4036,0.698,0.1109, 0.401,0.752,0.0812,0.3916,0.426,0.2104,0.3874,0.582,0.1563,0.1011,
0.4776,0.36,0.4338,0.4568,0.524,0.3299,0.4526,0.942,0.1358,0.4382,0.83,0.1787, 0.4144,0.82,0.0919, 0.3874,0.582,0.1563, 0.5342,0.912,0.3212,0.5088,0.728,0.3275,0.498,0.942,0.2042, 0.4812,0.956,0.1934,0.4412,0.808,0.1913,0.4264,0.742,0.1453,0.2944,
0.4526,0.942,0.1358,0.4382,0.83,0.1787,0.438,0.62,0.2473,0.4036,0.698,0.1109, 0.401,0.752,0.0812, 0.3916,0.426,0.2104, 0.5028,0.628,0.3218,0.498,0.942,0.2042,0.4812,0.956,0.1934, 0.4584,0.668,0.2318,0.4568,0.524,0.3299,0.388,0.286,0.2633,0.2585,
0.519,0.124,0.5556,0.495,0.696,0.289,0.4812,0.956,0.1934,0.4776,0.36,0.4338, 0.4382,0.83,0.1787, 0.4192,0.756,0.1509, 0.5342,0.912,0.3212,0.4144,0.82,0.0919,0.3952,0.71,0.1271, 0.3916,0.426,0.2104,0.388,0.286,0.2633,0.3874,0.582,0.1563,0.0547,
0.5342,0.912,0.3212,0.519,0.124,0.5556,0.5028,0.628,0.3218,0.498,0.942,0.2042, 0.495,0.696,0.289, 0.4938,0.99,0.22, 0.5088,0.728,0.3275,0.5074,0.516,0.4458,0.4412,0.808,0.1913, 0.438,0.62,0.2473,0.415,0.296,0.3255,0.3874,0.582,0.1563,0.1589,
0.4526,0.942,0.1358,0.4412,0.808,0.1913,0.415,0.506,0.2668,0.4036,0.698,0.1109, 0.3916,0.426,0.2104, 0.3792,0.094,0.287, 0.519,0.124,0.5556,0.5088,0.728,0.3275,0.4938,0.99,0.22, 0.4584,0.668,0.2318,0.4192,0.756,0.1509,0.401,0.752,0.0812,0.1144,
0.4938,0.99,0.22,0.4412,0.808,0.1913,0.415,0.506,0.2668,0.4144,0.82,0.0919, 0.3952,0.71,0.1271, 0.3874,0.582,0.1563, 0.5342,0.912,0.3212,0.5074,0.516,0.4458,0.5028,0.628,0.3218, 0.4584,0.668,0.2318,0.4568,0.524,0.3299,0.4192,0.756,0.1509,0.0746,
0.5342,0.912,0.3212,0.498,0.942,0.2042,0.4812,0.956,0.1934,0.4776,0.36,0.4338, 0.4568,0.524,0.3299, 0.4264,0.742,0.1453, 0.5088,0.728,0.3275,0.442,0.842,0.1547,0.4412,0.808,0.1913, 0.438,0.62,0.2473,0.415,0.296,0.3255,0.401,0.752,0.0812,0.3252,
0.495,0.696,0.289,0.4584,0.668,0.2318,0.428,0.628,0.204,0.4264,0.742,0.1453, 0.415,0.296,0.3255, 0.388,0.286,0.2633, 0.5342,0.912,0.3212,0.4938,0.99,0.22,0.4776,0.36,0.4338, 0.4526,0.942,0.1358,0.4382,0.83,0.1787,0.438,0.62,0.2473,0.1968,
0.5074,0.516,0.4458,0.498,0.942,0.2042,0.4776,0.36,0.4338,0.4584,0.668,0.2318, 0.4526,0.942,0.1358, 0.452,0.762,0.2385, 0.5342,0.912,0.3212,0.4264,0.742,0.1453,0.415,0.506,0.2668, 0.415,0.296,0.3255,0.401,0.752,0.0812,0.3792,0.094,0.287,0.1288,
0.5342,0.912,0.3212,0.5088,0.728,0.3275,0.5074,0.516,0.4458,0.495,0.696,0.289, 0.4568,0.524,0.3299, 0.3792,0.094,0.287, 0.4938,0.99,0.22,0.4776,0.36,0.4338,0.4192,0.756,0.1509, 0.415,0.296,0.3255,0.4036,0.698,0.1109,0.3952,0.71,0.1271,0.2182,
0.519,0.124,0.5556,0.5074,0.516,0.4458,0.4812,0.956,0.1934,0.452,0.762,0.2385, 0.442,0.842,0.1547, 0.401,0.752,0.0812, 0.5028,0.628,0.3218,0.4412,0.808,0.1913,0.4264,0.742,0.1453, 0.4144,0.82,0.0919,0.4036,0.698,0.1109,0.3952,0.71,0.1271,0.2703,
0.5342,0.912,0.3212,0.519,0.124,0.5556,0.5028,0.628,0.3218,0.4938,0.99,0.22, 0.4584,0.668,0.2318, 0.415,0.506,0.2668, 0.498,0.942,0.2042,0.452,0.762,0.2385,0.438,0.62,0.2473, 0.4192,0.756,0.1509,0.4036,0.698,0.1109,0.3916,0.426,0.2104,0.0653,
0.4812,0.956,0.1934,0.4382,0.83,0.1787,0.4036,0.698,0.1109,0.3952,0.71,0.1271, 0.388,0.286,0.2633, 0.3792,0.094,0.287, 0.5088,0.728,0.3275,0.498,0.942,0.2042,0.4938,0.99,0.22, 0.4526,0.942,0.1358,0.438,0.62,0.2473,0.415,0.506,0.2668,0.0052,
0.5088,0.728,0.3275,0.428,0.628,0.204,0.4264,0.742,0.1453,0.415,0.506,0.2668, 0.3916,0.426,0.2104, 0.388,0.286,0.2633, 0.5342,0.912,0.3212,0.498,0.942,0.2042,0.4938,0.99,0.22, 0.4812,0.956,0.1934,0.4776,0.36,0.4338,0.3874,0.582,0.1563,0.0393,
0.495,0.696,0.289,0.452,0.762,0.2385,0.442,0.842,0.1547,0.415,0.296,0.3255, 0.388,0.286,0.2633, 0.3792,0.094,0.287, 0.5074,0.516,0.4458,0.5028,0.628,0.3218,0.4812,0.956,0.1934, 0.4776,0.36,0.4338,0.4264,0.742,0.1453,0.3952,0.71,0.1271,0.3204,
0.5342,0.912,0.3212,0.519,0.124,0.5556,0.5088,0.728,0.3275,0.442,0.842,0.1547, 0.4264,0.742,0.1453, 0.415,0.296,0.3255, 0.495,0.696,0.289,0.4526,0.942,0.1358,0.428,0.628,0.204, 0.4144,0.82,0.0919,0.3916,0.426,0.2104,0.3874,0.582,0.1563,0.1499,
0.5088,0.728,0.3275,0.5074,0.516,0.4458,0.4938,0.99,0.22,0.428,0.628,0.204, 0.4264,0.742,0.1453, 0.3916,0.426,0.2104, 0.4584,0.668,0.2318,0.452,0.762,0.2385,0.438,0.62,0.2473, 0.388,0.286,0.2633,0.3874,0.582,0.1563,0.3792,0.094,0.287,0.2365,
0.5342,0.912,0.3212,0.495,0.696,0.289,0.4776,0.36,0.4338,0.4584,0.668,0.2318, 0.3952,0.71,0.1271, 0.3916,0.426,0.2104, 0.442,0.842,0.1547,0.4412,0.808,0.1913,0.4382,0.83,0.1787, 0.4192,0.756,0.1509,0.4036,0.698,0.1109,0.3792,0.094,0.287,0.3276,
0.452,0.762,0.2385,0.4382,0.83,0.1787,0.4264,0.742,0.1453,0.415,0.296,0.3255, 0.4144,0.82,0.0919, 0.3874,0.582,0.1563, 0.498,0.942,0.2042,0.4812,0.956,0.1934,0.4776,0.36,0.4338, 0.4584,0.668,0.2318,0.4568,0.524,0.3299,0.415,0.506,0.2668,0.2511,
0.519,0.124,0.5556,0.5088,0.728,0.3275,0.498,0.942,0.2042,0.4812,0.956,0.1934, 0.442,0.842,0.1547, 0.4412,0.808,0.1913, 0.495,0.696,0.289,0.4568,0.524,0.3299,0.4382,0.83,0.1787, 0.428,0.628,0.204,0.4192,0.756,0.1509,0.4036,0.698,0.1109,0.2867,
0.5342,0.912,0.3212,0.519,0.124,0.5556,0.498,0.942,0.2042,0.495,0.696,0.289, 0.4584,0.668,0.2318, 0.4382,0.83,0.1787, 0.5074,0.516,0.4458,0.4776,0.36,0.4338,0.428,0.628,0.204, 0.415,0.506,0.2668,0.401,0.752,0.0812,0.3792,0.094,0.287,0.1103,
0.4938,0.99,0.22,0.438,0.62,0.2473,0.415,0.296,0.3255,0.4036,0.698,0.1109, 0.3874,0.582,0.1563, 0.3792,0.094,0.287, 0.5028,0.628,0.3218,0.498,0.942,0.2042,0.495,0.696,0.289, 0.442,0.842,0.1547,0.4412,0.808,0.1913,0.4264,0.742,0.1453,0.2356,
0.4938,0.99,0.22,0.4382,0.83,0.1787,0.415,0.296,0.3255,0.3916,0.426,0.2104, 0.388,0.286,0.2633, 0.3874,0.582,0.1563, 0.5088,0.728,0.3275,0.5028,0.628,0.3218,0.498,0.942,0.2042, 0.4776,0.36,0.4338,0.4264,0.742,0.1453,0.4144,0.82,0.0919,0.2119,
0.5342,0.912,0.3212,0.442,0.842,0.1547,0.4264,0.742,0.1453,0.415,0.296,0.3255, 0.415,0.506,0.2668, 0.3792,0.094,0.287, 0.519,0.124,0.5556,0.5074,0.516,0.4458,0.495,0.696,0.289, 0.4812,0.956,0.1934,0.4568,0.524,0.3299,0.4036,0.698,0.1109,0.279,
0.498,0.942,0.2042,0.4812,0.956,0.1934,0.4412,0.808,0.1913,0.4192,0.756,0.1509, 0.4144,0.82,0.0919, 0.3952,0.71,0.1271, 0.5342,0.912,0.3212,0.519,0.124,0.5556,0.5088,0.728,0.3275, 0.4568,0.524,0.3299,0.438,0.62,0.2473,0.4264,0.742,0.1453,0.3012,
0.5088,0.728,0.3275,0.4776,0.36,0.4338,0.4144,0.82,0.0919,0.3952,0.71,0.1271, 0.388,0.286,0.2633, 0.3792,0.094,0.287, 0.5342,0.912,0.3212,0.519,0.124,0.5556,0.5074,0.516,0.4458, 0.452,0.762,0.2385,0.4192,0.756,0.1509,0.415,0.506,0.2668,0.0515,
0.519,0.124,0.5556,0.5028,0.628,0.3218,0.4938,0.99,0.22,0.4812,0.956,0.1934, 0.442,0.842,0.1547, 0.4144,0.82,0.0919, 0.5088,0.728,0.3275,0.498,0.942,0.2042,0.415,0.506,0.2668, 0.401,0.752,0.0812,0.3952,0.71,0.1271,0.3874,0.582,0.1563,0.3256,
0.519,0.124,0.5556,0.5028,0.628,0.3218,0.495,0.696,0.289,0.4568,0.524,0.3299, 0.4264,0.742,0.1453, 0.4144,0.82,0.0919, 0.442,0.842,0.1547,0.4412,0.808,0.1913,0.415,0.506,0.2668, 0.4036,0.698,0.1109,0.3874,0.582,0.1563,0.3792,0.094,0.287,0.0862,
0.5342,0.912,0.3212,0.5074,0.516,0.4458,0.498,0.942,0.2042,0.4812,0.956,0.1934, 0.4036,0.698,0.1109, 0.3952,0.71,0.1271, 0.4382,0.83,0.1787,0.438,0.62,0.2473,0.4264,0.742,0.1453, 0.4192,0.756,0.1509,0.3916,0.426,0.2104,0.3792,0.094,0.287,0.0151,
0.4812,0.956,0.1934,0.4526,0.942,0.1358,0.438,0.62,0.2473,0.428,0.628,0.204, 0.3916,0.426,0.2104, 0.388,0.286,0.2633, 0.5342,0.912,0.3212,0.498,0.942,0.2042,0.4938,0.99,0.22, 0.4776,0.36,0.4338,0.4568,0.524,0.3299,0.3952,0.71,0.1271,0.1243,
0.498,0.942,0.2042,0.4526,0.942,0.1358,0.3916,0.426,0.2104,0.388,0.286,0.2633, 0.3874,0.582,0.1563, 0.3792,0.094,0.287, 0.519,0.124,0.5556,0.495,0.696,0.289,0.4938,0.99,0.22, 0.4776,0.36,0.4338,0.415,0.296,0.3255,0.4144,0.82,0.0919,0.0181,
0.495,0.696,0.289,0.4568,0.524,0.3299,0.438,0.62,0.2473,0.4192,0.756,0.1509, 0.4144,0.82,0.0919, 0.3874,0.582,0.1563, 0.5342,0.912,0.3212,0.519,0.124,0.5556,0.5088,0.728,0.3275, 0.442,0.842,0.1547,0.428,0.628,0.204,0.4264,0.742,0.1453,0.3176,
0.5342,0.912,0.3212,0.5028,0.628,0.3218,0.4812,0.956,0.1934,0.4568,0.524,0.3299, 0.438,0.62,0.2473, 0.4036,0.698,0.1109, 0.495,0.696,0.289,0.4382,0.83,0.1787,0.4264,0.742,0.1453, 0.415,0.296,0.3255,0.3874,0.582,0.1563,0.3792,0.094,0.287,0.1701,
0.5088,0.728,0.3275,0.498,0.942,0.2042,0.495,0.696,0.289,0.4812,0.956,0.1934, 0.4776,0.36,0.4338, 0.4264,0.742,0.1453, 0.4584,0.668,0.2318,0.4526,0.942,0.1358,0.452,0.762,0.2385, 0.415,0.506,0.2668,0.3952,0.71,0.1271,0.388,0.286,0.2633,0.138,
0.452,0.762,0.2385,0.415,0.296,0.3255,0.4144,0.82,0.0919,0.4036,0.698,0.1109, 0.401,0.752,0.0812, 0.3916,0.426,0.2104, 0.5074,0.516,0.4458,0.4938,0.99,0.22,0.4812,0.956,0.1934, 0.442,0.842,0.1547,0.438,0.62,0.2473,0.3792,0.094,0.287,0.1471,
0.495,0.696,0.289,0.438,0.62,0.2473,0.4192,0.756,0.1509,0.415,0.506,0.2668, 0.415,0.296,0.3255, 0.4144,0.82,0.0919, 0.5342,0.912,0.3212,0.519,0.124,0.5556,0.4812,0.956,0.1934, 0.4526,0.942,0.1358,0.452,0.762,0.2385,0.388,0.286,0.2633,0.3252,
0.4776,0.36,0.4338,0.4584,0.668,0.2318,0.4526,0.942,0.1358,0.452,0.762,0.2385, 0.4412,0.808,0.1913, 0.415,0.506,0.2668, 0.5028,0.628,0.3218,0.4192,0.756,0.1509,0.3916,0.426,0.2104, 0.388,0.286,0.2633,0.3874,0.582,0.1563,0.3792,0.094,0.287,0.1852,
0.519,0.124,0.5556,0.4938,0.99,0.22,0.4584,0.668,0.2318,0.4568,0.524,0.3299, 0.4526,0.942,0.1358, 0.428,0.628,0.204, 0.498,0.942,0.2042,0.495,0.696,0.289,0.4192,0.756,0.1509, 0.4144,0.82,0.0919,0.3916,0.426,0.2104,0.3792,0.094,0.287,0.2918,
0.4584,0.668,0.2318,0.415,0.506,0.2668,0.4144,0.82,0.0919,0.401,0.752,0.0812, 0.3916,0.426,0.2104, 0.388,0.286,0.2633, 0.5088,0.728,0.3275,0.498,0.942,0.2042,0.495,0.696,0.289, 0.452,0.762,0.2385,0.4382,0.83,0.1787,0.3792,0.094,0.287,0.0949,
0.4938,0.99,0.22,0.4776,0.36,0.4338,0.4382,0.83,0.1787,0.415,0.296,0.3255, 0.4144,0.82,0.0919, 0.3874,0.582,0.1563, 0.5088,0.728,0.3275,0.5028,0.628,0.3218,0.498,0.942,0.2042, 0.495,0.696,0.289,0.4526,0.942,0.1358,0.452,0.762,0.2385,0.2991,
0.519,0.124,0.5556,0.5074,0.516,0.4458,0.5028,0.628,0.3218,0.4776,0.36,0.4338, 0.4192,0.756,0.1509, 0.415,0.506,0.2668, 0.4568,0.524,0.3299,0.452,0.762,0.2385,0.442,0.842,0.1547, 0.415,0.296,0.3255,0.3916,0.426,0.2104,0.388,0.286,0.2633,0.1443,
0.5028,0.628,0.3218,0.4412,0.808,0.1913,0.4192,0.756,0.1509,0.4036,0.698,0.1109, 0.401,0.752,0.0812, 0.3952,0.71,0.1271, 0.5342,0.912,0.3212,0.519,0.124,0.5556,0.4812,0.956,0.1934, 0.4568,0.524,0.3299,0.428,0.628,0.204,0.3792,0.094,0.287,0.2743,
0.5342,0.912,0.3212,0.5074,0.516,0.4458,0.4584,0.668,0.2318,0.4382,0.83,0.1787, 0.4264,0.742,0.1453, 0.401,0.752,0.0812, 0.452,0.762,0.2385,0.415,0.506,0.2668,0.3916,0.426,0.2104, 0.388,0.286,0.2633,0.3874,0.582,0.1563,0.3792,0.094,0.287,0.0045,
0.5342,0.912,0.3212,0.5074,0.516,0.4458,0.498,0.942,0.2042,0.495,0.696,0.289, 0.452,0.762,0.2385, 0.388,0.286,0.2633, 0.519,0.124,0.5556,0.4812,0.956,0.1934,0.4382,0.83,0.1787, 0.428,0.628,0.204,0.3916,0.426,0.2104,0.3874,0.582,0.1563,0.2941,
0.519,0.124,0.5556,0.5028,0.628,0.3218,0.4938,0.99,0.22,0.4812,0.956,0.1934, 0.4412,0.808,0.1913, 0.428,0.628,0.204, 0.4568,0.524,0.3299,0.452,0.762,0.2385,0.438,0.62,0.2473, 0.415,0.506,0.2668,0.401,0.752,0.0812,0.3916,0.426,0.2104,0.1725,
0.5028,0.628,0.3218,0.415,0.296,0.3255,0.4144,0.82,0.0919,0.401,0.752,0.0812, 0.3952,0.71,0.1271, 0.3874,0.582,0.1563, 0.5088,0.728,0.3275,0.498,0.942,0.2042,0.495,0.696,0.289, 0.4584,0.668,0.2318,0.442,0.842,0.1547,0.4412,0.808,0.1913,0.0416,
0.519,0.124,0.5556,0.495,0.696,0.289,0.4812,0.956,0.1934,0.4412,0.808,0.1913, 0.4382,0.83,0.1787, 0.4264,0.742,0.1453, 0.4584,0.668,0.2318,0.452,0.762,0.2385,0.415,0.296,0.3255, 0.4144,0.82,0.0919,0.3916,0.426,0.2104,0.388,0.286,0.2633,0.1898,
0.5088,0.728,0.3275,0.4776,0.36,0.4338,0.4584,0.668,0.2318,0.4412,0.808,0.1913, 0.4144,0.82,0.0919, 0.4036,0.698,0.1109, 0.4264,0.742,0.1453,0.415,0.296,0.3255,0.401,0.752,0.0812, 0.3916,0.426,0.2104,0.388,0.286,0.2633,0.3874,0.582,0.1563,0.1259,
0.5028,0.628,0.3218,0.498,0.942,0.2042,0.4812,0.956,0.1934,0.438,0.62,0.2473, 0.4192,0.756,0.1509, 0.3952,0.71,0.1271, 0.4584,0.668,0.2318,0.428,0.628,0.204,0.4264,0.742,0.1453, 0.401,0.752,0.0812,0.388,0.286,0.2633,0.3792,0.094,0.287,0.1739,
0.4568,0.524,0.3299,0.452,0.762,0.2385,0.442,0.842,0.1547,0.415,0.506,0.2668, 0.3916,0.426,0.2104, 0.3792,0.094,0.287, 0.5074,0.516,0.4458,0.5028,0.628,0.3218,0.4776,0.36,0.4338, 0.4584,0.668,0.2318,0.4526,0.942,0.1358,0.4036,0.698,0.1109,0.2949,
0.519,0.124,0.5556,0.5088,0.728,0.3275,0.4938,0.99,0.22,0.442,0.842,0.1547, 0.415,0.506,0.2668, 0.415,0.296,0.3255, 0.4776,0.36,0.4338,0.438,0.62,0.2473,0.4264,0.742,0.1453, 0.3952,0.71,0.1271,0.3916,0.426,0.2104,0.3792,0.094,0.287,0.115,
0.4776,0.36,0.4338,0.4584,0.668,0.2318,0.452,0.762,0.2385,0.4264,0.742,0.1453, 0.415,0.296,0.3255, 0.4144,0.82,0.0919, 0.519,0.124,0.5556,0.5074,0.516,0.4458,0.5028,0.628,0.3218, 0.495,0.696,0.289,0.442,0.842,0.1547,0.438,0.62,0.2473,0.2756,
0.519,0.124,0.5556,0.5088,0.728,0.3275,0.498,0.942,0.2042,0.4568,0.524,0.3299, 0.4526,0.942,0.1358, 0.4382,0.83,0.1787, 0.4938,0.99,0.22,0.4584,0.668,0.2318,0.428,0.628,0.204, 0.4264,0.742,0.1453,0.4192,0.756,0.1509,0.415,0.506,0.2668,0.3295,
0.519,0.124,0.5556,0.5074,0.516,0.4458,0.5028,0.628,0.3218,0.498,0.942,0.2042, 0.4264,0.742,0.1453, 0.415,0.506,0.2668, 0.4812,0.956,0.1934,0.4584,0.668,0.2318,0.442,0.842,0.1547, 0.4412,0.808,0.1913,0.4144,0.82,0.0919,0.388,0.286,0.2633,0.2892,
0.5342,0.912,0.3212,0.495,0.696,0.289,0.4584,0.668,0.2318,0.452,0.762,0.2385, 0.442,0.842,0.1547, 0.415,0.506,0.2668, 0.4776,0.36,0.4338,0.4568,0.524,0.3299,0.4382,0.83,0.1787, 0.388,0.286,0.2633,0.3874,0.582,0.1563,0.3792,0.094,0.287,0.2365,
0.452,0.762,0.2385,0.415,0.506,0.2668,0.4144,0.82,0.0919,0.4036,0.698,0.1109, 0.3916,0.426,0.2104, 0.388,0.286,0.2633, 0.519,0.124,0.5556,0.5028,0.628,0.3218,0.4776,0.36,0.4338, 0.428,0.628,0.204,0.415,0.296,0.3255,0.3792,0.094,0.287,0.31,
0.519,0.124,0.5556,0.4584,0.668,0.2318,0.452,0.762,0.2385,0.438,0.62,0.2473, 0.3952,0.71,0.1271, 0.3792,0.094,0.287, 0.5088,0.728,0.3275,0.498,0.942,0.2042,0.495,0.696,0.289, 0.4938,0.99,0.22,0.4776,0.36,0.4338,0.4568,0.524,0.3299,0.1214,
0.519,0.124,0.5556,0.5088,0.728,0.3275,0.5074,0.516,0.4458,0.5028,0.628,0.3218, 0.4412,0.808,0.1913, 0.4192,0.756,0.1509, 0.4938,0.99,0.22,0.442,0.842,0.1547,0.4264,0.742,0.1453, 0.415,0.296,0.3255,0.4144,0.82,0.0919,0.4036,0.698,0.1109,0.0627,
0.4382,0.83,0.1787,0.438,0.62,0.2473,0.428,0.628,0.204,0.4036,0.698,0.1109, 0.3916,0.426,0.2104, 0.388,0.286,0.2633, 0.5028,0.628,0.3218,0.4938,0.99,0.22,0.4812,0.956,0.1934, 0.4776,0.36,0.4338,0.415,0.296,0.3255,0.3792,0.094,0.287,0.2324,
0.4938,0.99,0.22,0.4412,0.808,0.1913,0.428,0.628,0.204,0.415,0.296,0.3255, 0.401,0.752,0.0812, 0.388,0.286,0.2633, 0.5088,0.728,0.3275,0.5028,0.628,0.3218,0.495,0.696,0.289, 0.4584,0.668,0.2318,0.4526,0.942,0.1358,0.415,0.506,0.2668,0.2941,
0.4938,0.99,0.22,0.4412,0.808,0.1913,0.4264,0.742,0.1453,0.415,0.296,0.3255, 0.3874,0.582,0.1563, 0.3792,0.094,0.287, 0.5342,0.912,0.3212,0.5074,0.516,0.4458,0.4776,0.36,0.4338, 0.4526,0.942,0.1358,0.4382,0.83,0.1787,0.428,0.628,0.204,0.0575,
0.519,0.124,0.5556,0.5088,0.728,0.3275,0.4938,0.99,0.22,0.4526,0.942,0.1358, 0.4264,0.742,0.1453, 0.415,0.506,0.2668, 0.452,0.762,0.2385,0.4412,0.808,0.1913,0.4382,0.83,0.1787, 0.4144,0.82,0.0919,0.3874,0.582,0.1563,0.3792,0.094,0.287,0.1386,
0.4938,0.99,0.22,0.4812,0.956,0.1934,0.4192,0.756,0.1509,0.3952,0.71,0.1271, 0.388,0.286,0.2633, 0.3874,0.582,0.1563, 0.519,0.124,0.5556,0.5074,0.516,0.4458,0.4776,0.36,0.4338, 0.4568,0.524,0.3299,0.438,0.62,0.2473,0.3916,0.426,0.2104,0.3037,
0.5342,0.912,0.3212,0.519,0.124,0.5556,0.5028,0.628,0.3218,0.498,0.942,0.2042, 0.4192,0.756,0.1509, 0.415,0.296,0.3255, 0.4776,0.36,0.4338,0.442,0.842,0.1547,0.4412,0.808,0.1913, 0.4036,0.698,0.1109,0.401,0.752,0.0812,0.3916,0.426,0.2104,0.0574,
0.5088,0.728,0.3275,0.5074,0.516,0.4458,0.5028,0.628,0.3218,0.495,0.696,0.289, 0.4776,0.36,0.4338, 0.4264,0.742,0.1453, 0.452,0.762,0.2385,0.4412,0.808,0.1913,0.4382,0.83,0.1787, 0.4192,0.756,0.1509,0.4036,0.698,0.1109,0.3952,0.71,0.1271,0.0007,
0.4264,0.742,0.1453,0.415,0.296,0.3255,0.401,0.752,0.0812,0.388,0.286,0.2633, 0.3874,0.582,0.1563, 0.3792,0.094,0.287, 0.519,0.124,0.5556,0.5074,0.516,0.4458,0.442,0.842,0.1547, 0.4192,0.756,0.1509,0.415,0.506,0.2668,0.3916,0.426,0.2104,0.0206,
0.4812,0.956,0.1934,0.438,0.62,0.2473,0.415,0.296,0.3255,0.401,0.752,0.0812, 0.3952,0.71,0.1271, 0.388,0.286,0.2633, 0.519,0.124,0.5556,0.5088,0.728,0.3275,0.5074,0.516,0.4458, 0.4584,0.668,0.2318,0.452,0.762,0.2385,0.3916,0.426,0.2104,0.0579,
0.5342,0.912,0.3212,0.5088,0.728,0.3275,0.495,0.696,0.289,0.4526,0.942,0.1358, 0.415,0.296,0.3255, 0.388,0.286,0.2633, 0.519,0.124,0.5556,0.438,0.62,0.2473,0.428,0.628,0.204, 0.401,0.752,0.0812,0.3952,0.71,0.1271,0.3874,0.582,0.1563,0.3177,
0.519,0.124,0.5556,0.4938,0.99,0.22,0.4812,0.956,0.1934,0.4382,0.83,0.1787, 0.438,0.62,0.2473, 0.428,0.628,0.204, 0.4568,0.524,0.3299,0.452,0.762,0.2385,0.415,0.296,0.3255, 0.4144,0.82,0.0919,0.3916,0.426,0.2104,0.388,0.286,0.2633,0.1924,
0.4776,0.36,0.4338,0.4584,0.668,0.2318,0.452,0.762,0.2385,0.4192,0.756,0.1509, 0.4036,0.698,0.1109, 0.388,0.286,0.2633, 0.5342,0.912,0.3212,0.519,0.124,0.5556,0.4938,0.99,0.22, 0.438,0.62,0.2473,0.4264,0.742,0.1453,0.415,0.296,0.3255,0.329,
0.5342,0.912,0.3212,0.495,0.696,0.289,0.4568,0.524,0.3299,0.438,0.62,0.2473, 0.3952,0.71,0.1271, 0.3874,0.582,0.1563, 0.442,0.842,0.1547,0.4412,0.808,0.1913,0.415,0.296,0.3255, 0.4036,0.698,0.1109,0.388,0.286,0.2633,0.3792,0.094,0.287,0.2419,
0.4812,0.956,0.1934,0.4526,0.942,0.1358,0.415,0.506,0.2668,0.415,0.296,0.3255, 0.3916,0.426,0.2104, 0.3874,0.582,0.1563, 0.5074,0.516,0.4458,0.498,0.942,0.2042,0.4938,0.99,0.22, 0.4776,0.36,0.4338,0.4584,0.668,0.2318,0.442,0.842,0.1547,0.0347,
0.5342,0.912,0.3212,0.5074,0.516,0.4458,0.4938,0.99,0.22,0.4584,0.668,0.2318, 0.438,0.62,0.2473, 0.4144,0.82,0.0919, 0.498,0.942,0.2042,0.495,0.696,0.289,0.4264,0.742,0.1453, 0.415,0.506,0.2668,0.4036,0.698,0.1109,0.401,0.752,0.0812,0.261,
0.4568,0.524,0.3299,0.4382,0.83,0.1787,0.4264,0.742,0.1453,0.4036,0.698,0.1109, 0.388,0.286,0.2633, 0.3792,0.094,0.287, 0.498,0.942,0.2042,0.495,0.696,0.289,0.4776,0.36,0.4338, 0.4526,0.942,0.1358,0.4144,0.82,0.0919,0.3952,0.71,0.1271,0.3068,
0.5342,0.912,0.3212,0.5074,0.516,0.4458,0.5028,0.628,0.3218,0.4938,0.99,0.22, 0.4412,0.808,0.1913, 0.4382,0.83,0.1787, 0.5088,0.728,0.3275,0.4584,0.668,0.2318,0.4568,0.524,0.3299, 0.442,0.842,0.1547,0.4192,0.756,0.1509,0.3874,0.582,0.1563,0.2083,
0.498,0.942,0.2042,0.415,0.296,0.3255,0.4144,0.82,0.0919,0.3952,0.71,0.1271, 0.3874,0.582,0.1563, 0.3792,0.094,0.287, 0.4776,0.36,0.4338,0.4568,0.524,0.3299,0.452,0.762,0.2385, 0.4382,0.83,0.1787,0.428,0.628,0.204,0.415,0.506,0.2668,0.2995,
0.519,0.124,0.5556,0.5088,0.728,0.3275,0.5028,0.628,0.3218,0.4264,0.742,0.1453, 0.415,0.506,0.2668, 0.4144,0.82,0.0919, 0.4584,0.668,0.2318,0.4382,0.83,0.1787,0.4192,0.756,0.1509, 0.3916,0.426,0.2104,0.388,0.286,0.2633,0.3874,0.582,0.1563,0.1789,
0.5342,0.912,0.3212,0.519,0.124,0.5556,0.5074,0.516,0.4458,0.495,0.696,0.289, 0.4776,0.36,0.4338, 0.415,0.296,0.3255, 0.5088,0.728,0.3275,0.5028,0.628,0.3218,0.498,0.942,0.2042, 0.415,0.506,0.2668,0.388,0.286,0.2633,0.3792,0.094,0.287,0.1484,
0.5088,0.728,0.3275,0.5074,0.516,0.4458,0.5028,0.628,0.3218,0.495,0.696,0.289, 0.428,0.628,0.204, 0.388,0.286,0.2633, 0.4812,0.956,0.1934,0.4568,0.524,0.3299,0.4382,0.83,0.1787, 0.4144,0.82,0.0919,0.3952,0.71,0.1271,0.3874,0.582,0.1563,0.3215,
0.5088,0.728,0.3275,0.498,0.942,0.2042,0.4776,0.36,0.4338,0.4584,0.668,0.2318, 0.4526,0.942,0.1358, 0.4382,0.83,0.1787, 0.5028,0.628,0.3218,0.4568,0.524,0.3299,0.428,0.628,0.204, 0.4036,0.698,0.1109,0.3916,0.426,0.2104,0.3792,0.094,0.287,0.1286,
0.442,0.842,0.1547,0.438,0.62,0.2473,0.428,0.628,0.204,0.415,0.296,0.3255, 0.4144,0.82,0.0919, 0.401,0.752,0.0812, 0.519,0.124,0.5556,0.4938,0.99,0.22,0.4776,0.36,0.4338, 0.4568,0.524,0.3299,0.4264,0.742,0.1453,0.415,0.506,0.2668,0.17,
0.495,0.696,0.289,0.4526,0.942,0.1358,0.438,0.62,0.2473,0.3916,0.426,0.2104, 0.388,0.286,0.2633, 0.3792,0.094,0.287, 0.5342,0.912,0.3212,0.498,0.942,0.2042,0.4938,0.99,0.22, 0.452,0.762,0.2385,0.428,0.628,0.204,0.415,0.506,0.2668,0.0729,
0.498,0.942,0.2042,0.4812,0.956,0.1934,0.415,0.296,0.3255,0.4036,0.698,0.1109, 0.3916,0.426,0.2104, 0.3792,0.094,0.287, 0.519,0.124,0.5556,0.5074,0.516,0.4458,0.5028,0.628,0.3218, 0.4584,0.668,0.2318,0.428,0.628,0.204,0.4192,0.756,0.1509,0.1899,
0.519,0.124,0.5556,0.5028,0.628,0.3218,0.4938,0.99,0.22,0.4568,0.524,0.3299, 0.415,0.506,0.2668, 0.4036,0.698,0.1109, 0.4812,0.956,0.1934,0.4412,0.808,0.1913,0.4264,0.742,0.1453, 0.4192,0.756,0.1509,0.401,0.752,0.0812,0.3916,0.426,0.2104,0.3008,
0.5342,0.912,0.3212,0.519,0.124,0.5556,0.5074,0.516,0.4458,0.5028,0.628,0.3218, 0.498,0.942,0.2042, 0.4036,0.698,0.1109, 0.5088,0.728,0.3275,0.452,0.762,0.2385,0.4382,0.83,0.1787, 0.415,0.296,0.3255,0.3916,0.426,0.2104,0.388,0.286,0.2633,0.0285,
0.519,0.124,0.5556,0.498,0.942,0.2042,0.4812,0.956,0.1934,0.452,0.762,0.2385, 0.4192,0.756,0.1509, 0.4144,0.82,0.0919, 0.4776,0.36,0.4338,0.4412,0.808,0.1913,0.428,0.628,0.204, 0.401,0.752,0.0812,0.3952,0.71,0.1271,0.3874,0.582,0.1563,0.3109,
0.4812,0.956,0.1934,0.442,0.842,0.1547,0.4382,0.83,0.1787,0.438,0.62,0.2473, 0.428,0.628,0.204, 0.4192,0.756,0.1509, 0.5342,0.912,0.3212,0.519,0.124,0.5556,0.5088,0.728,0.3275, 0.4776,0.36,0.4338,0.4526,0.942,0.1358,0.4264,0.742,0.1453,0.2468,
0.4526,0.942,0.1358,0.428,0.628,0.204,0.4264,0.742,0.1453,0.4144,0.82,0.0919, 0.401,0.752,0.0812, 0.3916,0.426,0.2104, 0.4938,0.99,0.22,0.4812,0.956,0.1934,0.4776,0.36,0.4338, 0.4568,0.524,0.3299,0.4382,0.83,0.1787,0.4192,0.756,0.1509,0.0693,
0.5342,0.912,0.3212,0.519,0.124,0.5556,0.5074,0.516,0.4458,0.4412,0.808,0.1913, 0.4144,0.82,0.0919, 0.3874,0.582,0.1563, 0.4776,0.36,0.4338,0.438,0.62,0.2473,0.428,0.628,0.204, 0.415,0.506,0.2668,0.4036,0.698,0.1109,0.388,0.286,0.2633,0.2617,
0.4938,0.99,0.22,0.4584,0.668,0.2318,0.452,0.762,0.2385,0.442,0.842,0.1547, 0.4144,0.82,0.0919, 0.4036,0.698,0.1109, 0.5342,0.912,0.3212,0.519,0.124,0.5556,0.5074,0.516,0.4458, 0.498,0.942,0.2042,0.428,0.628,0.204,0.415,0.296,0.3255,0.2647,
0.442,0.842,0.1547,0.4382,0.83,0.1787,0.428,0.628,0.204,0.415,0.296,0.3255, 0.3874,0.582,0.1563, 0.3792,0.094,0.287, 0.5088,0.728,0.3275,0.4812,0.956,0.1934,0.4776,0.36,0.4338, 0.4584,0.668,0.2318,0.415,0.506,0.2668,0.401,0.752,0.0812,0.2578,
0.5074,0.516,0.4458,0.498,0.942,0.2042,0.4776,0.36,0.4338,0.442,0.842,0.1547, 0.4264,0.742,0.1453, 0.415,0.296,0.3255, 0.495,0.696,0.289,0.428,0.628,0.204,0.4192,0.756,0.1509, 0.4036,0.698,0.1109,0.388,0.286,0.2633,0.3792,0.094,0.287,0.1398,
0.442,0.842,0.1547,0.4412,0.808,0.1913,0.428,0.628,0.204,0.4264,0.742,0.1453, 0.4192,0.756,0.1509, 0.388,0.286,0.2633, 0.5088,0.728,0.3275,0.5074,0.516,0.4458,0.5028,0.628,0.3218, 0.4938,0.99,0.22,0.4776,0.36,0.4338,0.3792,0.094,0.287,0.0285,
0.5074,0.516,0.4458,0.495,0.696,0.289,0.4776,0.36,0.4338,0.4584,0.668,0.2318, 0.4382,0.83,0.1787, 0.401,0.752,0.0812, 0.519,0.124,0.5556,0.428,0.628,0.204,0.4144,0.82,0.0919, 0.3952,0.71,0.1271,0.388,0.286,0.2633,0.3792,0.094,0.287,0.1798,
0.5342,0.912,0.3212,0.5088,0.728,0.3275,0.5074,0.516,0.4458,0.5028,0.628,0.3218, 0.4526,0.942,0.1358, 0.3916,0.426,0.2104, 0.498,0.942,0.2042,0.4568,0.524,0.3299,0.4412,0.808,0.1913, 0.4382,0.83,0.1787,0.401,0.752,0.0812,0.3952,0.71,0.1271,0.2382,
0.495,0.696,0.289,0.452,0.762,0.2385,0.442,0.842,0.1547,0.4264,0.742,0.1453, 0.4192,0.756,0.1509, 0.3874,0.582,0.1563, 0.5342,0.912,0.3212,0.5088,0.728,0.3275,0.4938,0.99,0.22, 0.4812,0.956,0.1934,0.4526,0.942,0.1358,0.4036,0.698,0.1109,0.2564,
0.5028,0.628,0.3218,0.4526,0.942,0.1358,0.442,0.842,0.1547,0.4144,0.82,0.0919, 0.401,0.752,0.0812, 0.3874,0.582,0.1563, 0.5074,0.516,0.4458,0.495,0.696,0.289,0.4812,0.956,0.1934, 0.4776,0.36,0.4338,0.4568,0.524,0.3299,0.428,0.628,0.204,0.132,
0.5088,0.728,0.3275,0.4192,0.756,0.1509,0.4036,0.698,0.1109,0.388,0.286,0.2633, 0.3874,0.582,0.1563, 0.3792,0.094,0.287, 0.495,0.696,0.289,0.4938,0.99,0.22,0.442,0.842,0.1547, 0.4412,0.808,0.1913,0.415,0.506,0.2668,0.4144,0.82,0.0919,0.2978,
0.5088,0.728,0.3275,0.4938,0.99,0.22,0.3916,0.426,0.2104,0.388,0.286,0.2633, 0.3874,0.582,0.1563, 0.3792,0.094,0.287, 0.519,0.124,0.5556,0.5028,0.628,0.3218,0.495,0.696,0.289, 0.4526,0.942,0.1358,0.415,0.296,0.3255,0.415,0.506,0.2668,0.2872,
0.452,0.762,0.2385,0.4412,0.808,0.1913,0.4264,0.742,0.1453,0.3952,0.71,0.1271, 0.388,0.286,0.2633, 0.3874,0.582,0.1563, 0.5074,0.516,0.4458,0.4776,0.36,0.4338,0.4568,0.524,0.3299, 0.4526,0.942,0.1358,0.4382,0.83,0.1787,0.4144,0.82,0.0919,0.2108,
0.5342,0.912,0.3212,0.519,0.124,0.5556,0.4812,0.956,0.1934,0.4776,0.36,0.4338, 0.4526,0.942,0.1358, 0.3916,0.426,0.2104, 0.498,0.942,0.2042,0.438,0.62,0.2473,0.428,0.628,0.204, 0.4192,0.756,0.1509,0.415,0.506,0.2668,0.388,0.286,0.2633,0.2232,
0.4412,0.808,0.1913,0.438,0.62,0.2473,0.428,0.628,0.204,0.401,0.752,0.0812, 0.3952,0.71,0.1271, 0.3792,0.094,0.287, 0.519,0.124,0.5556,0.4812,0.956,0.1934,0.4776,0.36,0.4338, 0.4382,0.83,0.1787,0.4264,0.742,0.1453,0.3874,0.582,0.1563,0.2344,
0.498,0.942,0.2042,0.4526,0.942,0.1358,0.442,0.842,0.1547,0.428,0.628,0.204, 0.4192,0.756,0.1509, 0.3952,0.71,0.1271, 0.519,0.124,0.5556,0.495,0.696,0.289,0.4938,0.99,0.22, 0.4568,0.524,0.3299,0.4412,0.808,0.1913,0.4382,0.83,0.1787,0.3212,
0.5342,0.912,0.3212,0.5074,0.516,0.4458,0.5028,0.628,0.3218,0.428,0.628,0.204, 0.4192,0.756,0.1509, 0.4036,0.698,0.1109, 0.519,0.124,0.5556,0.4144,0.82,0.0919,0.401,0.752,0.0812, 0.3952,0.71,0.1271,0.3916,0.426,0.2104,0.3792,0.094,0.287,0.0491,
0.498,0.942,0.2042,0.4584,0.668,0.2318,0.4568,0.524,0.3299,0.428,0.628,0.204, 0.3952,0.71,0.1271, 0.388,0.286,0.2633, 0.519,0.124,0.5556,0.5074,0.516,0.4458,0.495,0.696,0.289, 0.4938,0.99,0.22,0.4776,0.36,0.4338,0.4382,0.83,0.1787,0.0217,
0.4938,0.99,0.22,0.4776,0.36,0.4338,0.4264,0.742,0.1453,0.4144,0.82,0.0919, 0.4036,0.698,0.1109, 0.401,0.752,0.0812, 0.5342,0.912,0.3212,0.519,0.124,0.5556,0.5074,0.516,0.4458, 0.498,0.942,0.2042,0.3952,0.71,0.1271,0.3916,0.426,0.2104,0.2647,
0.519,0.124,0.5556,0.4584,0.668,0.2318,0.4036,0.698,0.1109,0.3952,0.71,0.1271, 0.388,0.286,0.2633, 0.3792,0.094,0.287, 0.5028,0.628,0.3218,0.495,0.696,0.289,0.4812,0.956,0.1934, 0.4776,0.36,0.4338,0.4382,0.83,0.1787,0.415,0.296,0.3255,0.1223,
0.4938,0.99,0.22,0.4812,0.956,0.1934,0.4584,0.668,0.2318,0.4568,0.524,0.3299, 0.452,0.762,0.2385, 0.401,0.752,0.0812, 0.495,0.696,0.289,0.4526,0.942,0.1358,0.3952,0.71,0.1271, 0.3916,0.426,0.2104,0.3874,0.582,0.1563,0.3792,0.094,0.287,0.2178,
0.519,0.124,0.5556,0.498,0.942,0.2042,0.4938,0.99,0.22,0.415,0.296,0.3255, 0.3952,0.71,0.1271, 0.3874,0.582,0.1563, 0.442,0.842,0.1547,0.438,0.62,0.2473,0.4144,0.82,0.0919, 0.4036,0.698,0.1109,0.388,0.286,0.2633,0.3792,0.094,0.287,0.2168,
0.4568,0.524,0.3299,0.4382,0.83,0.1787,0.438,0.62,0.2473,0.401,0.752,0.0812, 0.3952,0.71,0.1271, 0.3792,0.094,0.287, 0.5088,0.728,0.3275,0.498,0.942,0.2042,0.495,0.696,0.289, 0.442,0.842,0.1547,0.4264,0.742,0.1453,0.415,0.296,0.3255,0.2597,
0.4526,0.942,0.1358,0.4382,0.83,0.1787,0.3916,0.426,0.2104,0.388,0.286,0.2633, 0.3874,0.582,0.1563, 0.3792,0.094,0.287, 0.5074,0.516,0.4458,0.498,0.942,0.2042,0.442,0.842,0.1547, 0.4192,0.756,0.1509,0.415,0.296,0.3255,0.4144,0.82,0.0919,0.22,
0.5088,0.728,0.3275,0.442,0.842,0.1547,0.428,0.628,0.204,0.4264,0.742,0.1453, 0.4144,0.82,0.0919, 0.3874,0.582,0.1563, 0.519,0.124,0.5556,0.5074,0.516,0.4458,0.5028,0.628,0.3218, 0.4776,0.36,0.4338,0.4412,0.808,0.1913,0.3952,0.71,0.1271,0.2166,
0.5342,0.912,0.3212,0.5074,0.516,0.4458,0.4938,0.99,0.22,0.4812,0.956,0.1934, 0.4412,0.808,0.1913, 0.4036,0.698,0.1109, 0.498,0.942,0.2042,0.4382,0.83,0.1787,0.4192,0.756,0.1509, 0.415,0.296,0.3255,0.4144,0.82,0.0919,0.3792,0.094,0.287,0.0299,
0.4568,0.524,0.3299,0.4526,0.942,0.1358,0.4382,0.83,0.1787,0.438,0.62,0.2473, 0.4036,0.698,0.1109, 0.401,0.752,0.0812, 0.519,0.124,0.5556,0.5088,0.728,0.3275,0.5028,0.628,0.3218, 0.4938,0.99,0.22,0.415,0.506,0.2668,0.415,0.296,0.3255,0.2127,
0.5028,0.628,0.3218,0.4526,0.942,0.1358,0.438,0.62,0.2473,0.4192,0.756,0.1509, 0.4036,0.698,0.1109, 0.3792,0.094,0.287, 0.5342,0.912,0.3212,0.5088,0.728,0.3275,0.4776,0.36,0.4338, 0.4584,0.668,0.2318,0.4568,0.524,0.3299,0.415,0.506,0.2668,0.1021,
0.5028,0.628,0.3218,0.4812,0.956,0.1934,0.4776,0.36,0.4338,0.452,0.762,0.2385, 0.415,0.506,0.2668, 0.415,0.296,0.3255, 0.4938,0.99,0.22,0.438,0.62,0.2473,0.4192,0.756,0.1509, 0.4036,0.698,0.1109,0.3916,0.426,0.2104,0.3792,0.094,0.287,0.2568,
0.495,0.696,0.289,0.4812,0.956,0.1934,0.4264,0.742,0.1453,0.415,0.506,0.2668, 0.4144,0.82,0.0919, 0.388,0.286,0.2633, 0.5342,0.912,0.3212,0.519,0.124,0.5556,0.4938,0.99,0.22, 0.4412,0.808,0.1913,0.438,0.62,0.2473,0.3952,0.71,0.1271,0.3266,
0.5074,0.516,0.4458,0.495,0.696,0.289,0.4938,0.99,0.22,0.452,0.762,0.2385, 0.4412,0.808,0.1913, 0.415,0.506,0.2668, 0.4568,0.524,0.3299,0.438,0.62,0.2473,0.4192,0.756,0.1509, 0.4144,0.82,0.0919,0.3952,0.71,0.1271,0.3916,0.426,0.2104,0.0585,
0.519,0.124,0.5556,0.5074,0.516,0.4458,0.4776,0.36,0.4338,0.4584,0.668,0.2318, 0.4412,0.808,0.1913, 0.4192,0.756,0.1509, 0.498,0.942,0.2042,0.4526,0.942,0.1358,0.415,0.296,0.3255, 0.4036,0.698,0.1109,0.401,0.752,0.0812,0.3916,0.426,0.2104,0.1067,
0.519,0.124,0.5556,0.5088,0.728,0.3275,0.498,0.942,0.2042,0.4584,0.668,0.2318, 0.415,0.506,0.2668, 0.4144,0.82,0.0919, 0.4568,0.524,0.3299,0.452,0.762,0.2385,0.4382,0.83,0.1787, 0.4036,0.698,0.1109,0.401,0.752,0.0812,0.3916,0.426,0.2104,0.2779,
0.5088,0.728,0.3275,0.5028,0.628,0.3218,0.4812,0.956,0.1934,0.4776,0.36,0.4338, 0.4526,0.942,0.1358, 0.3874,0.582,0.1563, 0.4568,0.524,0.3299,0.452,0.762,0.2385,0.4264,0.742,0.1453, 0.4192,0.756,0.1509,0.4144,0.82,0.0919,0.3792,0.094,0.287,0.2257,
0.5074,0.516,0.4458,0.4776,0.36,0.4338,0.4568,0.524,0.3299,0.438,0.62,0.2473, 0.415,0.296,0.3255, 0.4144,0.82,0.0919, 0.4584,0.668,0.2318,0.428,0.628,0.204,0.4264,0.742,0.1453, 0.4192,0.756,0.1509,0.3952,0.71,0.1271,0.3874,0.582,0.1563,0.3027,
0.5342,0.912,0.3212,0.519,0.124,0.5556,0.4938,0.99,0.22,0.4584,0.668,0.2318, 0.4264,0.742,0.1453, 0.3952,0.71,0.1271, 0.4812,0.956,0.1934,0.4776,0.36,0.4338,0.4568,0.524,0.3299, 0.3916,0.426,0.2104,0.3874,0.582,0.1563,0.3792,0.094,0.287,0.3053,
0.5342,0.912,0.3212,0.4938,0.99,0.22,0.4584,0.668,0.2318,0.4412,0.808,0.1913, 0.438,0.62,0.2473, 0.428,0.628,0.204, 0.5028,0.628,0.3218,0.452,0.762,0.2385,0.415,0.506,0.2668, 0.4144,0.82,0.0919,0.4036,0.698,0.1109,0.3792,0.094,0.287,0.2555,
0.5074,0.516,0.4458,0.5028,0.628,0.3218,0.4382,0.83,0.1787,0.3952,0.71,0.1271, 0.3916,0.426,0.2104, 0.3792,0.094,0.287, 0.519,0.124,0.5556,0.5088,0.728,0.3275,0.495,0.696,0.289, 0.4938,0.99,0.22,0.4412,0.808,0.1913,0.401,0.752,0.0812,0.3266,
0.519,0.124,0.5556,0.498,0.942,0.2042,0.4776,0.36,0.4338,0.4412,0.808,0.1913, 0.438,0.62,0.2473, 0.415,0.506,0.2668, 0.4812,0.956,0.1934,0.4568,0.524,0.3299,0.442,0.842,0.1547, 0.4264,0.742,0.1453,0.3874,0.582,0.1563,0.3792,0.094,0.287,0.2943,
0.4568,0.524,0.3299,0.4526,0.942,0.1358,0.4382,0.83,0.1787,0.4144,0.82,0.0919, 0.401,0.752,0.0812, 0.3916,0.426,0.2104, 0.5074,0.516,0.4458,0.5028,0.628,0.3218,0.495,0.696,0.289, 0.452,0.762,0.2385,0.442,0.842,0.1547,0.438,0.62,0.2473,0.1343,
0.452,0.762,0.2385,0.4412,0.808,0.1913,0.4192,0.756,0.1509,0.415,0.506,0.2668, 0.3952,0.71,0.1271, 0.3916,0.426,0.2104, 0.5342,0.912,0.3212,0.498,0.942,0.2042,0.4938,0.99,0.22, 0.4776,0.36,0.4338,0.4144,0.82,0.0919,0.3792,0.094,0.287,0.2876,
0.5342,0.912,0.3212,0.4584,0.668,0.2318,0.438,0.62,0.2473,0.4192,0.756,0.1509, 0.415,0.506,0.2668, 0.3792,0.094,0.287, 0.5088,0.728,0.3275,0.5074,0.516,0.4458,0.5028,0.628,0.3218, 0.495,0.696,0.289,0.4776,0.36,0.4338,0.4144,0.82,0.0919,0.2612,
0.5074,0.516,0.4458,0.5028,0.628,0.3218,0.4812,0.956,0.1934,0.4776,0.36,0.4338, 0.428,0.628,0.204, 0.401,0.752,0.0812, 0.4938,0.99,0.22,0.415,0.296,0.3255,0.4036,0.698,0.1109, 0.3952,0.71,0.1271,0.3916,0.426,0.2104,0.3792,0.094,0.287,0.0463,
0.5074,0.516,0.4458,0.495,0.696,0.289,0.415,0.506,0.2668,0.415,0.296,0.3255, 0.3874,0.582,0.1563, 0.3792,0.094,0.287, 0.5342,0.912,0.3212,0.519,0.124,0.5556,0.4938,0.99,0.22, 0.4812,0.956,0.1934,0.4584,0.668,0.2318,0.4526,0.942,0.1358,0.0594,
0.519,0.124,0.5556,0.5074,0.516,0.4458,0.5028,0.628,0.3218,0.4812,0.956,0.1934, 0.452,0.762,0.2385, 0.4382,0.83,0.1787, 0.5088,0.728,0.3275,0.4938,0.99,0.22,0.438,0.62,0.2473, 0.4036,0.698,0.1109,0.401,0.752,0.0812,0.3916,0.426,0.2104,0.1488,
0.4812,0.956,0.1934,0.4412,0.808,0.1913,0.4192,0.756,0.1509,0.415,0.296,0.3255, 0.401,0.752,0.0812, 0.3916,0.426,0.2104, 0.519,0.124,0.5556,0.498,0.942,0.2042,0.4938,0.99,0.22, 0.4526,0.942,0.1358,0.428,0.628,0.204,0.4144,0.82,0.0919,0.3151,
0.5074,0.516,0.4458,0.4776,0.36,0.4338,0.401,0.752,0.0812,0.3952,0.71,0.1271, 0.388,0.286,0.2633, 0.3792,0.094,0.287, 0.5342,0.912,0.3212,0.5088,0.728,0.3275,0.5028,0.628,0.3218, 0.4584,0.668,0.2318,0.438,0.62,0.2473,0.3916,0.426,0.2104,0.2189,
0.5028,0.628,0.3218,0.498,0.942,0.2042,0.495,0.696,0.289,0.4812,0.956,0.1934, 0.4036,0.698,0.1109, 0.3874,0.582,0.1563, 0.442,0.842,0.1547,0.4264,0.742,0.1453,0.4192,0.756,0.1509, 0.415,0.296,0.3255,0.401,0.752,0.0812,0.388,0.286,0.2633,0.2583,
0.4776,0.36,0.4338,0.4382,0.83,0.1787,0.438,0.62,0.2473,0.415,0.506,0.2668, 0.4144,0.82,0.0919, 0.3916,0.426,0.2104, 0.5342,0.912,0.3212,0.5074,0.516,0.4458,0.4938,0.99,0.22, 0.4584,0.668,0.2318,0.4412,0.808,0.1913,0.415,0.296,0.3255,0.1826,
0.4812,0.956,0.1934,0.442,0.842,0.1547,0.4264,0.742,0.1453,0.4192,0.756,0.1509, 0.415,0.506,0.2668, 0.3916,0.426,0.2104, 0.5342,0.912,0.3212,0.5074,0.516,0.4458,0.4938,0.99,0.22, 0.4568,0.524,0.3299,0.4412,0.808,0.1913,0.438,0.62,0.2473,0.0166,
0.5074,0.516,0.4458,0.495,0.696,0.289,0.4776,0.36,0.4338,0.4382,0.83,0.1787, 0.4144,0.82,0.0919, 0.3874,0.582,0.1563, 0.4584,0.668,0.2318,0.452,0.762,0.2385,0.438,0.62,0.2473, 0.401,0.752,0.0812,0.3916,0.426,0.2104,0.3792,0.094,0.287,0.3201,
0.5342,0.912,0.3212,0.498,0.942,0.2042,0.4938,0.99,0.22,0.442,0.842,0.1547, 0.438,0.62,0.2473, 0.3916,0.426,0.2104, 0.5074,0.516,0.4458,0.4144,0.82,0.0919,0.4036,0.698,0.1109, 0.388,0.286,0.2633,0.3874,0.582,0.1563,0.3792,0.094,0.287,0.0289,
0.5074,0.516,0.4458,0.495,0.696,0.289,0.4938,0.99,0.22,0.4382,0.83,0.1787, 0.415,0.506,0.2668, 0.3874,0.582,0.1563, 0.5028,0.628,0.3218,0.4264,0.742,0.1453,0.415,0.296,0.3255, 0.4144,0.82,0.0919,0.401,0.752,0.0812,0.3792,0.094,0.287,0.2026,
0.498,0.942,0.2042,0.438,0.62,0.2473,0.4144,0.82,0.0919,0.401,0.752,0.0812, 0.3916,0.426,0.2104, 0.388,0.286,0.2633, 0.5074,0.516,0.4458,0.5028,0.628,0.3218,0.4938,0.99,0.22, 0.4584,0.668,0.2318,0.442,0.842,0.1547,0.4264,0.742,0.1453,0.0766,
0.4776,0.36,0.4338,0.452,0.762,0.2385,0.4192,0.756,0.1509,0.4036,0.698,0.1109, 0.388,0.286,0.2633, 0.3874,0.582,0.1563, 0.5342,0.912,0.3212,0.5088,0.728,0.3275,0.495,0.696,0.289, 0.4938,0.99,0.22,0.428,0.628,0.204,0.415,0.296,0.3255,0.0173,
0.5088,0.728,0.3275,0.5074,0.516,0.4458,0.4938,0.99,0.22,0.4584,0.668,0.2318, 0.4192,0.756,0.1509, 0.3916,0.426,0.2104, 0.495,0.696,0.289,0.438,0.62,0.2473,0.415,0.296,0.3255, 0.415,0.506,0.2668,0.4144,0.82,0.0919,0.3792,0.094,0.287,0.3041,
0.5342,0.912,0.3212,0.5074,0.516,0.4458,0.495,0.696,0.289,0.4812,0.956,0.1934, 0.415,0.296,0.3255, 0.3916,0.426,0.2104, 0.498,0.942,0.2042,0.442,0.842,0.1547,0.438,0.62,0.2473, 0.4144,0.82,0.0919,0.3952,0.71,0.1271,0.388,0.286,0.2633,0.2111,
0.5342,0.912,0.3212,0.5028,0.628,0.3218,0.498,0.942,0.2042,0.4584,0.668,0.2318, 0.4264,0.742,0.1453, 0.4144,0.82,0.0919, 0.495,0.696,0.289,0.4412,0.808,0.1913,0.415,0.506,0.2668, 0.401,0.752,0.0812,0.388,0.286,0.2633,0.3874,0.582,0.1563,0.2194,
0.5028,0.628,0.3218,0.4776,0.36,0.4338,0.4584,0.668,0.2318,0.4382,0.83,0.1787, 0.4144,0.82,0.0919, 0.3792,0.094,0.287, 0.5342,0.912,0.3212,0.5088,0.728,0.3275,0.5074,0.516,0.4458, 0.4938,0.99,0.22,0.4264,0.742,0.1453,0.3952,0.71,0.1271,0.3137,
0.5088,0.728,0.3275,0.5074,0.516,0.4458,0.5028,0.628,0.3218,0.442,0.842,0.1547, 0.415,0.296,0.3255, 0.388,0.286,0.2633, 0.4526,0.942,0.1358,0.438,0.62,0.2473,0.4144,0.82,0.0919, 0.3952,0.71,0.1271,0.3874,0.582,0.1563,0.3792,0.094,0.287,0.0865,
0.519,0.124,0.5556,0.495,0.696,0.289,0.4938,0.99,0.22,0.4568,0.524,0.3299, 0.428,0.628,0.204, 0.4264,0.742,0.1453, 0.5088,0.728,0.3275,0.442,0.842,0.1547,0.415,0.296,0.3255, 0.4144,0.82,0.0919,0.3916,0.426,0.2104,0.388,0.286,0.2633,0.2556,
0.519,0.124,0.5556,0.5074,0.516,0.4458,0.4776,0.36,0.4338,0.442,0.842,0.1547, 0.4192,0.756,0.1509, 0.401,0.752,0.0812, 0.5028,0.628,0.3218,0.438,0.62,0.2473,0.4264,0.742,0.1453, 0.4144,0.82,0.0919,0.3916,0.426,0.2104,0.3792,0.094,0.287,0.2604,
0.498,0.942,0.2042,0.4812,0.956,0.1934,0.4776,0.36,0.4338,0.4526,0.942,0.1358, 0.4382,0.83,0.1787, 0.4264,0.742,0.1453, 0.4568,0.524,0.3299,0.438,0.62,0.2473,0.428,0.628,0.204, 0.3952,0.71,0.1271,0.388,0.286,0.2633,0.3874,0.582,0.1563,0.2229,
0.5342,0.912,0.3212,0.519,0.124,0.5556,0.495,0.696,0.289,0.452,0.762,0.2385, 0.4192,0.756,0.1509, 0.3952,0.71,0.1271, 0.4526,0.942,0.1358,0.4382,0.83,0.1787,0.415,0.296,0.3255, 0.415,0.506,0.2668,0.4144,0.82,0.0919,0.401,0.752,0.0812,0.1891,
0.519,0.124,0.5556,0.4938,0.99,0.22,0.4776,0.36,0.4338,0.4568,0.524,0.3299, 0.442,0.842,0.1547, 0.4382,0.83,0.1787, 0.5074,0.516,0.4458,0.4412,0.808,0.1913,0.4144,0.82,0.0919, 0.4036,0.698,0.1109,0.401,0.752,0.0812,0.388,0.286,0.2633,0.1187,
0.5342,0.912,0.3212,0.5074,0.516,0.4458,0.442,0.842,0.1547,0.4382,0.83,0.1787, 0.438,0.62,0.2473, 0.4036,0.698,0.1109, 0.4776,0.36,0.4338,0.4584,0.668,0.2318,0.4264,0.742,0.1453, 0.415,0.296,0.3255,0.3916,0.426,0.2104,0.3792,0.094,0.287,0.2731,
0.519,0.124,0.5556,0.5088,0.728,0.3275,0.495,0.696,0.289,0.4938,0.99,0.22, 0.415,0.296,0.3255, 0.401,0.752,0.0812, 0.5028,0.628,0.3218,0.4776,0.36,0.4338,0.4192,0.756,0.1509, 0.3952,0.71,0.1271,0.3916,0.426,0.2104,0.3874,0.582,0.1563,0.2962,
0.4584,0.668,0.2318,0.4412,0.808,0.1913,0.4264,0.742,0.1453,0.4036,0.698,0.1109, 0.401,0.752,0.0812, 0.3916,0.426,0.2104, 0.5088,0.728,0.3275,0.498,0.942,0.2042,0.495,0.696,0.289, 0.438,0.62,0.2473,0.4192,0.756,0.1509,0.3874,0.582,0.1563,0.2852,
0.5074,0.516,0.4458,0.495,0.696,0.289,0.4526,0.942,0.1358,0.4264,0.742,0.1453, 0.415,0.296,0.3255, 0.3952,0.71,0.1271, 0.4584,0.668,0.2318,0.442,0.842,0.1547,0.428,0.628,0.204, 0.388,0.286,0.2633,0.3874,0.582,0.1563,0.3792,0.094,0.287,0.3194,
0.442,0.842,0.1547,0.4412,0.808,0.1913,0.4264,0.742,0.1453,0.415,0.296,0.3255, 0.4144,0.82,0.0919, 0.3792,0.094,0.287, 0.5074,0.516,0.4458,0.498,0.942,0.2042,0.495,0.696,0.289, 0.428,0.628,0.204,0.415,0.506,0.2668,0.388,0.286,0.2633,0.3198,
0.498,0.942,0.2042,0.4382,0.83,0.1787,0.4192,0.756,0.1509,0.415,0.296,0.3255, 0.4144,0.82,0.0919, 0.3792,0.094,0.287, 0.5342,0.912,0.3212,0.4812,0.956,0.1934,0.4776,0.36,0.4338, 0.4568,0.524,0.3299,0.4412,0.808,0.1913,0.3874,0.582,0.1563,0.2463,
0.5028,0.628,0.3218,0.4568,0.524,0.3299,0.4264,0.742,0.1453,0.4192,0.756,0.1509, 0.415,0.506,0.2668, 0.3792,0.094,0.287, 0.5088,0.728,0.3275,0.5074,0.516,0.4458,0.4938,0.99,0.22, 0.4812,0.956,0.1934,0.4526,0.942,0.1358,0.4412,0.808,0.1913,0.0685,
0.5088,0.728,0.3275,0.4812,0.956,0.1934,0.4776,0.36,0.4338,0.438,0.62,0.2473, 0.415,0.506,0.2668, 0.401,0.752,0.0812, 0.4938,0.99,0.22,0.4264,0.742,0.1453,0.4144,0.82,0.0919, 0.3952,0.71,0.1271,0.3916,0.426,0.2104,0.388,0.286,0.2633,0.3151,
0.442,0.842,0.1547,0.415,0.506,0.2668,0.415,0.296,0.3255,0.401,0.752,0.0812, 0.3916,0.426,0.2104, 0.3792,0.094,0.287, 0.519,0.124,0.5556,0.4812,0.956,0.1934,0.4776,0.36,0.4338, 0.4526,0.942,0.1358,0.4382,0.83,0.1787,0.4036,0.698,0.1109,0.0163,
0.5088,0.728,0.3275,0.5028,0.628,0.3218,0.4938,0.99,0.22,0.4812,0.956,0.1934, 0.452,0.762,0.2385, 0.4382,0.83,0.1787, 0.519,0.124,0.5556,0.498,0.942,0.2042,0.428,0.628,0.204, 0.4192,0.756,0.1509,0.4036,0.698,0.1109,0.3952,0.71,0.1271,0.2705,
0.5342,0.912,0.3212,0.519,0.124,0.5556,0.5074,0.516,0.4458,0.4584,0.668,0.2318, 0.4264,0.742,0.1453, 0.415,0.506,0.2668, 0.5028,0.628,0.3218,0.442,0.842,0.1547,0.4412,0.808,0.1913, 0.415,0.296,0.3255,0.401,0.752,0.0812,0.3952,0.71,0.1271,0.1848,
0.5342,0.912,0.3212,0.5088,0.728,0.3275,0.498,0.942,0.2042,0.452,0.762,0.2385, 0.442,0.842,0.1547, 0.3952,0.71,0.1271, 0.4584,0.668,0.2318,0.4526,0.942,0.1358,0.4412,0.808,0.1913, 0.401,0.752,0.0812,0.388,0.286,0.2633,0.3792,0.094,0.287,0.0027,
0.5088,0.728,0.3275,0.5074,0.516,0.4458,0.498,0.942,0.2042,0.4938,0.99,0.22, 0.4192,0.756,0.1509, 0.388,0.286,0.2633, 0.4776,0.36,0.4338,0.4382,0.83,0.1787,0.428,0.628,0.204, 0.4144,0.82,0.0919,0.4036,0.698,0.1109,0.401,0.752,0.0812,0.1877,
0.519,0.124,0.5556,0.4584,0.668,0.2318,0.4526,0.942,0.1358,0.3952,0.71,0.1271, 0.388,0.286,0.2633, 0.3792,0.094,0.287, 0.5342,0.912,0.3212,0.5028,0.628,0.3218,0.495,0.696,0.289, 0.4938,0.99,0.22,0.4144,0.82,0.0919,0.3874,0.582,0.1563,0.2887,
0.5342,0.912,0.3212,0.5088,0.728,0.3275,0.5074,0.516,0.4458,0.498,0.942,0.2042, 0.4938,0.99,0.22, 0.3792,0.094,0.287, 0.495,0.696,0.289,0.452,0.762,0.2385,0.442,0.842,0.1547, 0.438,0.62,0.2473,0.415,0.506,0.2668,0.388,0.286,0.2633,0.1862,
0.5028,0.628,0.3218,0.4584,0.668,0.2318,0.4382,0.83,0.1787,0.401,0.752,0.0812, 0.3874,0.582,0.1563, 0.3792,0.094,0.287, 0.519,0.124,0.5556,0.5088,0.728,0.3275,0.4812,0.956,0.1934, 0.4526,0.942,0.1358,0.415,0.296,0.3255,0.4036,0.698,0.1109,0.3237,
0.5342,0.912,0.3212,0.5074,0.516,0.4458,0.5028,0.628,0.3218,0.4812,0.956,0.1934, 0.4412,0.808,0.1913, 0.388,0.286,0.2633, 0.519,0.124,0.5556,0.5088,0.728,0.3275,0.4144,0.82,0.0919, 0.401,0.752,0.0812,0.3952,0.71,0.1271,0.3792,0.094,0.287,0.1669,
0.519,0.124,0.5556,0.4938,0.99,0.22,0.4776,0.36,0.4338,0.4584,0.668,0.2318, 0.452,0.762,0.2385, 0.442,0.842,0.1547, 0.5028,0.628,0.3218,0.4812,0.956,0.1934,0.4568,0.524,0.3299, 0.4144,0.82,0.0919,0.4036,0.698,0.1109,0.3792,0.094,0.287,0.286,
0.5074,0.516,0.4458,0.4812,0.956,0.1934,0.452,0.762,0.2385,0.4412,0.808,0.1913, 0.438,0.62,0.2473, 0.415,0.506,0.2668, 0.5028,0.628,0.3218,0.4382,0.83,0.1787,0.401,0.752,0.0812, 0.3916,0.426,0.2104,0.388,0.286,0.2633,0.3874,0.582,0.1563,0.1536,
0.5074,0.516,0.4458,0.495,0.696,0.289,0.4812,0.956,0.1934,0.4568,0.524,0.3299, 0.438,0.62,0.2473, 0.415,0.296,0.3255, 0.5342,0.912,0.3212,0.428,0.628,0.204,0.4144,0.82,0.0919, 0.3952,0.71,0.1271,0.3916,0.426,0.2104,0.388,0.286,0.2633,0.2101,
0.5074,0.516,0.4458,0.4938,0.99,0.22,0.4776,0.36,0.4338,0.415,0.296,0.3255, 0.388,0.286,0.2633, 0.3874,0.582,0.1563, 0.4584,0.668,0.2318,0.4412,0.808,0.1913,0.4144,0.82,0.0919, 0.4036,0.698,0.1109,0.3916,0.426,0.2104,0.3792,0.094,0.287,0.2792,
0.498,0.942,0.2042,0.4192,0.756,0.1509,0.415,0.506,0.2668,0.4036,0.698,0.1109, 0.3952,0.71,0.1271, 0.3874,0.582,0.1563, 0.5028,0.628,0.3218,0.4938,0.99,0.22,0.4568,0.524,0.3299, 0.4412,0.808,0.1913,0.438,0.62,0.2473,0.415,0.296,0.3255,0.2741,
0.4776,0.36,0.4338,0.4568,0.524,0.3299,0.4412,0.808,0.1913,0.428,0.628,0.204, 0.3952,0.71,0.1271, 0.3792,0.094,0.287, 0.5088,0.728,0.3275,0.5074,0.516,0.4458,0.4938,0.99,0.22, 0.4526,0.942,0.1358,0.438,0.62,0.2473,0.4264,0.742,0.1453,0.2723,
0.5028,0.628,0.3218,0.4382,0.83,0.1787,0.415,0.296,0.3255,0.3952,0.71,0.1271, 0.388,0.286,0.2633, 0.3874,0.582,0.1563, 0.519,0.124,0.5556,0.5074,0.516,0.4458,0.4938,0.99,0.22, 0.4526,0.942,0.1358,0.4192,0.756,0.1509,0.415,0.506,0.2668,0.1292,
0.498,0.942,0.2042,0.495,0.696,0.289,0.4938,0.99,0.22,0.4812,0.956,0.1934, 0.4192,0.756,0.1509, 0.415,0.506,0.2668, 0.519,0.124,0.5556,0.4568,0.524,0.3299,0.4382,0.83,0.1787, 0.401,0.752,0.0812,0.3874,0.582,0.1563,0.3792,0.094,0.287,0.3163,
0.4776,0.36,0.4338,0.4568,0.524,0.3299,0.4382,0.83,0.1787,0.438,0.62,0.2473, 0.428,0.628,0.204, 0.4036,0.698,0.1109, 0.519,0.124,0.5556,0.5074,0.516,0.4458,0.495,0.696,0.289, 0.4938,0.99,0.22,0.4526,0.942,0.1358,0.4192,0.756,0.1509,0.3265,
0.5074,0.516,0.4458,0.5028,0.628,0.3218,0.495,0.696,0.289,0.4938,0.99,0.22, 0.4812,0.956,0.1934, 0.428,0.628,0.204, 0.498,0.942,0.2042,0.4568,0.524,0.3299,0.452,0.762,0.2385, 0.401,0.752,0.0812,0.3916,0.426,0.2104,0.3874,0.582,0.1563,0.0654,
0.452,0.762,0.2385,0.442,0.842,0.1547,0.438,0.62,0.2473,0.428,0.628,0.204, 0.4192,0.756,0.1509, 0.3916,0.426,0.2104, 0.519,0.124,0.5556,0.495,0.696,0.289,0.4938,0.99,0.22, 0.4812,0.956,0.1934,0.4776,0.36,0.4338,0.4412,0.808,0.1913,0.0232,
0.5342,0.912,0.3212,0.519,0.124,0.5556,0.4812,0.956,0.1934,0.442,0.842,0.1547, 0.428,0.628,0.204, 0.4192,0.756,0.1509, 0.5028,0.628,0.3218,0.4568,0.524,0.3299,0.415,0.296,0.3255, 0.4144,0.82,0.0919,0.3916,0.426,0.2104,0.3874,0.582,0.1563,0.2472,
0.519,0.124,0.5556,0.4568,0.524,0.3299,0.438,0.62,0.2473,0.4036,0.698,0.1109, 0.3952,0.71,0.1271, 0.3874,0.582,0.1563, 0.5342,0.912,0.3212,0.5074,0.516,0.4458,0.495,0.696,0.289, 0.4776,0.36,0.4338,0.452,0.762,0.2385,0.3792,0.094,0.287,0.2355,
0.495,0.696,0.289,0.415,0.296,0.3255,0.4144,0.82,0.0919,0.4036,0.698,0.1109, 0.3874,0.582,0.1563, 0.3792,0.094,0.287, 0.5342,0.912,0.3212,0.4776,0.36,0.4338,0.4568,0.524,0.3299, 0.4526,0.942,0.1358,0.428,0.628,0.204,0.415,0.506,0.2668,0.0421,
0.4938,0.99,0.22,0.4584,0.668,0.2318,0.4568,0.524,0.3299,0.4192,0.756,0.1509, 0.4144,0.82,0.0919, 0.3874,0.582,0.1563, 0.5342,0.912,0.3212,0.519,0.124,0.5556,0.5074,0.516,0.4458, 0.5028,0.628,0.3218,0.415,0.506,0.2668,0.388,0.286,0.2633,0.2828,
0.5342,0.912,0.3212,0.519,0.124,0.5556,0.4812,0.956,0.1934,0.4584,0.668,0.2318, 0.4568,0.524,0.3299, 0.4526,0.942,0.1358, 0.5074,0.516,0.4458,0.4382,0.83,0.1787,0.428,0.628,0.204, 0.415,0.296,0.3255,0.4036,0.698,0.1109,0.401,0.752,0.0812,0.1172,
0.5028,0.628,0.3218,0.4584,0.668,0.2318,0.428,0.628,0.204,0.4264,0.742,0.1453, 0.3916,0.426,0.2104, 0.388,0.286,0.2633, 0.5342,0.912,0.3212,0.519,0.124,0.5556,0.498,0.942,0.2042, 0.452,0.762,0.2385,0.415,0.506,0.2668,0.4144,0.82,0.0919,0.203,
0.498,0.942,0.2042,0.4938,0.99,0.22,0.4776,0.36,0.4338,0.4568,0.524,0.3299, 0.4526,0.942,0.1358, 0.4192,0.756,0.1509, 0.4412,0.808,0.1913,0.438,0.62,0.2473,0.415,0.296,0.3255, 0.4036,0.698,0.1109,0.401,0.752,0.0812,0.3916,0.426,0.2104,0.0417,
0.4812,0.956,0.1934,0.452,0.762,0.2385,0.4382,0.83,0.1787,0.415,0.506,0.2668, 0.401,0.752,0.0812, 0.388,0.286,0.2633, 0.519,0.124,0.5556,0.5088,0.728,0.3275,0.5074,0.516,0.4458, 0.4568,0.524,0.3299,0.4264,0.742,0.1453,0.4192,0.756,0.1509,0.268,
0.4382,0.83,0.1787,0.4264,0.742,0.1453,0.415,0.296,0.3255,0.415,0.506,0.2668, 0.4144,0.82,0.0919, 0.401,0.752,0.0812, 0.519,0.124,0.5556,0.4812,0.956,0.1934,0.4776,0.36,0.4338, 0.4568,0.524,0.3299,0.438,0.62,0.2473,0.3952,0.71,0.1271,0.189,
0.498,0.942,0.2042,0.452,0.762,0.2385,0.4412,0.808,0.1913,0.428,0.628,0.204, 0.415,0.506,0.2668, 0.401,0.752,0.0812, 0.519,0.124,0.5556,0.5088,0.728,0.3275,0.495,0.696,0.289, 0.4584,0.668,0.2318,0.4568,0.524,0.3299,0.4526,0.942,0.1358,0.3297,
0.5074,0.516,0.4458,0.495,0.696,0.289,0.4776,0.36,0.4338,0.452,0.762,0.2385, 0.438,0.62,0.2473, 0.388,0.286,0.2633, 0.5028,0.628,0.3218,0.4192,0.756,0.1509,0.415,0.506,0.2668, 0.415,0.296,0.3255,0.3952,0.71,0.1271,0.3916,0.426,0.2104,0.2962,
0.4412,0.808,0.1913,0.4264,0.742,0.1453,0.4144,0.82,0.0919,0.3916,0.426,0.2104, 0.3874,0.582,0.1563, 0.3792,0.094,0.287, 0.519,0.124,0.5556,0.4776,0.36,0.4338,0.452,0.762,0.2385, 0.415,0.296,0.3255,0.415,0.506,0.2668,0.3952,0.71,0.1271,0.169,
0.4526,0.942,0.1358,0.4192,0.756,0.1509,0.415,0.296,0.3255,0.4144,0.82,0.0919, 0.3916,0.426,0.2104, 0.3792,0.094,0.287, 0.5342,0.912,0.3212,0.5028,0.628,0.3218,0.442,0.842,0.1547, 0.4412,0.808,0.1913,0.3952,0.71,0.1271,0.388,0.286,0.2633,0.2712,
0.5342,0.912,0.3212,0.495,0.696,0.289,0.4938,0.99,0.22,0.442,0.842,0.1547, 0.428,0.628,0.204, 0.415,0.506,0.2668, 0.4526,0.942,0.1358,0.452,0.762,0.2385,0.4412,0.808,0.1913, 0.415,0.296,0.3255,0.4144,0.82,0.0919,0.401,0.752,0.0812,0.304,
0.495,0.696,0.289,0.4036,0.698,0.1109,0.401,0.752,0.0812,0.3952,0.71,0.1271, 0.388,0.286,0.2633, 0.3874,0.582,0.1563, 0.5088,0.728,0.3275,0.4776,0.36,0.4338,0.4526,0.942,0.1358, 0.438,0.62,0.2473,0.4192,0.756,0.1509,0.4144,0.82,0.0919,0.2119,
0.5342,0.912,0.3212,0.519,0.124,0.5556,0.5074,0.516,0.4458,0.4584,0.668,0.2318, 0.4568,0.524,0.3299, 0.4192,0.756,0.1509, 0.5028,0.628,0.3218,0.495,0.696,0.289,0.415,0.296,0.3255, 0.415,0.506,0.2668,0.3874,0.582,0.1563,0.3792,0.094,0.287,0.0489,
0.4776,0.36,0.4338,0.4526,0.942,0.1358,0.415,0.506,0.2668,0.4036,0.698,0.1109, 0.401,0.752,0.0812, 0.3874,0.582,0.1563, 0.5074,0.516,0.4458,0.5028,0.628,0.3218,0.495,0.696,0.289, 0.4584,0.668,0.2318,0.438,0.62,0.2473,0.3916,0.426,0.2104,0.29,
0.5074,0.516,0.4458,0.5028,0.628,0.3218,0.428,0.628,0.204,0.4036,0.698,0.1109, 0.388,0.286,0.2633, 0.3792,0.094,0.287, 0.5342,0.912,0.3212,0.498,0.942,0.2042,0.4938,0.99,0.22, 0.452,0.762,0.2385,0.438,0.62,0.2473,0.4264,0.742,0.1453,0.2287,
0.519,0.124,0.5556,0.438,0.62,0.2473,0.4264,0.742,0.1453,0.4036,0.698,0.1109, 0.3952,0.71,0.1271, 0.3916,0.426,0.2104, 0.5342,0.912,0.3212,0.5028,0.628,0.3218,0.4584,0.668,0.2318, 0.4568,0.524,0.3299,0.4412,0.808,0.1913,0.4192,0.756,0.1509,0.2448,
0.5342,0.912,0.3212,0.452,0.762,0.2385,0.428,0.628,0.204,0.4264,0.742,0.1453, 0.415,0.506,0.2668, 0.3792,0.094,0.287, 0.519,0.124,0.5556,0.5074,0.516,0.4458,0.498,0.942,0.2042, 0.4776,0.36,0.4338,0.4526,0.942,0.1358,0.415,0.296,0.3255,0.3014,
0.5342,0.912,0.3212,0.519,0.124,0.5556,0.498,0.942,0.2042,0.4938,0.99,0.22, 0.3874,0.582,0.1563, 0.3792,0.094,0.287, 0.5074,0.516,0.4458,0.4264,0.742,0.1453,0.4036,0.698,0.1109, 0.401,0.752,0.0812,0.3952,0.71,0.1271,0.3916,0.426,0.2104,0.165,
0.519,0.124,0.5556,0.5088,0.728,0.3275,0.498,0.942,0.2042,0.4584,0.668,0.2318, 0.4264,0.742,0.1453, 0.3916,0.426,0.2104, 0.4776,0.36,0.4338,0.4382,0.83,0.1787,0.415,0.296,0.3255, 0.4144,0.82,0.0919,0.388,0.286,0.2633,0.3874,0.582,0.1563,0.3222,
0.498,0.942,0.2042,0.4938,0.99,0.22,0.4812,0.956,0.1934,0.4568,0.524,0.3299, 0.452,0.762,0.2385, 0.4144,0.82,0.0919, 0.4412,0.808,0.1913,0.438,0.62,0.2473,0.415,0.506,0.2668, 0.4036,0.698,0.1109,0.3952,0.71,0.1271,0.388,0.286,0.2633,0.1014,
0.4812,0.956,0.1934,0.4776,0.36,0.4338,0.4412,0.808,0.1913,0.4264,0.742,0.1453, 0.388,0.286,0.2633, 0.3874,0.582,0.1563, 0.5088,0.728,0.3275,0.5074,0.516,0.4458,0.5028,0.628,0.3218, 0.498,0.942,0.2042,0.495,0.696,0.289,0.415,0.296,0.3255,0.1175,
0.519,0.124,0.5556,0.5088,0.728,0.3275,0.5074,0.516,0.4458,0.495,0.696,0.289, 0.4526,0.942,0.1358, 0.3916,0.426,0.2104, 0.5028,0.628,0.3218,0.4412,0.808,0.1913,0.4192,0.756,0.1509, 0.415,0.506,0.2668,0.4144,0.82,0.0919,0.401,0.752,0.0812,0.1733,
0.5088,0.728,0.3275,0.4938,0.99,0.22,0.4812,0.956,0.1934,0.4568,0.524,0.3299, 0.452,0.762,0.2385, 0.401,0.752,0.0812, 0.495,0.696,0.289,0.4382,0.83,0.1787,0.4264,0.742,0.1453, 0.415,0.296,0.3255,0.3952,0.71,0.1271,0.388,0.286,0.2633,0.2705,
0.5342,0.912,0.3212,0.519,0.124,0.5556,0.5088,0.728,0.3275,0.4938,0.99,0.22, 0.3952,0.71,0.1271, 0.3916,0.426,0.2104, 0.4776,0.36,0.4338,0.4568,0.524,0.3299,0.442,0.842,0.1547, 0.415,0.296,0.3255,0.388,0.286,0.2633,0.3874,0.582,0.1563,0.2512,
0.5074,0.516,0.4458,0.5028,0.628,0.3218,0.4938,0.99,0.22,0.4776,0.36,0.4338, 0.4568,0.524,0.3299, 0.3874,0.582,0.1563, 0.498,0.942,0.2042,0.452,0.762,0.2385,0.442,0.842,0.1547, 0.415,0.506,0.2668,0.3916,0.426,0.2104,0.388,0.286,0.2633,0.2526,
0.5074,0.516,0.4458,0.452,0.762,0.2385,0.428,0.628,0.204,0.4264,0.742,0.1453, 0.3952,0.71,0.1271, 0.3792,0.094,0.287, 0.5342,0.912,0.3212,0.519,0.124,0.5556,0.5088,0.728,0.3275, 0.498,0.942,0.2042,0.4584,0.668,0.2318,0.4144,0.82,0.0919,0.0928,
0.498,0.942,0.2042,0.4812,0.956,0.1934,0.438,0.62,0.2473,0.415,0.296,0.3255, 0.4036,0.698,0.1109, 0.388,0.286,0.2633, 0.5342,0.912,0.3212,0.5088,0.728,0.3275,0.4776,0.36,0.4338, 0.4568,0.524,0.3299,0.452,0.762,0.2385,0.415,0.506,0.2668,0.2085,
0.5074,0.516,0.4458,0.4526,0.942,0.1358,0.415,0.296,0.3255,0.4144,0.82,0.0919, 0.4036,0.698,0.1109, 0.388,0.286,0.2633, 0.5342,0.912,0.3212,0.5088,0.728,0.3275,0.5028,0.628,0.3218, 0.4938,0.99,0.22,0.4192,0.756,0.1509,0.415,0.506,0.2668,0.1116,
0.5088,0.728,0.3275,0.495,0.696,0.289,0.4938,0.99,0.22,0.438,0.62,0.2473, 0.415,0.506,0.2668, 0.3952,0.71,0.1271, 0.4412,0.808,0.1913,0.4264,0.742,0.1453,0.415,0.296,0.3255, 0.4144,0.82,0.0919,0.388,0.286,0.2633,0.3874,0.582,0.1563,0.1541,
0.5342,0.912,0.3212,0.5088,0.728,0.3275,0.5074,0.516,0.4458,0.5028,0.628,0.3218, 0.4568,0.524,0.3299, 0.4264,0.742,0.1453, 0.498,0.942,0.2042,0.4776,0.36,0.4338,0.4584,0.668,0.2318, 0.4526,0.942,0.1358,0.4382,0.83,0.1787,0.401,0.752,0.0812,0.3298,
0.4812,0.956,0.1934,0.4526,0.942,0.1358,0.438,0.62,0.2473,0.4264,0.742,0.1453, 0.3916,0.426,0.2104, 0.388,0.286,0.2633, 0.5342,0.912,0.3212,0.519,0.124,0.5556,0.5074,0.516,0.4458, 0.4568,0.524,0.3299,0.452,0.762,0.2385,0.4144,0.82,0.0919,0.0243,
0.519,0.124,0.5556,0.5088,0.728,0.3275,0.495,0.696,0.289,0.4938,0.99,0.22, 0.4412,0.808,0.1913, 0.3952,0.71,0.1271, 0.5028,0.628,0.3218,0.4568,0.524,0.3299,0.415,0.296,0.3255, 0.415,0.506,0.2668,0.401,0.752,0.0812,0.3874,0.582,0.1563,0.2082,
0.498,0.942,0.2042,0.4568,0.524,0.3299,0.415,0.506,0.2668,0.4036,0.698,0.1109, 0.401,0.752,0.0812, 0.388,0.286,0.2633, 0.519,0.124,0.5556,0.5074,0.516,0.4458,0.495,0.696,0.289, 0.442,0.842,0.1547,0.4382,0.83,0.1787,0.3952,0.71,0.1271,0.2675,
0.5074,0.516,0.4458,0.5028,0.628,0.3218,0.498,0.942,0.2042,0.495,0.696,0.289, 0.442,0.842,0.1547, 0.428,0.628,0.204, 0.4776,0.36,0.4338,0.4568,0.524,0.3299,0.4192,0.756,0.1509, 0.415,0.506,0.2668,0.401,0.752,0.0812,0.3916,0.426,0.2104,0.1934,
0.438,0.62,0.2473,0.415,0.506,0.2668,0.4036,0.698,0.1109,0.3916,0.426,0.2104, 0.3874,0.582,0.1563, 0.3792,0.094,0.287, 0.5074,0.516,0.4458,0.4812,0.956,0.1934,0.4776,0.36,0.4338, 0.4144,0.82,0.0919,0.3952,0.71,0.1271,0.388,0.286,0.2633,0.2036,
0.5028,0.628,0.3218,0.4264,0.742,0.1453,0.415,0.296,0.3255,0.4036,0.698,0.1109, 0.3952,0.71,0.1271, 0.3792,0.094,0.287, 0.5088,0.728,0.3275,0.4938,0.99,0.22,0.4812,0.956,0.1934, 0.4526,0.942,0.1358,0.4192,0.756,0.1509,0.415,0.506,0.2668,0.1336,
0.4938,0.99,0.22,0.442,0.842,0.1547,0.428,0.628,0.204,0.4192,0.756,0.1509, 0.401,0.752,0.0812, 0.3874,0.582,0.1563, 0.5342,0.912,0.3212,0.495,0.696,0.289,0.4776,0.36,0.4338, 0.4584,0.668,0.2318,0.4382,0.83,0.1787,0.388,0.286,0.2633,0.3285,
0.5342,0.912,0.3212,0.4812,0.956,0.1934,0.4584,0.668,0.2318,0.4568,0.524,0.3299, 0.415,0.296,0.3255, 0.4036,0.698,0.1109, 0.4526,0.942,0.1358,0.4382,0.83,0.1787,0.4144,0.82,0.0919, 0.3952,0.71,0.1271,0.3916,0.426,0.2104,0.3874,0.582,0.1563,0.2135,
0.519,0.124,0.5556,0.4812,0.956,0.1934,0.4776,0.36,0.4338,0.4568,0.524,0.3299, 0.4526,0.942,0.1358, 0.428,0.628,0.204, 0.452,0.762,0.2385,0.4382,0.83,0.1787,0.438,0.62,0.2473, 0.415,0.296,0.3255,0.4036,0.698,0.1109,0.401,0.752,0.0812,0.2211,
0.4584,0.668,0.2318,0.4526,0.942,0.1358,0.428,0.628,0.204,0.415,0.506,0.2668, 0.401,0.752,0.0812, 0.3792,0.094,0.287, 0.5028,0.628,0.3218,0.498,0.942,0.2042,0.495,0.696,0.289, 0.4812,0.956,0.1934,0.4412,0.808,0.1913,0.3916,0.426,0.2104,0.1962,
0.519,0.124,0.5556,0.5028,0.628,0.3218,0.498,0.942,0.2042,0.4584,0.668,0.2318, 0.4526,0.942,0.1358, 0.4192,0.756,0.1509, 0.4382,0.83,0.1787,0.438,0.62,0.2473,0.4264,0.742,0.1453, 0.415,0.506,0.2668,0.388,0.286,0.2633,0.3874,0.582,0.1563,0.1155,
0.519,0.124,0.5556,0.5074,0.516,0.4458,0.495,0.696,0.289,0.4584,0.668,0.2318, 0.438,0.62,0.2473, 0.415,0.506,0.2668, 0.452,0.762,0.2385,0.4382,0.83,0.1787,0.428,0.628,0.204, 0.4144,0.82,0.0919,0.3952,0.71,0.1271,0.3792,0.094,0.287,0.0329,
0.519,0.124,0.5556,0.4584,0.668,0.2318,0.4526,0.942,0.1358,0.4192,0.756,0.1509, 0.4036,0.698,0.1109, 0.388,0.286,0.2633, 0.5088,0.728,0.3275,0.5028,0.628,0.3218,0.498,0.942,0.2042, 0.4938,0.99,0.22,0.442,0.842,0.1547,0.4264,0.742,0.1453,0.3195,
0.5074,0.516,0.4458,0.495,0.696,0.289,0.4382,0.83,0.1787,0.438,0.62,0.2473, 0.4036,0.698,0.1109, 0.3916,0.426,0.2104, 0.4526,0.942,0.1358,0.415,0.296,0.3255,0.401,0.752,0.0812, 0.3952,0.71,0.1271,0.388,0.286,0.2633,0.3874,0.582,0.1563,0.2908,
0.4568,0.524,0.3299,0.452,0.762,0.2385,0.4382,0.83,0.1787,0.4036,0.698,0.1109, 0.401,0.752,0.0812, 0.3952,0.71,0.1271, 0.5074,0.516,0.4458,0.495,0.696,0.289,0.4938,0.99,0.22, 0.4412,0.808,0.1913,0.4192,0.756,0.1509,0.415,0.296,0.3255,0.2993,
0.5342,0.912,0.3212,0.5074,0.516,0.4458,0.498,0.942,0.2042,0.495,0.696,0.289, 0.4412,0.808,0.1913, 0.4264,0.742,0.1453, 0.519,0.124,0.5556,0.4812,0.956,0.1934,0.415,0.296,0.3255, 0.415,0.506,0.2668,0.401,0.752,0.0812,0.3874,0.582,0.1563,0.1734,
0.4412,0.808,0.1913,0.4264,0.742,0.1453,0.4192,0.756,0.1509,0.4036,0.698,0.1109, 0.401,0.752,0.0812, 0.3874,0.582,0.1563, 0.5028,0.628,0.3218,0.495,0.696,0.289,0.4938,0.99,0.22, 0.4526,0.942,0.1358,0.428,0.628,0.204,0.3916,0.426,0.2104,0.1805,
0.5074,0.516,0.4458,0.4568,0.524,0.3299,0.4382,0.83,0.1787,0.401,0.752,0.0812, 0.3916,0.426,0.2104, 0.3874,0.582,0.1563, 0.5088,0.728,0.3275,0.498,0.942,0.2042,0.4776,0.36,0.4338, 0.4584,0.668,0.2318,0.452,0.762,0.2385,0.438,0.62,0.2473,0.2999,
0.519,0.124,0.5556,0.5028,0.628,0.3218,0.4938,0.99,0.22,0.4776,0.36,0.4338, 0.438,0.62,0.2473, 0.388,0.286,0.2633, 0.5342,0.912,0.3212,0.4568,0.524,0.3299,0.415,0.506,0.2668, 0.3952,0.71,0.1271,0.3874,0.582,0.1563,0.3792,0.094,0.287,0.3152,
0.4568,0.524,0.3299,0.4526,0.942,0.1358,0.4036,0.698,0.1109,0.401,0.752,0.0812, 0.3952,0.71,0.1271, 0.3916,0.426,0.2104, 0.5342,0.912,0.3212,0.519,0.124,0.5556,0.4812,0.956,0.1934, 0.438,0.62,0.2473,0.415,0.506,0.2668,0.4144,0.82,0.0919,0.0608,
0.5342,0.912,0.3212,0.5074,0.516,0.4458,0.4776,0.36,0.4338,0.4382,0.83,0.1787, 0.438,0.62,0.2473, 0.428,0.628,0.204, 0.5028,0.628,0.3218,0.4584,0.668,0.2318,0.442,0.842,0.1547, 0.4144,0.82,0.0919,0.388,0.286,0.2633,0.3874,0.582,0.1563,0.1434,
0.4938,0.99,0.22,0.4584,0.668,0.2318,0.4568,0.524,0.3299,0.428,0.628,0.204, 0.3916,0.426,0.2104, 0.3792,0.094,0.287, 0.5342,0.912,0.3212,0.5028,0.628,0.3218,0.498,0.942,0.2042, 0.4526,0.942,0.1358,0.442,0.842,0.1547,0.415,0.296,0.3255,0.3211,
0.519,0.124,0.5556,0.4812,0.956,0.1934,0.452,0.762,0.2385,0.4382,0.83,0.1787, 0.438,0.62,0.2473, 0.4036,0.698,0.1109, 0.498,0.942,0.2042,0.4568,0.524,0.3299,0.4144,0.82,0.0919, 0.3916,0.426,0.2104,0.388,0.286,0.2633,0.3792,0.094,0.287,0.3216,
0.5074,0.516,0.4458,0.442,0.842,0.1547,0.4264,0.742,0.1453,0.415,0.296,0.3255, 0.415,0.506,0.2668, 0.4036,0.698,0.1109, 0.519,0.124,0.5556,0.498,0.942,0.2042,0.4938,0.99,0.22, 0.452,0.762,0.2385,0.401,0.752,0.0812,0.3916,0.426,0.2104,0.6448,
0.5088,0.728,0.3275,0.4776,0.36,0.4338,0.4526,0.942,0.1358,0.452,0.762,0.2385, 0.415,0.296,0.3255, 0.4144,0.82,0.0919, 0.4584,0.668,0.2318,0.438,0.62,0.2473,0.428,0.628,0.204, 0.4192,0.756,0.1509,0.415,0.506,0.2668,0.3874,0.582,0.1563,0.4742,
0.519,0.124,0.5556,0.5028,0.628,0.3218,0.4812,0.956,0.1934,0.4412,0.808,0.1913, 0.415,0.506,0.2668, 0.3792,0.094,0.287, 0.4776,0.36,0.4338,0.452,0.762,0.2385,0.428,0.628,0.204, 0.415,0.296,0.3255,0.4036,0.698,0.1109,0.3952,0.71,0.1271,0.5837,
0.519,0.124,0.5556,0.5074,0.516,0.4458,0.495,0.696,0.289,0.428,0.628,0.204, 0.4036,0.698,0.1109, 0.388,0.286,0.2633, 0.4776,0.36,0.4338,0.4526,0.942,0.1358,0.452,0.762,0.2385, 0.3952,0.71,0.1271,0.3916,0.426,0.2104,0.3874,0.582,0.1563,0.5614,
0.5088,0.728,0.3275,0.498,0.942,0.2042,0.4812,0.956,0.1934,0.4776,0.36,0.4338, 0.4568,0.524,0.3299, 0.415,0.296,0.3255, 0.5342,0.912,0.3212,0.519,0.124,0.5556,0.4412,0.808,0.1913, 0.4264,0.742,0.1453,0.3952,0.71,0.1271,0.3874,0.582,0.1563,0.5753,
0.519,0.124,0.5556,0.4812,0.956,0.1934,0.4776,0.36,0.4338,0.4412,0.808,0.1913, 0.4036,0.698,0.1109, 0.3916,0.426,0.2104, 0.4584,0.668,0.2318,0.4568,0.524,0.3299,0.4526,0.942,0.1358, 0.388,0.286,0.2633,0.3874,0.582,0.1563,0.3792,0.094,0.287,0.4135,
0.4568,0.524,0.3299,0.4526,0.942,0.1358,0.4412,0.808,0.1913,0.4264,0.742,0.1453, 0.401,0.752,0.0812, 0.388,0.286,0.2633, 0.5088,0.728,0.3275,0.5028,0.628,0.3218,0.498,0.942,0.2042, 0.442,0.842,0.1547,0.3874,0.582,0.1563,0.3792,0.094,0.287,0.6323,
0.5342,0.912,0.3212,0.519,0.124,0.5556,0.5028,0.628,0.3218,0.438,0.62,0.2473, 0.4036,0.698,0.1109, 0.3952,0.71,0.1271, 0.5074,0.516,0.4458,0.495,0.696,0.289,0.4412,0.808,0.1913, 0.4382,0.83,0.1787,0.3874,0.582,0.1563,0.3792,0.094,0.287,0.6577,
0.5342,0.912,0.3212,0.519,0.124,0.5556,0.4812,0.956,0.1934,0.4412,0.808,0.1913, 0.438,0.62,0.2473, 0.415,0.506,0.2668, 0.5088,0.728,0.3275,0.5028,0.628,0.3218,0.495,0.696,0.289, 0.428,0.628,0.204,0.401,0.752,0.0812,0.3952,0.71,0.1271,0.5581,
0.5342,0.912,0.3212,0.5028,0.628,0.3218,0.4812,0.956,0.1934,0.415,0.296,0.3255, 0.401,0.752,0.0812, 0.388,0.286,0.2633, 0.4584,0.668,0.2318,0.452,0.762,0.2385,0.442,0.842,0.1547, 0.428,0.628,0.204,0.3952,0.71,0.1271,0.3916,0.426,0.2104,0.5823,
0.5074,0.516,0.4458,0.4526,0.942,0.1358,0.438,0.62,0.2473,0.4264,0.742,0.1453, 0.3952,0.71,0.1271, 0.3874,0.582,0.1563, 0.4938,0.99,0.22,0.4812,0.956,0.1934,0.4568,0.524,0.3299, 0.452,0.762,0.2385,0.442,0.842,0.1547,0.401,0.752,0.0812,0.6524,
0.5342,0.912,0.3212,0.4776,0.36,0.4338,0.4382,0.83,0.1787,0.4264,0.742,0.1453, 0.3952,0.71,0.1271, 0.3916,0.426,0.2104, 0.4526,0.942,0.1358,0.442,0.842,0.1547,0.4412,0.808,0.1913, 0.415,0.506,0.2668,0.4036,0.698,0.1109,0.3792,0.094,0.287,0.5667,
0.5028,0.628,0.3218,0.495,0.696,0.289,0.4584,0.668,0.2318,0.415,0.296,0.3255, 0.3952,0.71,0.1271, 0.3792,0.094,0.287, 0.4526,0.942,0.1358,0.428,0.628,0.204,0.4192,0.756,0.1509, 0.401,0.752,0.0812,0.3916,0.426,0.2104,0.388,0.286,0.2633,0.5599,
0.498,0.942,0.2042,0.4776,0.36,0.4338,0.4568,0.524,0.3299,0.415,0.296,0.3255, 0.4144,0.82,0.0919, 0.388,0.286,0.2633, 0.5342,0.912,0.3212,0.5088,0.728,0.3275,0.5074,0.516,0.4458, 0.442,0.842,0.1547,0.428,0.628,0.204,0.415,0.506,0.2668,0.404,
0.5342,0.912,0.3212,0.5028,0.628,0.3218,0.4812,0.956,0.1934,0.415,0.506,0.2668, 0.3916,0.426,0.2104, 0.3874,0.582,0.1563, 0.4568,0.524,0.3299,0.4526,0.942,0.1358,0.452,0.762,0.2385, 0.4144,0.82,0.0919,0.388,0.286,0.2633,0.3792,0.094,0.287,0.4891,
0.5074,0.516,0.4458,0.498,0.942,0.2042,0.4776,0.36,0.4338,0.438,0.62,0.2473, 0.4144,0.82,0.0919, 0.3952,0.71,0.1271, 0.5342,0.912,0.3212,0.519,0.124,0.5556,0.495,0.696,0.289, 0.4812,0.956,0.1934,0.4382,0.83,0.1787,0.4264,0.742,0.1453,0.5942,
0.519,0.124,0.5556,0.5028,0.628,0.3218,0.498,0.942,0.2042,0.4568,0.524,0.3299, 0.428,0.628,0.204, 0.415,0.506,0.2668, 0.5088,0.728,0.3275,0.4526,0.942,0.1358,0.4264,0.742,0.1453, 0.4192,0.756,0.1509,0.415,0.296,0.3255,0.388,0.286,0.2633,0.4055,
0.5342,0.912,0.3212,0.4776,0.36,0.4338,0.4382,0.83,0.1787,0.4036,0.698,0.1109, 0.401,0.752,0.0812, 0.3916,0.426,0.2104, 0.5074,0.516,0.4458,0.495,0.696,0.289,0.4568,0.524,0.3299, 0.452,0.762,0.2385,0.442,0.842,0.1547,0.415,0.506,0.2668,0.5389,
0.4812,0.956,0.1934,0.452,0.762,0.2385,0.442,0.842,0.1547,0.4412,0.808,0.1913, 0.415,0.506,0.2668, 0.3792,0.094,0.287, 0.5342,0.912,0.3212,0.5074,0.516,0.4458,0.5028,0.628,0.3218, 0.4568,0.524,0.3299,0.428,0.628,0.204,0.3916,0.426,0.2104,0.4137,
0.498,0.942,0.2042,0.4568,0.524,0.3299,0.4526,0.942,0.1358,0.4382,0.83,0.1787, 0.415,0.506,0.2668, 0.3916,0.426,0.2104, 0.5088,0.728,0.3275,0.5028,0.628,0.3218,0.4812,0.956,0.1934, 0.452,0.762,0.2385,0.428,0.628,0.204,0.415,0.296,0.3255,0.6439,
0.5342,0.912,0.3212,0.5088,0.728,0.3275,0.4264,0.742,0.1453,0.4192,0.756,0.1509, 0.3916,0.426,0.2104, 0.388,0.286,0.2633, 0.519,0.124,0.5556,0.498,0.942,0.2042,0.452,0.762,0.2385, 0.4412,0.808,0.1913,0.438,0.62,0.2473,0.428,0.628,0.204,0.6568,
0.498,0.942,0.2042,0.428,0.628,0.204,0.4192,0.756,0.1509,0.4144,0.82,0.0919, 0.401,0.752,0.0812, 0.3874,0.582,0.1563, 0.519,0.124,0.5556,0.5074,0.516,0.4458,0.4382,0.83,0.1787, 0.415,0.506,0.2668,0.4036,0.698,0.1109,0.388,0.286,0.2633,0.5142,
0.5028,0.628,0.3218,0.495,0.696,0.289,0.4812,0.956,0.1934,0.4584,0.668,0.2318, 0.4568,0.524,0.3299, 0.401,0.752,0.0812, 0.5088,0.728,0.3275,0.4412,0.808,0.1913,0.4192,0.756,0.1509, 0.415,0.296,0.3255,0.3916,0.426,0.2104,0.388,0.286,0.2633,0.4439,
0.5028,0.628,0.3218,0.4812,0.956,0.1934,0.4192,0.756,0.1509,0.3952,0.71,0.1271, 0.388,0.286,0.2633, 0.3874,0.582,0.1563, 0.498,0.942,0.2042,0.4938,0.99,0.22,0.4584,0.668,0.2318, 0.442,0.842,0.1547,0.4412,0.808,0.1913,0.401,0.752,0.0812,0.5625,
0.519,0.124,0.5556,0.4812,0.956,0.1934,0.452,0.762,0.2385,0.438,0.62,0.2473, 0.388,0.286,0.2633, 0.3792,0.094,0.287, 0.5088,0.728,0.3275,0.5028,0.628,0.3218,0.495,0.696,0.289, 0.4938,0.99,0.22,0.3952,0.71,0.1271,0.3874,0.582,0.1563,0.6585,
0.4776,0.36,0.4338,0.4526,0.942,0.1358,0.452,0.762,0.2385,0.4382,0.83,0.1787, 0.415,0.296,0.3255, 0.3792,0.094,0.287, 0.428,0.628,0.204,0.4264,0.742,0.1453,0.4144,0.82,0.0919, 0.4036,0.698,0.1109,0.3916,0.426,0.2104,0.3874,0.582,0.1563,0.3857,
0.4812,0.956,0.1934,0.452,0.762,0.2385,0.438,0.62,0.2473,0.415,0.296,0.3255, 0.4036,0.698,0.1109, 0.3916,0.426,0.2104, 0.5342,0.912,0.3212,0.498,0.942,0.2042,0.495,0.696,0.289, 0.4776,0.36,0.4338,0.415,0.506,0.2668,0.3874,0.582,0.1563,0.3389,
0.5342,0.912,0.3212,0.4584,0.668,0.2318,0.452,0.762,0.2385,0.4382,0.83,0.1787, 0.4144,0.82,0.0919, 0.3916,0.426,0.2104, 0.519,0.124,0.5556,0.4568,0.524,0.3299,0.428,0.628,0.204, 0.4036,0.698,0.1109,0.388,0.286,0.2633,0.3792,0.094,0.287,0.5901,
0.519,0.124,0.5556,0.4938,0.99,0.22,0.4584,0.668,0.2318,0.4264,0.742,0.1453, 0.415,0.506,0.2668, 0.401,0.752,0.0812, 0.5088,0.728,0.3275,0.5074,0.516,0.4458,0.4776,0.36,0.4338, 0.4568,0.524,0.3299,0.4526,0.942,0.1358,0.4144,0.82,0.0919,0.5913,
0.519,0.124,0.5556,0.495,0.696,0.289,0.4264,0.742,0.1453,0.415,0.296,0.3255, 0.388,0.286,0.2633, 0.3792,0.094,0.287, 0.5074,0.516,0.4458,0.4812,0.956,0.1934,0.4412,0.808,0.1913, 0.4382,0.83,0.1787,0.415,0.506,0.2668,0.4144,0.82,0.0919,0.5987,
0.4938,0.99,0.22,0.442,0.842,0.1547,0.4412,0.808,0.1913,0.415,0.506,0.2668, 0.3916,0.426,0.2104, 0.3874,0.582,0.1563, 0.519,0.124,0.5556,0.5028,0.628,0.3218,0.498,0.942,0.2042, 0.452,0.762,0.2385,0.428,0.628,0.204,0.388,0.286,0.2633,0.4892,
0.4584,0.668,0.2318,0.4412,0.808,0.1913,0.438,0.62,0.2473,0.415,0.506,0.2668, 0.388,0.286,0.2633, 0.3792,0.094,0.287, 0.5342,0.912,0.3212,0.519,0.124,0.5556,0.452,0.762,0.2385, 0.4192,0.756,0.1509,0.415,0.296,0.3255,0.3874,0.582,0.1563,0.3639,
0.5088,0.728,0.3275,0.5028,0.628,0.3218,0.452,0.762,0.2385,0.442,0.842,0.1547, 0.4382,0.83,0.1787, 0.438,0.62,0.2473, 0.519,0.124,0.5556,0.498,0.942,0.2042,0.4584,0.668,0.2318, 0.4192,0.756,0.1509,0.4036,0.698,0.1109,0.3874,0.582,0.1563,0.605,
0.5088,0.728,0.3275,0.5074,0.516,0.4458,0.4412,0.808,0.1913,0.428,0.628,0.204, 0.4036,0.698,0.1109, 0.3952,0.71,0.1271, 0.5342,0.912,0.3212,0.498,0.942,0.2042,0.4812,0.956,0.1934, 0.4568,0.524,0.3299,0.4382,0.83,0.1787,0.415,0.296,0.3255,0.575,
0.495,0.696,0.289,0.4568,0.524,0.3299,0.452,0.762,0.2385,0.4382,0.83,0.1787, 0.4192,0.756,0.1509, 0.3916,0.426,0.2104, 0.4526,0.942,0.1358,0.4412,0.808,0.1913,0.428,0.628,0.204, 0.415,0.296,0.3255,0.4036,0.698,0.1109,0.3874,0.582,0.1563,0.5866,
0.495,0.696,0.289,0.4812,0.956,0.1934,0.452,0.762,0.2385,0.428,0.628,0.204, 0.415,0.296,0.3255, 0.401,0.752,0.0812, 0.4584,0.668,0.2318,0.438,0.62,0.2473,0.415,0.506,0.2668, 0.3916,0.426,0.2104,0.3874,0.582,0.1563,0.3792,0.094,0.287,0.4176,
0.452,0.762,0.2385,0.438,0.62,0.2473,0.4264,0.742,0.1453,0.415,0.506,0.2668, 0.3916,0.426,0.2104, 0.3792,0.094,0.287, 0.4938,0.99,0.22,0.4812,0.956,0.1934,0.4412,0.808,0.1913, 0.4382,0.83,0.1787,0.428,0.628,0.204,0.4036,0.698,0.1109,0.4532,
0.5028,0.628,0.3218,0.495,0.696,0.289,0.4812,0.956,0.1934,0.4412,0.808,0.1913, 0.4382,0.83,0.1787, 0.438,0.62,0.2473, 0.498,0.942,0.2042,0.4938,0.99,0.22,0.4584,0.668,0.2318, 0.428,0.628,0.204,0.415,0.296,0.3255,0.388,0.286,0.2633,0.6392,
0.5088,0.728,0.3275,0.498,0.942,0.2042,0.4264,0.742,0.1453,0.415,0.506,0.2668, 0.401,0.752,0.0812, 0.3916,0.426,0.2104, 0.5342,0.912,0.3212,0.519,0.124,0.5556,0.4938,0.99,0.22, 0.4584,0.668,0.2318,0.4526,0.942,0.1358,0.3792,0.094,0.287,0.4249,
0.5088,0.728,0.3275,0.495,0.696,0.289,0.452,0.762,0.2385,0.442,0.842,0.1547, 0.4412,0.808,0.1913, 0.415,0.506,0.2668, 0.498,0.942,0.2042,0.4568,0.524,0.3299,0.4526,0.942,0.1358, 0.438,0.62,0.2473,0.4144,0.82,0.0919,0.3952,0.71,0.1271,0.6503,
0.5342,0.912,0.3212,0.5088,0.728,0.3275,0.4812,0.956,0.1934,0.4584,0.668,0.2318, 0.428,0.628,0.204, 0.4264,0.742,0.1453, 0.5028,0.628,0.3218,0.4568,0.524,0.3299,0.4526,0.942,0.1358, 0.4144,0.82,0.0919,0.401,0.752,0.0812,0.3952,0.71,0.1271,0.3534,
0.5342,0.912,0.3212,0.5074,0.516,0.4458,0.4938,0.99,0.22,0.4584,0.668,0.2318, 0.452,0.762,0.2385, 0.4192,0.756,0.1509, 0.498,0.942,0.2042,0.4812,0.956,0.1934,0.4568,0.524,0.3299, 0.4526,0.942,0.1358,0.4412,0.808,0.1913,0.4264,0.742,0.1453,0.5993,
0.519,0.124,0.5556,0.498,0.942,0.2042,0.495,0.696,0.289,0.4584,0.668,0.2318, 0.415,0.506,0.2668, 0.4144,0.82,0.0919, 0.5342,0.912,0.3212,0.4812,0.956,0.1934,0.415,0.296,0.3255, 0.3952,0.71,0.1271,0.3874,0.582,0.1563,0.3792,0.094,0.287,0.4864,
0.5342,0.912,0.3212,0.495,0.696,0.289,0.4938,0.99,0.22,0.4812,0.956,0.1934, 0.428,0.628,0.204, 0.401,0.752,0.0812, 0.519,0.124,0.5556,0.498,0.942,0.2042,0.442,0.842,0.1547, 0.415,0.506,0.2668,0.4144,0.82,0.0919,0.4036,0.698,0.1109,0.5584,
0.5074,0.516,0.4458,0.4526,0.942,0.1358,0.428,0.628,0.204,0.4264,0.742,0.1453, 0.401,0.752,0.0812, 0.3792,0.094,0.287, 0.498,0.942,0.2042,0.495,0.696,0.289,0.4584,0.668,0.2318, 0.4382,0.83,0.1787,0.415,0.506,0.2668,0.3952,0.71,0.1271,0.6422,
0.498,0.942,0.2042,0.4812,0.956,0.1934,0.4192,0.756,0.1509,0.3916,0.426,0.2104, 0.388,0.286,0.2633, 0.3792,0.094,0.287, 0.5342,0.912,0.3212,0.5074,0.516,0.4458,0.4412,0.808,0.1913, 0.4264,0.742,0.1453,0.415,0.506,0.2668,0.401,0.752,0.0812,0.3985,
0.5342,0.912,0.3212,0.5088,0.728,0.3275,0.4584,0.668,0.2318,0.442,0.842,0.1547, 0.4264,0.742,0.1453, 0.3916,0.426,0.2104, 0.4776,0.36,0.4338,0.4526,0.942,0.1358,0.4412,0.808,0.1913, 0.438,0.62,0.2473,0.4144,0.82,0.0919,0.3792,0.094,0.287,0.5852,
0.5074,0.516,0.4458,0.452,0.762,0.2385,0.438,0.62,0.2473,0.415,0.506,0.2668, 0.4036,0.698,0.1109, 0.401,0.752,0.0812, 0.519,0.124,0.5556,0.4938,0.99,0.22,0.4776,0.36,0.4338, 0.4412,0.808,0.1913,0.415,0.296,0.3255,0.3916,0.426,0.2104,0.6516,
0.5074,0.516,0.4458,0.4568,0.524,0.3299,0.438,0.62,0.2473,0.4192,0.756,0.1509, 0.388,0.286,0.2633, 0.3792,0.094,0.287, 0.5088,0.728,0.3275,0.498,0.942,0.2042,0.4812,0.956,0.1934, 0.4526,0.942,0.1358,0.415,0.296,0.3255,0.3874,0.582,0.1563,0.6084,
0.5342,0.912,0.3212,0.4382,0.83,0.1787,0.438,0.62,0.2473,0.3916,0.426,0.2104, 0.388,0.286,0.2633, 0.3874,0.582,0.1563, 0.5074,0.516,0.4458,0.4568,0.524,0.3299,0.4526,0.942,0.1358, 0.452,0.762,0.2385,0.428,0.628,0.204,0.4144,0.82,0.0919,0.5964,
0.5028,0.628,0.3218,0.495,0.696,0.289,0.4938,0.99,0.22,0.4382,0.83,0.1787, 0.415,0.506,0.2668, 0.4036,0.698,0.1109, 0.498,0.942,0.2042,0.4526,0.942,0.1358,0.452,0.762,0.2385, 0.4412,0.808,0.1913,0.4144,0.82,0.0919,0.3792,0.094,0.287,0.6582,
0.5342,0.912,0.3212,0.5074,0.516,0.4458,0.4568,0.524,0.3299,0.452,0.762,0.2385, 0.401,0.752,0.0812, 0.3916,0.426,0.2104, 0.4776,0.36,0.4338,0.4584,0.668,0.2318,0.4382,0.83,0.1787, 0.415,0.296,0.3255,0.4036,0.698,0.1109,0.3952,0.71,0.1271,0.502,
0.4584,0.668,0.2318,0.4382,0.83,0.1787,0.415,0.296,0.3255,0.401,0.752,0.0812, 0.3916,0.426,0.2104, 0.388,0.286,0.2633, 0.519,0.124,0.5556,0.4812,0.956,0.1934,0.428,0.628,0.204, 0.4144,0.82,0.0919,0.3952,0.71,0.1271,0.3874,0.582,0.1563,0.6188,
0.442,0.842,0.1547,0.4382,0.83,0.1787,0.4192,0.756,0.1509,0.415,0.506,0.2668, 0.388,0.286,0.2633, 0.3792,0.094,0.287, 0.5342,0.912,0.3212,0.4812,0.956,0.1934,0.4776,0.36,0.4338, 0.4264,0.742,0.1453,0.4036,0.698,0.1109,0.3916,0.426,0.2104,0.3609,
0.519,0.124,0.5556,0.5074,0.516,0.4458,0.498,0.942,0.2042,0.415,0.506,0.2668, 0.4144,0.82,0.0919, 0.3916,0.426,0.2104, 0.5028,0.628,0.3218,0.4812,0.956,0.1934,0.4584,0.668,0.2318, 0.4382,0.83,0.1787,0.388,0.286,0.2633,0.3792,0.094,0.287,0.6517,
0.5088,0.728,0.3275,0.438,0.62,0.2473,0.415,0.506,0.2668,0.401,0.752,0.0812, 0.3952,0.71,0.1271, 0.3916,0.426,0.2104, 0.519,0.124,0.5556,0.4812,0.956,0.1934,0.4568,0.524,0.3299, 0.4526,0.942,0.1358,0.442,0.842,0.1547,0.4144,0.82,0.0919,0.4079,
0.4382,0.83,0.1787,0.428,0.628,0.204,0.4192,0.756,0.1509,0.415,0.506,0.2668, 0.4036,0.698,0.1109, 0.3916,0.426,0.2104, 0.498,0.942,0.2042,0.4812,0.956,0.1934,0.452,0.762,0.2385, 0.4264,0.742,0.1453,0.415,0.296,0.3255,0.388,0.286,0.2633,0.5339,
0.519,0.124,0.5556,0.4938,0.99,0.22,0.4812,0.956,0.1934,0.442,0.842,0.1547, 0.401,0.752,0.0812, 0.3874,0.582,0.1563, 0.5342,0.912,0.3212,0.498,0.942,0.2042,0.495,0.696,0.289, 0.4526,0.942,0.1358,0.4412,0.808,0.1913,0.438,0.62,0.2473,0.5849,
0.5342,0.912,0.3212,0.495,0.696,0.289,0.4584,0.668,0.2318,0.4382,0.83,0.1787, 0.415,0.296,0.3255, 0.3916,0.426,0.2104, 0.5074,0.516,0.4458,0.4526,0.942,0.1358,0.438,0.62,0.2473, 0.428,0.628,0.204,0.3952,0.71,0.1271,0.3792,0.094,0.287,0.6393,
0.4526,0.942,0.1358,0.452,0.762,0.2385,0.438,0.62,0.2473,0.4264,0.742,0.1453, 0.401,0.752,0.0812, 0.3792,0.094,0.287, 0.5342,0.912,0.3212,0.498,0.942,0.2042,0.4776,0.36,0.4338, 0.415,0.296,0.3255,0.4144,0.82,0.0919,0.3952,0.71,0.1271,0.3982,
0.5074,0.516,0.4458,0.498,0.942,0.2042,0.4938,0.99,0.22,0.4776,0.36,0.4338, 0.4264,0.742,0.1453, 0.3916,0.426,0.2104, 0.5088,0.728,0.3275,0.428,0.628,0.204,0.4192,0.756,0.1509, 0.415,0.506,0.2668,0.415,0.296,0.3255,0.4144,0.82,0.0919,0.4219,
0.5074,0.516,0.4458,0.498,0.942,0.2042,0.4938,0.99,0.22,0.452,0.762,0.2385, 0.388,0.286,0.2633, 0.3792,0.094,0.287, 0.495,0.696,0.289,0.4776,0.36,0.4338,0.4382,0.83,0.1787, 0.4144,0.82,0.0919,0.401,0.752,0.0812,0.3874,0.582,0.1563,0.6359,
0.4812,0.956,0.1934,0.4584,0.668,0.2318,0.428,0.628,0.204,0.388,0.286,0.2633, 0.3874,0.582,0.1563, 0.3792,0.094,0.287, 0.519,0.124,0.5556,0.498,0.942,0.2042,0.4776,0.36,0.4338, 0.415,0.506,0.2668,0.4144,0.82,0.0919,0.3916,0.426,0.2104,0.3933,
0.5342,0.912,0.3212,0.5028,0.628,0.3218,0.4526,0.942,0.1358,0.452,0.762,0.2385, 0.4264,0.742,0.1453, 0.415,0.506,0.2668, 0.495,0.696,0.289,0.4584,0.668,0.2318,0.442,0.842,0.1547, 0.4192,0.756,0.1509,0.415,0.296,0.3255,0.3874,0.582,0.1563,0.4682,
0.5028,0.628,0.3218,0.4938,0.99,0.22,0.4526,0.942,0.1358,0.452,0.762,0.2385, 0.4036,0.698,0.1109, 0.3916,0.426,0.2104, 0.519,0.124,0.5556,0.438,0.62,0.2473,0.4192,0.756,0.1509, 0.415,0.296,0.3255,0.388,0.286,0.2633,0.3792,0.094,0.287,0.603,
0.498,0.942,0.2042,0.4938,0.99,0.22,0.4776,0.36,0.4338,0.4584,0.668,0.2318, 0.4382,0.83,0.1787, 0.401,0.752,0.0812, 0.5028,0.628,0.3218,0.495,0.696,0.289,0.4192,0.756,0.1509, 0.415,0.296,0.3255,0.3952,0.71,0.1271,0.388,0.286,0.2633,0.5373,
0.4776,0.36,0.4338,0.4382,0.83,0.1787,0.4264,0.742,0.1453,0.4144,0.82,0.0919, 0.3952,0.71,0.1271, 0.3874,0.582,0.1563, 0.498,0.942,0.2042,0.4938,0.99,0.22,0.4526,0.942,0.1358, 0.4412,0.808,0.1913,0.4192,0.756,0.1509,0.401,0.752,0.0812,0.5534,
0.519,0.124,0.5556,0.5088,0.728,0.3275,0.498,0.942,0.2042,0.4412,0.808,0.1913, 0.4036,0.698,0.1109, 0.388,0.286,0.2633, 0.4568,0.524,0.3299,0.452,0.762,0.2385,0.415,0.296,0.3255, 0.415,0.506,0.2668,0.3916,0.426,0.2104,0.3874,0.582,0.1563,0.4501,
0.498,0.942,0.2042,0.4526,0.942,0.1358,0.428,0.628,0.204,0.415,0.296,0.3255, 0.4036,0.698,0.1109, 0.401,0.752,0.0812, 0.5088,0.728,0.3275,0.5074,0.516,0.4458,0.495,0.696,0.289, 0.4382,0.83,0.1787,0.4192,0.756,0.1509,0.388,0.286,0.2633,0.4153,
0.519,0.124,0.5556,0.5028,0.628,0.3218,0.498,0.942,0.2042,0.4382,0.83,0.1787, 0.4192,0.756,0.1509, 0.3916,0.426,0.2104, 0.4584,0.668,0.2318,0.452,0.762,0.2385,0.438,0.62,0.2473, 0.4264,0.742,0.1453,0.4144,0.82,0.0919,0.3792,0.094,0.287,0.42,
0.5342,0.912,0.3212,0.519,0.124,0.5556,0.4938,0.99,0.22,0.4776,0.36,0.4338, 0.4264,0.742,0.1453, 0.4192,0.756,0.1509, 0.5088,0.728,0.3275,0.4812,0.956,0.1934,0.4526,0.942,0.1358, 0.452,0.762,0.2385,0.4036,0.698,0.1109,0.3916,0.426,0.2104,0.4449,
0.5342,0.912,0.3212,0.498,0.942,0.2042,0.442,0.842,0.1547,0.4412,0.808,0.1913, 0.4264,0.742,0.1453, 0.401,0.752,0.0812, 0.5074,0.516,0.4458,0.4812,0.956,0.1934,0.415,0.506,0.2668, 0.3916,0.426,0.2104,0.388,0.286,0.2633,0.3792,0.094,0.287,0.5582,
0.5342,0.912,0.3212,0.5074,0.516,0.4458,0.498,0.942,0.2042,0.442,0.842,0.1547, 0.4412,0.808,0.1913, 0.4192,0.756,0.1509, 0.519,0.124,0.5556,0.5028,0.628,0.3218,0.4584,0.668,0.2318, 0.4264,0.742,0.1453,0.4144,0.82,0.0919,0.3952,0.71,0.1271,0.4729,
0.498,0.942,0.2042,0.4412,0.808,0.1913,0.428,0.628,0.204,0.4264,0.742,0.1453, 0.3874,0.582,0.1563, 0.3792,0.094,0.287, 0.5342,0.912,0.3212,0.5074,0.516,0.4458,0.4382,0.83,0.1787, 0.415,0.296,0.3255,0.4036,0.698,0.1109,0.388,0.286,0.2633,0.5133,
0.498,0.942,0.2042,0.4568,0.524,0.3299,0.438,0.62,0.2473,0.4036,0.698,0.1109, 0.388,0.286,0.2633, 0.3874,0.582,0.1563, 0.5088,0.728,0.3275,0.4776,0.36,0.4338,0.4584,0.668,0.2318, 0.4264,0.742,0.1453,0.4192,0.756,0.1509,0.415,0.506,0.2668,0.5818,
0.5342,0.912,0.3212,0.495,0.696,0.289,0.452,0.762,0.2385,0.428,0.628,0.204, 0.415,0.296,0.3255, 0.3916,0.426,0.2104, 0.4776,0.36,0.4338,0.4526,0.942,0.1358,0.442,0.842,0.1547, 0.415,0.506,0.2668,0.3952,0.71,0.1271,0.3874,0.582,0.1563,0.6231,
0.5342,0.912,0.3212,0.4938,0.99,0.22,0.452,0.762,0.2385,0.4192,0.756,0.1509, 0.415,0.506,0.2668, 0.4036,0.698,0.1109, 0.5028,0.628,0.3218,0.4584,0.668,0.2318,0.442,0.842,0.1547, 0.4382,0.83,0.1787,0.3874,0.582,0.1563,0.3792,0.094,0.287,0.5447,
0.495,0.696,0.289,0.4938,0.99,0.22,0.4526,0.942,0.1358,0.415,0.296,0.3255, 0.3952,0.71,0.1271, 0.3874,0.582,0.1563, 0.5342,0.912,0.3212,0.5028,0.628,0.3218,0.4584,0.668,0.2318, 0.452,0.762,0.2385,0.438,0.62,0.2473,0.401,0.752,0.0812,0.6171,
0.519,0.124,0.5556,0.495,0.696,0.289,0.4526,0.942,0.1358,0.4382,0.83,0.1787, 0.3916,0.426,0.2104, 0.388,0.286,0.2633, 0.5028,0.628,0.3218,0.4584,0.668,0.2318,0.415,0.296,0.3255, 0.4036,0.698,0.1109,0.3874,0.582,0.1563,0.3792,0.094,0.287,0.5359,
0.5028,0.628,0.3218,0.452,0.762,0.2385,0.442,0.842,0.1547,0.4412,0.808,0.1913, 0.3952,0.71,0.1271, 0.388,0.286,0.2633, 0.5342,0.912,0.3212,0.495,0.696,0.289,0.4812,0.956,0.1934, 0.4568,0.524,0.3299,0.438,0.62,0.2473,0.3792,0.094,0.287,0.5534,
0.5342,0.912,0.3212,0.495,0.696,0.289,0.4776,0.36,0.4338,0.4568,0.524,0.3299, 0.4382,0.83,0.1787, 0.3952,0.71,0.1271, 0.498,0.942,0.2042,0.452,0.762,0.2385,0.4264,0.742,0.1453, 0.415,0.506,0.2668,0.4144,0.82,0.0919,0.401,0.752,0.0812,0.3426,
0.5028,0.628,0.3218,0.4776,0.36,0.4338,0.4526,0.942,0.1358,0.442,0.842,0.1547, 0.415,0.506,0.2668, 0.3874,0.582,0.1563, 0.5342,0.912,0.3212,0.5088,0.728,0.3275,0.498,0.942,0.2042, 0.4412,0.808,0.1913,0.438,0.62,0.2473,0.428,0.628,0.204,0.5111,
0.4776,0.36,0.4338,0.4526,0.942,0.1358,0.438,0.62,0.2473,0.415,0.506,0.2668, 0.4144,0.82,0.0919, 0.388,0.286,0.2633, 0.5088,0.728,0.3275,0.495,0.696,0.289,0.442,0.842,0.1547, 0.4412,0.808,0.1913,0.4264,0.742,0.1453,0.415,0.296,0.3255,0.6461,
0.4938,0.99,0.22,0.4776,0.36,0.4338,0.4568,0.524,0.3299,0.4192,0.756,0.1509, 0.415,0.296,0.3255, 0.4036,0.698,0.1109, 0.519,0.124,0.5556,0.442,0.842,0.1547,0.4264,0.742,0.1453, 0.3952,0.71,0.1271,0.3874,0.582,0.1563,0.3792,0.094,0.287,0.5394,
0.519,0.124,0.5556,0.5088,0.728,0.3275,0.4938,0.99,0.22,0.4584,0.668,0.2318, 0.428,0.628,0.204, 0.3916,0.426,0.2104, 0.5028,0.628,0.3218,0.4776,0.36,0.4338,0.4568,0.524,0.3299, 0.415,0.296,0.3255,0.401,0.752,0.0812,0.3874,0.582,0.1563,0.5821,
0.495,0.696,0.289,0.4938,0.99,0.22,0.4264,0.742,0.1453,0.388,0.286,0.2633, 0.3874,0.582,0.1563, 0.3792,0.094,0.287, 0.5074,0.516,0.4458,0.498,0.942,0.2042,0.4812,0.956,0.1934, 0.438,0.62,0.2473,0.415,0.506,0.2668,0.4144,0.82,0.0919,0.3634,
0.4568,0.524,0.3299,0.452,0.762,0.2385,0.442,0.842,0.1547,0.438,0.62,0.2473, 0.4036,0.698,0.1109, 0.388,0.286,0.2633, 0.5028,0.628,0.3218,0.495,0.696,0.289,0.4938,0.99,0.22, 0.4412,0.808,0.1913,0.415,0.506,0.2668,0.3874,0.582,0.1563,0.5654,
0.498,0.942,0.2042,0.415,0.506,0.2668,0.4144,0.82,0.0919,0.401,0.752,0.0812, 0.3952,0.71,0.1271, 0.3916,0.426,0.2104, 0.5088,0.728,0.3275,0.4526,0.942,0.1358,0.442,0.842,0.1547, 0.4412,0.808,0.1913,0.4382,0.83,0.1787,0.4036,0.698,0.1109,0.452,
0.5028,0.628,0.3218,0.498,0.942,0.2042,0.4776,0.36,0.4338,0.438,0.62,0.2473, 0.4144,0.82,0.0919, 0.3792,0.094,0.287, 0.5088,0.728,0.3275,0.4264,0.742,0.1453,0.4192,0.756,0.1509, 0.415,0.296,0.3255,0.4036,0.698,0.1109,0.3952,0.71,0.1271,0.634,
0.5088,0.728,0.3275,0.4938,0.99,0.22,0.4812,0.956,0.1934,0.4412,0.808,0.1913, 0.438,0.62,0.2473, 0.3792,0.094,0.287, 0.498,0.942,0.2042,0.428,0.628,0.204,0.4264,0.742,0.1453, 0.4192,0.756,0.1509,0.415,0.296,0.3255,0.415,0.506,0.2668,0.5674,
0.5088,0.728,0.3275,0.495,0.696,0.289,0.4938,0.99,0.22,0.4776,0.36,0.4338, 0.4412,0.808,0.1913, 0.3952,0.71,0.1271, 0.5028,0.628,0.3218,0.4584,0.668,0.2318,0.4264,0.742,0.1453, 0.4192,0.756,0.1509,0.415,0.506,0.2668,0.4144,0.82,0.0919,0.3799,
0.495,0.696,0.289,0.4776,0.36,0.4338,0.4584,0.668,0.2318,0.4526,0.942,0.1358, 0.428,0.628,0.204, 0.4192,0.756,0.1509, 0.5028,0.628,0.3218,0.4382,0.83,0.1787,0.4036,0.698,0.1109, 0.3952,0.71,0.1271,0.3916,0.426,0.2104,0.388,0.286,0.2633,0.3784,
0.5088,0.728,0.3275,0.495,0.696,0.289,0.4584,0.668,0.2318,0.4382,0.83,0.1787, 0.3952,0.71,0.1271, 0.3916,0.426,0.2104, 0.4776,0.36,0.4338,0.4526,0.942,0.1358,0.428,0.628,0.204, 0.4144,0.82,0.0919,0.401,0.752,0.0812,0.3874,0.582,0.1563,0.6222,
0.5088,0.728,0.3275,0.5028,0.628,0.3218,0.4938,0.99,0.22,0.4526,0.942,0.1358, 0.4144,0.82,0.0919, 0.388,0.286,0.2633, 0.4776,0.36,0.4338,0.4584,0.668,0.2318,0.4568,0.524,0.3299, 0.442,0.842,0.1547,0.401,0.752,0.0812,0.3874,0.582,0.1563,0.6406,
0.5088,0.728,0.3275,0.5074,0.516,0.4458,0.452,0.762,0.2385,0.428,0.628,0.204, 0.401,0.752,0.0812, 0.3952,0.71,0.1271, 0.5342,0.912,0.3212,0.4938,0.99,0.22,0.4776,0.36,0.4338, 0.4584,0.668,0.2318,0.438,0.62,0.2473,0.415,0.506,0.2668,0.5936,
0.5074,0.516,0.4458,0.5028,0.628,0.3218,0.442,0.842,0.1547,0.4412,0.808,0.1913, 0.4382,0.83,0.1787, 0.438,0.62,0.2473, 0.519,0.124,0.5556,0.4526,0.942,0.1358,0.428,0.628,0.204, 0.415,0.296,0.3255,0.4144,0.82,0.0919,0.3874,0.582,0.1563,0.4568,
0.5088,0.728,0.3275,0.4776,0.36,0.4338,0.4526,0.942,0.1358,0.442,0.842,0.1547, 0.4412,0.808,0.1913, 0.401,0.752,0.0812, 0.5342,0.912,0.3212,0.5028,0.628,0.3218,0.498,0.942,0.2042, 0.4938,0.99,0.22,0.428,0.628,0.204,0.415,0.506,0.2668,0.5724,
0.4812,0.956,0.1934,0.452,0.762,0.2385,0.4412,0.808,0.1913,0.4192,0.756,0.1509, 0.415,0.506,0.2668, 0.3916,0.426,0.2104, 0.5342,0.912,0.3212,0.498,0.942,0.2042,0.4938,0.99,0.22, 0.4584,0.668,0.2318,0.442,0.842,0.1547,0.388,0.286,0.2633,0.4822,
0.4584,0.668,0.2318,0.452,0.762,0.2385,0.4264,0.742,0.1453,0.3916,0.426,0.2104, 0.388,0.286,0.2633, 0.3874,0.582,0.1563, 0.5074,0.516,0.4458,0.4938,0.99,0.22,0.442,0.842,0.1547, 0.428,0.628,0.204,0.401,0.752,0.0812,0.3952,0.71,0.1271,0.4848,
0.5342,0.912,0.3212,0.495,0.696,0.289,0.4526,0.942,0.1358,0.452,0.762,0.2385, 0.415,0.296,0.3255, 0.3792,0.094,0.287, 0.4776,0.36,0.4338,0.4568,0.524,0.3299,0.4382,0.83,0.1787, 0.4144,0.82,0.0919,0.401,0.752,0.0812,0.3916,0.426,0.2104,0.5842,
0.519,0.124,0.5556,0.5028,0.628,0.3218,0.495,0.696,0.289,0.452,0.762,0.2385, 0.401,0.752,0.0812, 0.3916,0.426,0.2104, 0.5088,0.728,0.3275,0.4526,0.942,0.1358,0.4192,0.756,0.1509, 0.415,0.296,0.3255,0.4144,0.82,0.0919,0.3792,0.094,0.287,0.543,
0.519,0.124,0.5556,0.498,0.942,0.2042,0.4938,0.99,0.22,0.4526,0.942,0.1358, 0.452,0.762,0.2385, 0.4382,0.83,0.1787, 0.5074,0.516,0.4458,0.4812,0.956,0.1934,0.4568,0.524,0.3299, 0.4264,0.742,0.1453,0.401,0.752,0.0812,0.3792,0.094,0.287,0.3711,
0.5342,0.912,0.3212,0.519,0.124,0.5556,0.4584,0.668,0.2318,0.4568,0.524,0.3299, 0.4382,0.83,0.1787, 0.401,0.752,0.0812, 0.5028,0.628,0.3218,0.4812,0.956,0.1934,0.4412,0.808,0.1913, 0.4264,0.742,0.1453,0.3874,0.582,0.1563,0.3792,0.094,0.287,0.4074,
0.5074,0.516,0.4458,0.4526,0.942,0.1358,0.442,0.842,0.1547,0.4264,0.742,0.1453, 0.415,0.296,0.3255, 0.415,0.506,0.2668, 0.5342,0.912,0.3212,0.5088,0.728,0.3275,0.495,0.696,0.289, 0.4776,0.36,0.4338,0.4144,0.82,0.0919,0.401,0.752,0.0812,0.5978,
0.5074,0.516,0.4458,0.4812,0.956,0.1934,0.4776,0.36,0.4338,0.442,0.842,0.1547, 0.415,0.506,0.2668, 0.4144,0.82,0.0919, 0.5028,0.628,0.3218,0.4568,0.524,0.3299,0.4264,0.742,0.1453, 0.4192,0.756,0.1509,0.3952,0.71,0.1271,0.3792,0.094,0.287,0.4127,
0.495,0.696,0.289,0.4776,0.36,0.4338,0.4584,0.668,0.2318,0.4568,0.524,0.3299, 0.438,0.62,0.2473, 0.4192,0.756,0.1509, 0.498,0.942,0.2042,0.452,0.762,0.2385,0.4382,0.83,0.1787, 0.428,0.628,0.204,0.4144,0.82,0.0919,0.401,0.752,0.0812,0.6187,
0.4938,0.99,0.22,0.4568,0.524,0.3299,0.4412,0.808,0.1913,0.4382,0.83,0.1787, 0.428,0.628,0.204, 0.415,0.506,0.2668, 0.498,0.942,0.2042,0.4584,0.668,0.2318,0.4526,0.942,0.1358, 0.3952,0.71,0.1271,0.388,0.286,0.2633,0.3792,0.094,0.287,0.5153,
0.5088,0.728,0.3275,0.5074,0.516,0.4458,0.452,0.762,0.2385,0.442,0.842,0.1547, 0.401,0.752,0.0812, 0.388,0.286,0.2633, 0.519,0.124,0.5556,0.5028,0.628,0.3218,0.4938,0.99,0.22, 0.4812,0.956,0.1934,0.4584,0.668,0.2318,0.428,0.628,0.204,0.56,
0.5074,0.516,0.4458,0.452,0.762,0.2385,0.442,0.842,0.1547,0.428,0.628,0.204, 0.3916,0.426,0.2104, 0.3792,0.094,0.287, 0.5088,0.728,0.3275,0.498,0.942,0.2042,0.4776,0.36,0.4338, 0.4526,0.942,0.1358,0.4264,0.742,0.1453,0.3952,0.71,0.1271,0.5749,
0.519,0.124,0.5556,0.5088,0.728,0.3275,0.4812,0.956,0.1934,0.4776,0.36,0.4338, 0.438,0.62,0.2473, 0.4144,0.82,0.0919, 0.5342,0.912,0.3212,0.495,0.696,0.289,0.4526,0.942,0.1358, 0.4264,0.742,0.1453,0.415,0.506,0.2668,0.3916,0.426,0.2104,0.6257,
0.4412,0.808,0.1913,0.4192,0.756,0.1509,0.415,0.506,0.2668,0.4144,0.82,0.0919, 0.3916,0.426,0.2104, 0.3874,0.582,0.1563, 0.4938,0.99,0.22,0.4812,0.956,0.1934,0.4526,0.942,0.1358, 0.452,0.762,0.2385,0.4382,0.83,0.1787,0.3792,0.094,0.287,0.3325,
0.5342,0.912,0.3212,0.519,0.124,0.5556,0.5074,0.516,0.4458,0.4526,0.942,0.1358, 0.442,0.842,0.1547, 0.4144,0.82,0.0919, 0.5088,0.728,0.3275,0.495,0.696,0.289,0.4938,0.99,0.22, 0.438,0.62,0.2473,0.4192,0.756,0.1509,0.388,0.286,0.2633,0.6362,
0.5342,0.912,0.3212,0.5088,0.728,0.3275,0.498,0.942,0.2042,0.495,0.696,0.289, 0.4526,0.942,0.1358, 0.3792,0.094,0.287, 0.5074,0.516,0.4458,0.4938,0.99,0.22,0.428,0.628,0.204, 0.415,0.506,0.2668,0.401,0.752,0.0812,0.388,0.286,0.2633,0.4434,
0.498,0.942,0.2042,0.442,0.842,0.1547,0.4412,0.808,0.1913,0.415,0.506,0.2668, 0.4144,0.82,0.0919, 0.3916,0.426,0.2104, 0.519,0.124,0.5556,0.5074,0.516,0.4458,0.5028,0.628,0.3218, 0.4584,0.668,0.2318,0.452,0.762,0.2385,0.388,0.286,0.2633,0.3471,
0.5088,0.728,0.3275,0.5074,0.516,0.4458,0.5028,0.628,0.3218,0.498,0.942,0.2042, 0.4938,0.99,0.22, 0.428,0.628,0.204, 0.5342,0.912,0.3212,0.4812,0.956,0.1934,0.4584,0.668,0.2318, 0.4568,0.524,0.3299,0.415,0.296,0.3255,0.3874,0.582,0.1563,0.4438,
0.495,0.696,0.289,0.4938,0.99,0.22,0.4584,0.668,0.2318,0.4382,0.83,0.1787, 0.428,0.628,0.204, 0.4144,0.82,0.0919, 0.519,0.124,0.5556,0.5088,0.728,0.3275,0.5074,0.516,0.4458, 0.4812,0.956,0.1934,0.452,0.762,0.2385,0.3792,0.094,0.287,0.5921,
0.495,0.696,0.289,0.438,0.62,0.2473,0.4192,0.756,0.1509,0.415,0.296,0.3255, 0.401,0.752,0.0812, 0.3874,0.582,0.1563, 0.5342,0.912,0.3212,0.5074,0.516,0.4458,0.4568,0.524,0.3299, 0.4264,0.742,0.1453,0.4144,0.82,0.0919,0.3952,0.71,0.1271,0.4144,
0.5028,0.628,0.3218,0.4584,0.668,0.2318,0.442,0.842,0.1547,0.438,0.62,0.2473, 0.428,0.628,0.204, 0.3916,0.426,0.2104, 0.519,0.124,0.5556,0.5074,0.516,0.4458,0.4568,0.524,0.3299, 0.452,0.762,0.2385,0.4192,0.756,0.1509,0.388,0.286,0.2633,0.6209,
0.5074,0.516,0.4458,0.4526,0.942,0.1358,0.4192,0.756,0.1509,0.415,0.506,0.2668, 0.415,0.296,0.3255, 0.3792,0.094,0.287, 0.5088,0.728,0.3275,0.498,0.942,0.2042,0.495,0.696,0.289, 0.4938,0.99,0.22,0.4264,0.742,0.1453,0.4144,0.82,0.0919,0.408,
0.442,0.842,0.1547,0.4412,0.808,0.1913,0.4264,0.742,0.1453,0.415,0.296,0.3255, 0.4144,0.82,0.0919, 0.3952,0.71,0.1271, 0.5074,0.516,0.4458,0.4812,0.956,0.1934,0.4526,0.942,0.1358, 0.438,0.62,0.2473,0.428,0.628,0.204,0.3874,0.582,0.1563,0.4829,
0.519,0.124,0.5556,0.5028,0.628,0.3218,0.4412,0.808,0.1913,0.438,0.62,0.2473, 0.388,0.286,0.2633, 0.3874,0.582,0.1563, 0.5088,0.728,0.3275,0.5074,0.516,0.4458,0.498,0.942,0.2042, 0.4938,0.99,0.22,0.442,0.842,0.1547,0.428,0.628,0.204,0.3785,
0.519,0.124,0.5556,0.5074,0.516,0.4458,0.4526,0.942,0.1358,0.415,0.296,0.3255, 0.4144,0.82,0.0919, 0.4036,0.698,0.1109, 0.4412,0.808,0.1913,0.428,0.628,0.204,0.4264,0.742,0.1453, 0.4192,0.756,0.1509,0.401,0.752,0.0812,0.3916,0.426,0.2104,0.3815,
0.5088,0.728,0.3275,0.5074,0.516,0.4458,0.4568,0.524,0.3299,0.4412,0.808,0.1913, 0.415,0.506,0.2668, 0.3952,0.71,0.1271, 0.4938,0.99,0.22,0.4584,0.668,0.2318,0.442,0.842,0.1547, 0.438,0.62,0.2473,0.3916,0.426,0.2104,0.388,0.286,0.2633,0.5413,
0.519,0.124,0.5556,0.498,0.942,0.2042,0.4938,0.99,0.22,0.4568,0.524,0.3299, 0.4144,0.82,0.0919, 0.3952,0.71,0.1271, 0.5028,0.628,0.3218,0.4584,0.668,0.2318,0.4526,0.942,0.1358, 0.415,0.506,0.2668,0.415,0.296,0.3255,0.3792,0.094,0.287,0.52,
0.519,0.124,0.5556,0.5088,0.728,0.3275,0.5074,0.516,0.4458,0.4526,0.942,0.1358, 0.452,0.762,0.2385, 0.3952,0.71,0.1271, 0.5342,0.912,0.3212,0.5028,0.628,0.3218,0.442,0.842,0.1547, 0.4412,0.808,0.1913,0.3916,0.426,0.2104,0.388,0.286,0.2633,0.5422,
0.498,0.942,0.2042,0.4776,0.36,0.4338,0.4584,0.668,0.2318,0.4568,0.524,0.3299, 0.4526,0.942,0.1358, 0.4144,0.82,0.0919, 0.452,0.762,0.2385,0.442,0.842,0.1547,0.438,0.62,0.2473, 0.3952,0.71,0.1271,0.3916,0.426,0.2104,0.3874,0.582,0.1563,0.3375,
0.5074,0.516,0.4458,0.4812,0.956,0.1934,0.452,0.762,0.2385,0.4036,0.698,0.1109, 0.3916,0.426,0.2104, 0.3874,0.582,0.1563, 0.5088,0.728,0.3275,0.498,0.942,0.2042,0.4938,0.99,0.22, 0.442,0.842,0.1547,0.4412,0.808,0.1913,0.4144,0.82,0.0919,0.5445,
0.498,0.942,0.2042,0.4776,0.36,0.4338,0.4382,0.83,0.1787,0.438,0.62,0.2473, 0.4264,0.742,0.1453, 0.3916,0.426,0.2104, 0.4584,0.668,0.2318,0.4526,0.942,0.1358,0.415,0.506,0.2668, 0.4144,0.82,0.0919,0.3874,0.582,0.1563,0.3792,0.094,0.287,0.4716,
0.5088,0.728,0.3275,0.4812,0.956,0.1934,0.4192,0.756,0.1509,0.401,0.752,0.0812, 0.3916,0.426,0.2104, 0.3792,0.094,0.287, 0.5074,0.516,0.4458,0.495,0.696,0.289,0.4526,0.942,0.1358, 0.4382,0.83,0.1787,0.4144,0.82,0.0919,0.4036,0.698,0.1109,0.5719,
0.5028,0.628,0.3218,0.498,0.942,0.2042,0.495,0.696,0.289,0.4584,0.668,0.2318, 0.4036,0.698,0.1109, 0.3916,0.426,0.2104, 0.4776,0.36,0.4338,0.4526,0.942,0.1358,0.428,0.628,0.204, 0.4264,0.742,0.1453,0.3952,0.71,0.1271,0.388,0.286,0.2633,0.6135,
0.519,0.124,0.5556,0.5028,0.628,0.3218,0.4584,0.668,0.2318,0.442,0.842,0.1547, 0.4144,0.82,0.0919, 0.3792,0.094,0.287, 0.5088,0.728,0.3275,0.5074,0.516,0.4458,0.495,0.696,0.289, 0.452,0.762,0.2385,0.4382,0.83,0.1787,0.388,0.286,0.2633,0.5855,
0.5028,0.628,0.3218,0.4938,0.99,0.22,0.4584,0.668,0.2318,0.442,0.842,0.1547, 0.4382,0.83,0.1787, 0.388,0.286,0.2633, 0.4526,0.942,0.1358,0.4264,0.742,0.1453,0.415,0.506,0.2668, 0.415,0.296,0.3255,0.4144,0.82,0.0919,0.3792,0.094,0.287,0.345,
0.498,0.942,0.2042,0.428,0.628,0.204,0.4144,0.82,0.0919,0.3916,0.426,0.2104, 0.388,0.286,0.2633, 0.3874,0.582,0.1563, 0.5088,0.728,0.3275,0.5028,0.628,0.3218,0.4776,0.36,0.4338, 0.415,0.506,0.2668,0.401,0.752,0.0812,0.3952,0.71,0.1271,0.3789,
0.498,0.942,0.2042,0.442,0.842,0.1547,0.428,0.628,0.204,0.4192,0.756,0.1509, 0.415,0.296,0.3255, 0.3874,0.582,0.1563, 0.4812,0.956,0.1934,0.4776,0.36,0.4338,0.4526,0.942,0.1358, 0.4412,0.808,0.1913,0.438,0.62,0.2473,0.4144,0.82,0.0919,0.6142,
0.519,0.124,0.5556,0.5088,0.728,0.3275,0.5028,0.628,0.3218,0.4382,0.83,0.1787, 0.428,0.628,0.204, 0.3952,0.71,0.1271, 0.5074,0.516,0.4458,0.4568,0.524,0.3299,0.442,0.842,0.1547, 0.4412,0.808,0.1913,0.415,0.296,0.3255,0.3792,0.094,0.287,0.6563,
0.5028,0.628,0.3218,0.498,0.942,0.2042,0.4776,0.36,0.4338,0.4584,0.668,0.2318, 0.4382,0.83,0.1787, 0.4036,0.698,0.1109, 0.519,0.124,0.5556,0.4526,0.942,0.1358,0.438,0.62,0.2473, 0.415,0.506,0.2668,0.4144,0.82,0.0919,0.3792,0.094,0.287,0.5602,
0.4584,0.668,0.2318,0.4568,0.524,0.3299,0.4526,0.942,0.1358,0.4382,0.83,0.1787, 0.4144,0.82,0.0919, 0.3792,0.094,0.287, 0.519,0.124,0.5556,0.5088,0.728,0.3275,0.4776,0.36,0.4338, 0.428,0.628,0.204,0.3952,0.71,0.1271,0.3874,0.582,0.1563,0.6141,
0.5074,0.516,0.4458,0.4584,0.668,0.2318,0.4568,0.524,0.3299,0.4382,0.83,0.1787, 0.428,0.628,0.204, 0.3874,0.582,0.1563, 0.4526,0.942,0.1358,0.442,0.842,0.1547,0.438,0.62,0.2473, 0.4144,0.82,0.0919,0.4036,0.698,0.1109,0.3952,0.71,0.1271,0.5221,
0.5342,0.912,0.3212,0.519,0.124,0.5556,0.4568,0.524,0.3299,0.4526,0.942,0.1358, 0.4036,0.698,0.1109, 0.401,0.752,0.0812, 0.5074,0.516,0.4458,0.442,0.842,0.1547,0.4382,0.83,0.1787, 0.4264,0.742,0.1453,0.4144,0.82,0.0919,0.3952,0.71,0.1271,0.6558,
0.519,0.124,0.5556,0.5028,0.628,0.3218,0.4812,0.956,0.1934,0.4526,0.942,0.1358, 0.415,0.506,0.2668, 0.388,0.286,0.2633, 0.4776,0.36,0.4338,0.4584,0.668,0.2318,0.442,0.842,0.1547, 0.428,0.628,0.204,0.4036,0.698,0.1109,0.3792,0.094,0.287,0.4588,
0.5342,0.912,0.3212,0.519,0.124,0.5556,0.4526,0.942,0.1358,0.4412,0.808,0.1913, 0.4382,0.83,0.1787, 0.438,0.62,0.2473, 0.5088,0.728,0.3275,0.4938,0.99,0.22,0.4812,0.956,0.1934, 0.4568,0.524,0.3299,0.3874,0.582,0.1563,0.3792,0.094,0.287,0.6325,
0.498,0.942,0.2042,0.4938,0.99,0.22,0.415,0.506,0.2668,0.4036,0.698,0.1109, 0.3952,0.71,0.1271, 0.3792,0.094,0.287, 0.5088,0.728,0.3275,0.5028,0.628,0.3218,0.4568,0.524,0.3299, 0.442,0.842,0.1547,0.4264,0.742,0.1453,0.4192,0.756,0.1509,0.5097,
0.519,0.124,0.5556,0.5028,0.628,0.3218,0.495,0.696,0.289,0.4584,0.668,0.2318, 0.4036,0.698,0.1109, 0.3952,0.71,0.1271, 0.5088,0.728,0.3275,0.438,0.62,0.2473,0.4192,0.756,0.1509, 0.401,0.752,0.0812,0.3916,0.426,0.2104,0.388,0.286,0.2633,0.4336,
0.519,0.124,0.5556,0.5028,0.628,0.3218,0.4584,0.668,0.2318,0.4036,0.698,0.1109, 0.3916,0.426,0.2104, 0.3874,0.582,0.1563, 0.5074,0.516,0.4458,0.498,0.942,0.2042,0.452,0.762,0.2385, 0.4412,0.808,0.1913,0.4382,0.83,0.1787,0.4192,0.756,0.1509,0.526,
0.495,0.696,0.289,0.4526,0.942,0.1358,0.452,0.762,0.2385,0.415,0.506,0.2668, 0.4144,0.82,0.0919, 0.3916,0.426,0.2104, 0.5342,0.912,0.3212,0.5074,0.516,0.4458,0.4938,0.99,0.22, 0.438,0.62,0.2473,0.4036,0.698,0.1109,0.3874,0.582,0.1563,0.5248,
0.4812,0.956,0.1934,0.4776,0.36,0.4338,0.4264,0.742,0.1453,0.415,0.506,0.2668, 0.3916,0.426,0.2104, 0.3874,0.582,0.1563, 0.5342,0.912,0.3212,0.519,0.124,0.5556,0.495,0.696,0.289, 0.4584,0.668,0.2318,0.428,0.628,0.204,0.3952,0.71,0.1271,0.3646,
0.5342,0.912,0.3212,0.4776,0.36,0.4338,0.452,0.762,0.2385,0.428,0.628,0.204, 0.3952,0.71,0.1271, 0.388,0.286,0.2633, 0.519,0.124,0.5556,0.5028,0.628,0.3218,0.498,0.942,0.2042, 0.495,0.696,0.289,0.415,0.506,0.2668,0.415,0.296,0.3255,0.6301,
0.4382,0.83,0.1787,0.428,0.628,0.204,0.4264,0.742,0.1453,0.415,0.296,0.3255, 0.401,0.752,0.0812, 0.3952,0.71,0.1271, 0.5088,0.728,0.3275,0.5028,0.628,0.3218,0.4568,0.524,0.3299, 0.4526,0.942,0.1358,0.3916,0.426,0.2104,0.3874,0.582,0.1563,0.4319,
0.498,0.942,0.2042,0.4938,0.99,0.22,0.452,0.762,0.2385,0.428,0.628,0.204, 0.4192,0.756,0.1509, 0.4144,0.82,0.0919, 0.519,0.124,0.5556,0.5088,0.728,0.3275,0.5028,0.628,0.3218, 0.4776,0.36,0.4338,0.4584,0.668,0.2318,0.3916,0.426,0.2104,0.6123,
0.4382,0.83,0.1787,0.4264,0.742,0.1453,0.415,0.506,0.2668,0.4144,0.82,0.0919, 0.388,0.286,0.2633, 0.3874,0.582,0.1563, 0.5074,0.516,0.4458,0.452,0.762,0.2385,0.442,0.842,0.1547, 0.428,0.628,0.204,0.415,0.296,0.3255,0.3792,0.094,0.287,0.528,
0.4938,0.99,0.22,0.438,0.62,0.2473,0.428,0.628,0.204,0.4264,0.742,0.1453, 0.415,0.296,0.3255, 0.388,0.286,0.2633, 0.495,0.696,0.289,0.4812,0.956,0.1934,0.4776,0.36,0.4338, 0.452,0.762,0.2385,0.4382,0.83,0.1787,0.4144,0.82,0.0919,0.4877,
0.5342,0.912,0.3212,0.519,0.124,0.5556,0.5074,0.516,0.4458,0.438,0.62,0.2473, 0.4264,0.742,0.1453, 0.3874,0.582,0.1563, 0.4776,0.36,0.4338,0.4568,0.524,0.3299,0.4412,0.808,0.1913, 0.428,0.628,0.204,0.4192,0.756,0.1509,0.4144,0.82,0.0919,0.5051,
0.5088,0.728,0.3275,0.4812,0.956,0.1934,0.438,0.62,0.2473,0.4192,0.756,0.1509, 0.401,0.752,0.0812, 0.3874,0.582,0.1563, 0.519,0.124,0.5556,0.4776,0.36,0.4338,0.4584,0.668,0.2318, 0.4526,0.942,0.1358,0.442,0.842,0.1547,0.4264,0.742,0.1453,0.6277,
0.495,0.696,0.289,0.4938,0.99,0.22,0.4412,0.808,0.1913,0.428,0.628,0.204, 0.415,0.296,0.3255, 0.3952,0.71,0.1271, 0.4812,0.956,0.1934,0.4776,0.36,0.4338,0.415,0.506,0.2668, 0.4144,0.82,0.0919,0.3874,0.582,0.1563,0.3792,0.094,0.287,0.6553,
0.5088,0.728,0.3275,0.5028,0.628,0.3218,0.498,0.942,0.2042,0.438,0.62,0.2473, 0.428,0.628,0.204, 0.4192,0.756,0.1509, 0.4776,0.36,0.4338,0.4526,0.942,0.1358,0.4412,0.808,0.1913, 0.415,0.506,0.2668,0.415,0.296,0.3255,0.4036,0.698,0.1109,0.5592,
0.5342,0.912,0.3212,0.5028,0.628,0.3218,0.442,0.842,0.1547,0.428,0.628,0.204, 0.4192,0.756,0.1509, 0.415,0.296,0.3255, 0.4938,0.99,0.22,0.4568,0.524,0.3299,0.438,0.62,0.2473, 0.4036,0.698,0.1109,0.3952,0.71,0.1271,0.3916,0.426,0.2104,0.57,
0.4776,0.36,0.4338,0.4568,0.524,0.3299,0.4382,0.83,0.1787,0.4192,0.756,0.1509, 0.401,0.752,0.0812, 0.3792,0.094,0.287, 0.5088,0.728,0.3275,0.4938,0.99,0.22,0.442,0.842,0.1547, 0.4412,0.808,0.1913,0.428,0.628,0.204,0.415,0.296,0.3255,0.5157,
0.498,0.942,0.2042,0.4584,0.668,0.2318,0.428,0.628,0.204,0.4264,0.742,0.1453, 0.3874,0.582,0.1563, 0.3792,0.094,0.287, 0.5342,0.912,0.3212,0.4568,0.524,0.3299,0.4526,0.942,0.1358, 0.442,0.842,0.1547,0.4144,0.82,0.0919,0.401,0.752,0.0812,0.5645,
0.5074,0.516,0.4458,0.495,0.696,0.289,0.4938,0.99,0.22,0.452,0.762,0.2385, 0.4264,0.742,0.1453, 0.3874,0.582,0.1563, 0.498,0.942,0.2042,0.4584,0.668,0.2318,0.4526,0.942,0.1358, 0.415,0.506,0.2668,0.4144,0.82,0.0919,0.3952,0.71,0.1271,0.5468,
0.5074,0.516,0.4458,0.442,0.842,0.1547,0.415,0.506,0.2668,0.415,0.296,0.3255, 0.388,0.286,0.2633, 0.3792,0.094,0.287, 0.519,0.124,0.5556,0.5028,0.628,0.3218,0.498,0.942,0.2042, 0.452,0.762,0.2385,0.4412,0.808,0.1913,0.3874,0.582,0.1563,0.3319,
0.5088,0.728,0.3275,0.4812,0.956,0.1934,0.4526,0.942,0.1358,0.4144,0.82,0.0919, 0.3916,0.426,0.2104, 0.3874,0.582,0.1563, 0.519,0.124,0.5556,0.5074,0.516,0.4458,0.4776,0.36,0.4338, 0.452,0.762,0.2385,0.438,0.62,0.2473,0.428,0.628,0.204,0.3456,
0.5028,0.628,0.3218,0.498,0.942,0.2042,0.415,0.506,0.2668,0.401,0.752,0.0812, 0.3952,0.71,0.1271, 0.3916,0.426,0.2104, 0.519,0.124,0.5556,0.4812,0.956,0.1934,0.4776,0.36,0.4338, 0.4568,0.524,0.3299,0.442,0.842,0.1547,0.4264,0.742,0.1453,0.3553,
0.5342,0.912,0.3212,0.4812,0.956,0.1934,0.452,0.762,0.2385,0.415,0.506,0.2668, 0.4144,0.82,0.0919, 0.3874,0.582,0.1563, 0.5088,0.728,0.3275,0.442,0.842,0.1547,0.428,0.628,0.204, 0.415,0.296,0.3255,0.3952,0.71,0.1271,0.3792,0.094,0.287,0.5767,
0.5074,0.516,0.4458,0.5028,0.628,0.3218,0.4812,0.956,0.1934,0.4192,0.756,0.1509, 0.415,0.296,0.3255, 0.3952,0.71,0.1271, 0.5088,0.728,0.3275,0.4526,0.942,0.1358,0.452,0.762,0.2385, 0.4144,0.82,0.0919,0.3916,0.426,0.2104,0.388,0.286,0.2633,0.6277,
0.495,0.696,0.289,0.4812,0.956,0.1934,0.4584,0.668,0.2318,0.428,0.628,0.204, 0.4144,0.82,0.0919, 0.388,0.286,0.2633, 0.5342,0.912,0.3212,0.519,0.124,0.5556,0.5088,0.728,0.3275, 0.442,0.842,0.1547,0.4382,0.83,0.1787,0.3792,0.094,0.287,0.4889,
0.495,0.696,0.289,0.4938,0.99,0.22,0.4812,0.956,0.1934,0.4568,0.524,0.3299, 0.415,0.506,0.2668, 0.388,0.286,0.2633, 0.5028,0.628,0.3218,0.4776,0.36,0.4338,0.4264,0.742,0.1453, 0.4192,0.756,0.1509,0.401,0.752,0.0812,0.3916,0.426,0.2104,0.5595,
0.5074,0.516,0.4458,0.498,0.942,0.2042,0.495,0.696,0.289,0.438,0.62,0.2473, 0.415,0.296,0.3255, 0.3792,0.094,0.287, 0.442,0.842,0.1547,0.4412,0.808,0.1913,0.4382,0.83,0.1787, 0.4192,0.756,0.1509,0.3916,0.426,0.2104,0.388,0.286,0.2633,0.4319,
0.519,0.124,0.5556,0.4776,0.36,0.4338,0.4584,0.668,0.2318,0.452,0.762,0.2385, 0.3952,0.71,0.1271, 0.3916,0.426,0.2104, 0.4568,0.524,0.3299,0.4412,0.808,0.1913,0.438,0.62,0.2473, 0.4192,0.756,0.1509,0.4144,0.82,0.0919,0.3874,0.582,0.1563,0.6312,
0.519,0.124,0.5556,0.5074,0.516,0.4458,0.5028,0.628,0.3218,0.495,0.696,0.289, 0.4584,0.668,0.2318, 0.388,0.286,0.2633, 0.5088,0.728,0.3275,0.4812,0.956,0.1934,0.4526,0.942,0.1358, 0.428,0.628,0.204,0.4192,0.756,0.1509,0.3916,0.426,0.2104,0.4948,
0.498,0.942,0.2042,0.495,0.696,0.289,0.4938,0.99,0.22,0.4412,0.808,0.1913, 0.438,0.62,0.2473, 0.4036,0.698,0.1109, 0.5074,0.516,0.4458,0.4812,0.956,0.1934,0.4264,0.742,0.1453, 0.3952,0.71,0.1271,0.388,0.286,0.2633,0.3792,0.094,0.287,0.4633,
0.4812,0.956,0.1934,0.4412,0.808,0.1913,0.4382,0.83,0.1787,0.4264,0.742,0.1453, 0.4144,0.82,0.0919, 0.388,0.286,0.2633, 0.5342,0.912,0.3212,0.5028,0.628,0.3218,0.4776,0.36,0.4338, 0.4568,0.524,0.3299,0.415,0.506,0.2668,0.4036,0.698,0.1109,0.3841,
0.4776,0.36,0.4338,0.4568,0.524,0.3299,0.442,0.842,0.1547,0.4412,0.808,0.1913, 0.415,0.296,0.3255, 0.3952,0.71,0.1271, 0.519,0.124,0.5556,0.5074,0.516,0.4458,0.498,0.942,0.2042, 0.4938,0.99,0.22,0.428,0.628,0.204,0.4264,0.742,0.1453,0.3919,
0.519,0.124,0.5556,0.4776,0.36,0.4338,0.415,0.296,0.3255,0.4144,0.82,0.0919, 0.3952,0.71,0.1271, 0.3874,0.582,0.1563, 0.5028,0.628,0.3218,0.495,0.696,0.289,0.4568,0.524,0.3299, 0.452,0.762,0.2385,0.442,0.842,0.1547,0.415,0.506,0.2668,0.5347,
0.5342,0.912,0.3212,0.498,0.942,0.2042,0.4568,0.524,0.3299,0.4144,0.82,0.0919, 0.3952,0.71,0.1271, 0.3874,0.582,0.1563, 0.5074,0.516,0.4458,0.428,0.628,0.204,0.415,0.296,0.3255, 0.4036,0.698,0.1109,0.401,0.752,0.0812,0.3916,0.426,0.2104,0.5676,
0.495,0.696,0.289,0.4584,0.668,0.2318,0.438,0.62,0.2473,0.3916,0.426,0.2104, 0.388,0.286,0.2633, 0.3874,0.582,0.1563, 0.519,0.124,0.5556,0.5028,0.628,0.3218,0.4526,0.942,0.1358, 0.415,0.296,0.3255,0.401,0.752,0.0812,0.3952,0.71,0.1271,0.6587,
0.4938,0.99,0.22,0.4776,0.36,0.4338,0.4526,0.942,0.1358,0.415,0.506,0.2668, 0.3916,0.426,0.2104, 0.3874,0.582,0.1563, 0.5342,0.912,0.3212,0.519,0.124,0.5556,0.498,0.942,0.2042, 0.438,0.62,0.2473,0.4264,0.742,0.1453,0.3952,0.71,0.1271,0.5381,
0.5088,0.728,0.3275,0.4812,0.956,0.1934,0.4264,0.742,0.1453,0.415,0.296,0.3255, 0.415,0.506,0.2668, 0.3792,0.094,0.287, 0.5342,0.912,0.3212,0.5074,0.516,0.4458,0.4938,0.99,0.22, 0.4526,0.942,0.1358,0.4144,0.82,0.0919,0.3874,0.582,0.1563,0.4704,
0.5088,0.728,0.3275,0.498,0.942,0.2042,0.4264,0.742,0.1453,0.415,0.296,0.3255, 0.415,0.506,0.2668, 0.388,0.286,0.2633, 0.519,0.124,0.5556,0.5074,0.516,0.4458,0.4568,0.524,0.3299, 0.4526,0.942,0.1358,0.4412,0.808,0.1913,0.4144,0.82,0.0919,0.5545,
0.5342,0.912,0.3212,0.4938,0.99,0.22,0.452,0.762,0.2385,0.428,0.628,0.204, 0.4036,0.698,0.1109, 0.388,0.286,0.2633, 0.4812,0.956,0.1934,0.4526,0.942,0.1358,0.4264,0.742,0.1453, 0.4144,0.82,0.0919,0.3916,0.426,0.2104,0.3874,0.582,0.1563,0.5011,
0.519,0.124,0.5556,0.4584,0.668,0.2318,0.4568,0.524,0.3299,0.452,0.762,0.2385, 0.438,0.62,0.2473, 0.428,0.628,0.204, 0.4812,0.956,0.1934,0.4776,0.36,0.4338,0.415,0.506,0.2668, 0.401,0.752,0.0812,0.388,0.286,0.2633,0.3792,0.094,0.287,0.3688,
0.5342,0.912,0.3212,0.519,0.124,0.5556,0.4812,0.956,0.1934,0.4584,0.668,0.2318, 0.4526,0.942,0.1358, 0.415,0.296,0.3255, 0.5074,0.516,0.4458,0.5028,0.628,0.3218,0.4776,0.36,0.4338, 0.415,0.506,0.2668,0.401,0.752,0.0812,0.3952,0.71,0.1271,0.5921,
0.495,0.696,0.289,0.4812,0.956,0.1934,0.4568,0.524,0.3299,0.4144,0.82,0.0919, 0.3874,0.582,0.1563, 0.3792,0.094,0.287, 0.5074,0.516,0.4458,0.5028,0.628,0.3218,0.442,0.842,0.1547, 0.4412,0.808,0.1913,0.4192,0.756,0.1509,0.4036,0.698,0.1109,0.6539,
0.5088,0.728,0.3275,0.5074,0.516,0.4458,0.4812,0.956,0.1934,0.4382,0.83,0.1787, 0.4264,0.742,0.1453, 0.3952,0.71,0.1271, 0.4938,0.99,0.22,0.4584,0.668,0.2318,0.4568,0.524,0.3299, 0.415,0.296,0.3255,0.401,0.752,0.0812,0.3874,0.582,0.1563,0.5308,
0.5028,0.628,0.3218,0.4526,0.942,0.1358,0.442,0.842,0.1547,0.4412,0.808,0.1913, 0.4036,0.698,0.1109, 0.3952,0.71,0.1271, 0.5342,0.912,0.3212,0.519,0.124,0.5556,0.495,0.696,0.289, 0.4568,0.524,0.3299,0.4264,0.742,0.1453,0.388,0.286,0.2633,0.4593,
0.519,0.124,0.5556,0.5028,0.628,0.3218,0.4568,0.524,0.3299,0.452,0.762,0.2385, 0.4264,0.742,0.1453, 0.3792,0.094,0.287, 0.498,0.942,0.2042,0.4412,0.808,0.1913,0.415,0.296,0.3255, 0.4144,0.82,0.0919,0.401,0.752,0.0812,0.388,0.286,0.2633,0.487,
0.5342,0.912,0.3212,0.442,0.842,0.1547,0.415,0.506,0.2668,0.4036,0.698,0.1109, 0.401,0.752,0.0812, 0.388,0.286,0.2633, 0.519,0.124,0.5556,0.5028,0.628,0.3218,0.4812,0.956,0.1934, 0.4568,0.524,0.3299,0.452,0.762,0.2385,0.3916,0.426,0.2104,0.3449,
0.5074,0.516,0.4458,0.4812,0.956,0.1934,0.4526,0.942,0.1358,0.4412,0.808,0.1913, 0.401,0.752,0.0812, 0.388,0.286,0.2633, 0.4584,0.668,0.2318,0.4568,0.524,0.3299,0.428,0.628,0.204, 0.4264,0.742,0.1453,0.4036,0.698,0.1109,0.3916,0.426,0.2104,0.5996,
0.5342,0.912,0.3212,0.4812,0.956,0.1934,0.4584,0.668,0.2318,0.452,0.762,0.2385, 0.4382,0.83,0.1787, 0.3916,0.426,0.2104, 0.5028,0.628,0.3218,0.4568,0.524,0.3299,0.438,0.62,0.2473, 0.428,0.628,0.204,0.4264,0.742,0.1453,0.3792,0.094,0.287,0.5428,
0.4776,0.36,0.4338,0.4526,0.942,0.1358,0.452,0.762,0.2385,0.4382,0.83,0.1787, 0.3916,0.426,0.2104, 0.388,0.286,0.2633, 0.5342,0.912,0.3212,0.498,0.942,0.2042,0.495,0.696,0.289, 0.4584,0.668,0.2318,0.4568,0.524,0.3299,0.4264,0.742,0.1453,0.3411,
0.5342,0.912,0.3212,0.452,0.762,0.2385,0.4264,0.742,0.1453,0.415,0.506,0.2668, 0.415,0.296,0.3255, 0.4144,0.82,0.0919, 0.519,0.124,0.5556,0.498,0.942,0.2042,0.495,0.696,0.289, 0.4938,0.99,0.22,0.438,0.62,0.2473,0.3792,0.094,0.287,0.6347,
0.4812,0.956,0.1934,0.4584,0.668,0.2318,0.452,0.762,0.2385,0.4412,0.808,0.1913, 0.4192,0.756,0.1509, 0.401,0.752,0.0812, 0.519,0.124,0.5556,0.5074,0.516,0.4458,0.495,0.696,0.289, 0.4938,0.99,0.22,0.4568,0.524,0.3299,0.3952,0.71,0.1271,0.3339,
0.5074,0.516,0.4458,0.4568,0.524,0.3299,0.4264,0.742,0.1453,0.415,0.506,0.2668, 0.3874,0.582,0.1563, 0.3792,0.094,0.287, 0.5088,0.728,0.3275,0.5028,0.628,0.3218,0.498,0.942,0.2042, 0.4812,0.956,0.1934,0.4526,0.942,0.1358,0.401,0.752,0.0812,0.3512,
0.5342,0.912,0.3212,0.5028,0.628,0.3218,0.4938,0.99,0.22,0.4526,0.942,0.1358, 0.4192,0.756,0.1509, 0.3952,0.71,0.1271, 0.519,0.124,0.5556,0.4812,0.956,0.1934,0.442,0.842,0.1547, 0.438,0.62,0.2473,0.401,0.752,0.0812,0.388,0.286,0.2633,0.581,
0.442,0.842,0.1547,0.4412,0.808,0.1913,0.438,0.62,0.2473,0.428,0.628,0.204, 0.4264,0.742,0.1453, 0.4144,0.82,0.0919, 0.5028,0.628,0.3218,0.495,0.696,0.289,0.4776,0.36,0.4338, 0.4584,0.668,0.2318,0.415,0.296,0.3255,0.3916,0.426,0.2104,0.5916,
0.5342,0.912,0.3212,0.5088,0.728,0.3275,0.495,0.696,0.289,0.4938,0.99,0.22, 0.4568,0.524,0.3299, 0.415,0.296,0.3255, 0.5074,0.516,0.4458,0.4776,0.36,0.4338,0.4526,0.942,0.1358, 0.4412,0.808,0.1913,0.438,0.62,0.2473,0.3916,0.426,0.2104,0.4785,
0.5028,0.628,0.3218,0.498,0.942,0.2042,0.4526,0.942,0.1358,0.452,0.762,0.2385, 0.442,0.842,0.1547, 0.438,0.62,0.2473, 0.5342,0.912,0.3212,0.4938,0.99,0.22,0.4264,0.742,0.1453, 0.401,0.752,0.0812,0.3952,0.71,0.1271,0.3916,0.426,0.2104,0.583,
0.5074,0.516,0.4458,0.495,0.696,0.289,0.4812,0.956,0.1934,0.4568,0.524,0.3299, 0.4526,0.942,0.1358, 0.4036,0.698,0.1109, 0.498,0.942,0.2042,0.4776,0.36,0.4338,0.4584,0.668,0.2318, 0.438,0.62,0.2473,0.4192,0.756,0.1509,0.3916,0.426,0.2104,0.6498,
0.5342,0.912,0.3212,0.5028,0.628,0.3218,0.4382,0.83,0.1787,0.4192,0.756,0.1509, 0.4144,0.82,0.0919, 0.3874,0.582,0.1563, 0.498,0.942,0.2042,0.4526,0.942,0.1358,0.442,0.842,0.1547, 0.401,0.752,0.0812,0.388,0.286,0.2633,0.3792,0.094,0.287,0.5189,
0.5342,0.912,0.3212,0.4938,0.99,0.22,0.4812,0.956,0.1934,0.438,0.62,0.2473, 0.3916,0.426,0.2104, 0.388,0.286,0.2633, 0.519,0.124,0.5556,0.4382,0.83,0.1787,0.4264,0.742,0.1453, 0.4144,0.82,0.0919,0.3952,0.71,0.1271,0.3792,0.094,0.287,0.4493,
0.519,0.124,0.5556,0.4812,0.956,0.1934,0.4776,0.36,0.4338,0.4526,0.942,0.1358, 0.4144,0.82,0.0919, 0.3952,0.71,0.1271, 0.5342,0.912,0.3212,0.5074,0.516,0.4458,0.498,0.942,0.2042, 0.4584,0.668,0.2318,0.452,0.762,0.2385,0.428,0.628,0.204,0.5604,
0.5088,0.728,0.3275,0.495,0.696,0.289,0.4412,0.808,0.1913,0.428,0.628,0.204, 0.4264,0.742,0.1453, 0.415,0.506,0.2668, 0.4938,0.99,0.22,0.4812,0.956,0.1934,0.415,0.296,0.3255, 0.3916,0.426,0.2104,0.388,0.286,0.2633,0.3792,0.094,0.287,0.5125,
0.5028,0.628,0.3218,0.4938,0.99,0.22,0.4412,0.808,0.1913,0.4264,0.742,0.1453, 0.4192,0.756,0.1509, 0.3916,0.426,0.2104, 0.5088,0.728,0.3275,0.442,0.842,0.1547,0.4144,0.82,0.0919, 0.4036,0.698,0.1109,0.401,0.752,0.0812,0.3952,0.71,0.1271,0.6186,
0.5342,0.912,0.3212,0.5028,0.628,0.3218,0.4526,0.942,0.1358,0.401,0.752,0.0812, 0.3952,0.71,0.1271, 0.3792,0.094,0.287, 0.519,0.124,0.5556,0.5074,0.516,0.4458,0.4938,0.99,0.22, 0.4584,0.668,0.2318,0.4412,0.808,0.1913,0.4036,0.698,0.1109,0.448,
0.5088,0.728,0.3275,0.5074,0.516,0.4458,0.5028,0.628,0.3218,0.498,0.942,0.2042, 0.4938,0.99,0.22, 0.4412,0.808,0.1913, 0.5342,0.912,0.3212,0.519,0.124,0.5556,0.4568,0.524,0.3299, 0.428,0.628,0.204,0.415,0.506,0.2668,0.3874,0.582,0.1563,0.4106,
0.5342,0.912,0.3212,0.5074,0.516,0.4458,0.4938,0.99,0.22,0.428,0.628,0.204, 0.4264,0.742,0.1453, 0.401,0.752,0.0812, 0.519,0.124,0.5556,0.4812,0.956,0.1934,0.438,0.62,0.2473, 0.415,0.506,0.2668,0.4144,0.82,0.0919,0.3792,0.094,0.287,0.548,
0.5074,0.516,0.4458,0.4412,0.808,0.1913,0.4192,0.756,0.1509,0.4144,0.82,0.0919, 0.401,0.752,0.0812, 0.3952,0.71,0.1271, 0.5028,0.628,0.3218,0.498,0.942,0.2042,0.4938,0.99,0.22, 0.4584,0.668,0.2318,0.4382,0.83,0.1787,0.4264,0.742,0.1453,0.3829,
0.4938,0.99,0.22,0.452,0.762,0.2385,0.438,0.62,0.2473,0.428,0.628,0.204, 0.3916,0.426,0.2104, 0.3874,0.582,0.1563, 0.5074,0.516,0.4458,0.5028,0.628,0.3218,0.498,0.942,0.2042, 0.495,0.696,0.289,0.442,0.842,0.1547,0.3792,0.094,0.287,0.4491,
0.5088,0.728,0.3275,0.498,0.942,0.2042,0.495,0.696,0.289,0.452,0.762,0.2385, 0.442,0.842,0.1547, 0.438,0.62,0.2473, 0.519,0.124,0.5556,0.5074,0.516,0.4458,0.4584,0.668,0.2318, 0.4382,0.83,0.1787,0.4036,0.698,0.1109,0.3916,0.426,0.2104,0.6583,
0.5074,0.516,0.4458,0.4526,0.942,0.1358,0.4412,0.808,0.1913,0.4264,0.742,0.1453, 0.415,0.506,0.2668, 0.3792,0.094,0.287, 0.5342,0.912,0.3212,0.519,0.124,0.5556,0.4938,0.99,0.22, 0.4584,0.668,0.2318,0.4036,0.698,0.1109,0.3952,0.71,0.1271,0.538,
0.5088,0.728,0.3275,0.495,0.696,0.289,0.452,0.762,0.2385,0.4036,0.698,0.1109, 0.401,0.752,0.0812, 0.3792,0.094,0.287, 0.519,0.124,0.5556,0.5074,0.516,0.4458,0.498,0.942,0.2042, 0.415,0.506,0.2668,0.3916,0.426,0.2104,0.388,0.286,0.2633,0.6573,
0.4938,0.99,0.22,0.4812,0.956,0.1934,0.4584,0.668,0.2318,0.4526,0.942,0.1358, 0.442,0.842,0.1547, 0.4144,0.82,0.0919, 0.498,0.942,0.2042,0.4568,0.524,0.3299,0.438,0.62,0.2473, 0.415,0.506,0.2668,0.3874,0.582,0.1563,0.3792,0.094,0.287,0.5649,
0.5342,0.912,0.3212,0.4812,0.956,0.1934,0.4264,0.742,0.1453,0.415,0.506,0.2668, 0.4036,0.698,0.1109, 0.3952,0.71,0.1271, 0.4584,0.668,0.2318,0.4568,0.524,0.3299,0.415,0.296,0.3255, 0.4144,0.82,0.0919,0.3874,0.582,0.1563,0.3792,0.094,0.287,0.5359,
0.495,0.696,0.289,0.4412,0.808,0.1913,0.4192,0.756,0.1509,0.3952,0.71,0.1271, 0.3916,0.426,0.2104, 0.388,0.286,0.2633, 0.5088,0.728,0.3275,0.4812,0.956,0.1934,0.4584,0.668,0.2318, 0.4568,0.524,0.3299,0.428,0.628,0.204,0.4036,0.698,0.1109,0.4327,
0.5342,0.912,0.3212,0.4568,0.524,0.3299,0.4526,0.942,0.1358,0.415,0.296,0.3255, 0.3952,0.71,0.1271, 0.3874,0.582,0.1563, 0.5088,0.728,0.3275,0.5028,0.628,0.3218,0.495,0.696,0.289, 0.4776,0.36,0.4338,0.4584,0.668,0.2318,0.401,0.752,0.0812,0.5586,
0.5074,0.516,0.4458,0.498,0.942,0.2042,0.4938,0.99,0.22,0.4812,0.956,0.1934, 0.442,0.842,0.1547, 0.3952,0.71,0.1271, 0.5088,0.728,0.3275,0.4526,0.942,0.1358,0.452,0.762,0.2385, 0.428,0.628,0.204,0.4036,0.698,0.1109,0.3792,0.094,0.287,0.3512,
0.5342,0.912,0.3212,0.519,0.124,0.5556,0.4584,0.668,0.2318,0.452,0.762,0.2385, 0.4412,0.808,0.1913, 0.438,0.62,0.2473, 0.5028,0.628,0.3218,0.495,0.696,0.289,0.4568,0.524,0.3299, 0.428,0.628,0.204,0.3874,0.582,0.1563,0.3792,0.094,0.287,0.3305,
0.5074,0.516,0.4458,0.4526,0.942,0.1358,0.4382,0.83,0.1787,0.3952,0.71,0.1271, 0.388,0.286,0.2633, 0.3874,0.582,0.1563, 0.5342,0.912,0.3212,0.519,0.124,0.5556,0.5028,0.628,0.3218, 0.442,0.842,0.1547,0.4036,0.698,0.1109,0.3916,0.426,0.2104,0.4966,
0.5088,0.728,0.3275,0.498,0.942,0.2042,0.4776,0.36,0.4338,0.4568,0.524,0.3299, 0.452,0.762,0.2385, 0.4192,0.756,0.1509, 0.495,0.696,0.289,0.4812,0.956,0.1934,0.4526,0.942,0.1358, 0.4382,0.83,0.1787,0.4264,0.742,0.1453,0.3792,0.094,0.287,0.475,
0.4776,0.36,0.4338,0.4584,0.668,0.2318,0.4526,0.942,0.1358,0.4412,0.808,0.1913, 0.415,0.296,0.3255, 0.388,0.286,0.2633, 0.5088,0.728,0.3275,0.495,0.696,0.289,0.4938,0.99,0.22, 0.442,0.842,0.1547,0.4382,0.83,0.1787,0.428,0.628,0.204,0.527,
0.4812,0.956,0.1934,0.4526,0.942,0.1358,0.442,0.842,0.1547,0.428,0.628,0.204, 0.4264,0.742,0.1453, 0.3952,0.71,0.1271, 0.5342,0.912,0.3212,0.5088,0.728,0.3275,0.4382,0.83,0.1787, 0.438,0.62,0.2473,0.4192,0.756,0.1509,0.4036,0.698,0.1109,0.6107,
0.4264,0.742,0.1453,0.415,0.506,0.2668,0.415,0.296,0.3255,0.401,0.752,0.0812, 0.3952,0.71,0.1271, 0.388,0.286,0.2633, 0.498,0.942,0.2042,0.495,0.696,0.289,0.4568,0.524,0.3299, 0.4526,0.942,0.1358,0.4036,0.698,0.1109,0.3792,0.094,0.287,0.3813,
0.452,0.762,0.2385,0.4412,0.808,0.1913,0.438,0.62,0.2473,0.428,0.628,0.204, 0.401,0.752,0.0812, 0.388,0.286,0.2633, 0.5074,0.516,0.4458,0.4812,0.956,0.1934,0.4776,0.36,0.4338, 0.442,0.842,0.1547,0.415,0.506,0.2668,0.3792,0.094,0.287,0.5081,
0.5342,0.912,0.3212,0.5088,0.728,0.3275,0.5028,0.628,0.3218,0.498,0.942,0.2042, 0.4568,0.524,0.3299, 0.401,0.752,0.0812, 0.4938,0.99,0.22,0.4812,0.956,0.1934,0.4776,0.36,0.4338, 0.442,0.842,0.1547,0.415,0.506,0.2668,0.3916,0.426,0.2104,0.5406,
0.5028,0.628,0.3218,0.4776,0.36,0.4338,0.4526,0.942,0.1358,0.428,0.628,0.204, 0.4192,0.756,0.1509, 0.4144,0.82,0.0919, 0.5074,0.516,0.4458,0.495,0.696,0.289,0.4812,0.956,0.1934, 0.4584,0.668,0.2318,0.4382,0.83,0.1787,0.415,0.506,0.2668,0.6178,
0.5342,0.912,0.3212,0.4776,0.36,0.4338,0.4264,0.742,0.1453,0.4192,0.756,0.1509, 0.4036,0.698,0.1109, 0.3792,0.094,0.287, 0.519,0.124,0.5556,0.498,0.942,0.2042,0.4812,0.956,0.1934, 0.4382,0.83,0.1787,0.438,0.62,0.2473,0.4144,0.82,0.0919,0.5557,
0.5028,0.628,0.3218,0.4776,0.36,0.4338,0.4382,0.83,0.1787,0.415,0.506,0.2668, 0.3952,0.71,0.1271, 0.3792,0.094,0.287, 0.5342,0.912,0.3212,0.519,0.124,0.5556,0.495,0.696,0.289, 0.4526,0.942,0.1358,0.4264,0.742,0.1453,0.3874,0.582,0.1563,0.4793,
0.5088,0.728,0.3275,0.4584,0.668,0.2318,0.442,0.842,0.1547,0.415,0.296,0.3255, 0.4144,0.82,0.0919, 0.3874,0.582,0.1563, 0.5342,0.912,0.3212,0.519,0.124,0.5556,0.4938,0.99,0.22, 0.428,0.628,0.204,0.4192,0.756,0.1509,0.4036,0.698,0.1109,0.4889,
0.498,0.942,0.2042,0.4938,0.99,0.22,0.4192,0.756,0.1509,0.415,0.296,0.3255, 0.4036,0.698,0.1109, 0.3952,0.71,0.1271, 0.5342,0.912,0.3212,0.5088,0.728,0.3275,0.4776,0.36,0.4338, 0.442,0.842,0.1547,0.415,0.506,0.2668,0.3792,0.094,0.287,0.5717,
0.5342,0.912,0.3212,0.4938,0.99,0.22,0.452,0.762,0.2385,0.438,0.62,0.2473, 0.428,0.628,0.204, 0.3916,0.426,0.2104, 0.5088,0.728,0.3275,0.498,0.942,0.2042,0.4382,0.83,0.1787, 0.4144,0.82,0.0919,0.388,0.286,0.2633,0.3874,0.582,0.1563,0.6215,
0.4776,0.36,0.4338,0.4412,0.808,0.1913,0.4264,0.742,0.1453,0.4192,0.756,0.1509, 0.415,0.506,0.2668, 0.3792,0.094,0.287, 0.519,0.124,0.5556,0.5088,0.728,0.3275,0.5028,0.628,0.3218, 0.4382,0.83,0.1787,0.415,0.296,0.3255,0.4036,0.698,0.1109,0.4122,
0.5342,0.912,0.3212,0.4938,0.99,0.22,0.4776,0.36,0.4338,0.438,0.62,0.2473, 0.4036,0.698,0.1109, 0.3916,0.426,0.2104, 0.519,0.124,0.5556,0.4412,0.808,0.1913,0.428,0.628,0.204, 0.4144,0.82,0.0919,0.401,0.752,0.0812,0.3952,0.71,0.1271,0.506,
0.5028,0.628,0.3218,0.495,0.696,0.289,0.4412,0.808,0.1913,0.438,0.62,0.2473, 0.3952,0.71,0.1271, 0.3916,0.426,0.2104, 0.5342,0.912,0.3212,0.519,0.124,0.5556,0.4776,0.36,0.4338, 0.4526,0.942,0.1358,0.428,0.628,0.204,0.415,0.296,0.3255,0.483,
0.5028,0.628,0.3218,0.4938,0.99,0.22,0.4144,0.82,0.0919,0.401,0.752,0.0812, 0.3952,0.71,0.1271, 0.3874,0.582,0.1563, 0.5074,0.516,0.4458,0.495,0.696,0.289,0.4568,0.524,0.3299, 0.4412,0.808,0.1913,0.4382,0.83,0.1787,0.415,0.506,0.2668,0.3633,
0.5028,0.628,0.3218,0.4812,0.956,0.1934,0.4412,0.808,0.1913,0.415,0.296,0.3255, 0.388,0.286,0.2633, 0.3874,0.582,0.1563, 0.4938,0.99,0.22,0.4568,0.524,0.3299,0.4526,0.942,0.1358, 0.452,0.762,0.2385,0.4382,0.83,0.1787,0.4264,0.742,0.1453,0.6366,
0.495,0.696,0.289,0.442,0.842,0.1547,0.4412,0.808,0.1913,0.4382,0.83,0.1787, 0.438,0.62,0.2473, 0.4144,0.82,0.0919, 0.498,0.942,0.2042,0.4192,0.756,0.1509,0.415,0.296,0.3255, 0.3916,0.426,0.2104,0.388,0.286,0.2633,0.3874,0.582,0.1563,0.4902,
0.5074,0.516,0.4458,0.452,0.762,0.2385,0.4412,0.808,0.1913,0.438,0.62,0.2473, 0.3916,0.426,0.2104, 0.388,0.286,0.2633, 0.519,0.124,0.5556,0.5028,0.628,0.3218,0.4938,0.99,0.22, 0.4584,0.668,0.2318,0.4526,0.942,0.1358,0.3874,0.582,0.1563,0.5862,
0.5028,0.628,0.3218,0.442,0.842,0.1547,0.438,0.62,0.2473,0.4192,0.756,0.1509, 0.3916,0.426,0.2104, 0.3792,0.094,0.287, 0.5088,0.728,0.3275,0.4568,0.524,0.3299,0.452,0.762,0.2385, 0.415,0.506,0.2668,0.415,0.296,0.3255,0.388,0.286,0.2633,0.6566,
0.519,0.124,0.5556,0.5088,0.728,0.3275,0.442,0.842,0.1547,0.4264,0.742,0.1453, 0.415,0.296,0.3255, 0.3952,0.71,0.1271, 0.5028,0.628,0.3218,0.428,0.628,0.204,0.4036,0.698,0.1109, 0.401,0.752,0.0812,0.3916,0.426,0.2104,0.3874,0.582,0.1563,0.359,
0.495,0.696,0.289,0.4938,0.99,0.22,0.4584,0.668,0.2318,0.438,0.62,0.2473, 0.428,0.628,0.204, 0.401,0.752,0.0812, 0.5028,0.628,0.3218,0.498,0.942,0.2042,0.415,0.296,0.3255, 0.388,0.286,0.2633,0.3874,0.582,0.1563,0.3792,0.094,0.287,0.5689,
0.5088,0.728,0.3275,0.5074,0.516,0.4458,0.4812,0.956,0.1934,0.4568,0.524,0.3299, 0.4382,0.83,0.1787, 0.3952,0.71,0.1271, 0.495,0.696,0.289,0.4938,0.99,0.22,0.438,0.62,0.2473, 0.428,0.628,0.204,0.4036,0.698,0.1109,0.388,0.286,0.2633,0.4611,
0.4584,0.668,0.2318,0.4382,0.83,0.1787,0.415,0.296,0.3255,0.4144,0.82,0.0919, 0.3874,0.582,0.1563, 0.3792,0.094,0.287, 0.5028,0.628,0.3218,0.4938,0.99,0.22,0.4812,0.956,0.1934, 0.428,0.628,0.204,0.3952,0.71,0.1271,0.3916,0.426,0.2104,0.4016,
0.5074,0.516,0.4458,0.5028,0.628,0.3218,0.4938,0.99,0.22,0.4812,0.956,0.1934, 0.438,0.62,0.2473, 0.401,0.752,0.0812, 0.5088,0.728,0.3275,0.4526,0.942,0.1358,0.452,0.762,0.2385, 0.4382,0.83,0.1787,0.3916,0.426,0.2104,0.3792,0.094,0.287,0.4116,
0.5028,0.628,0.3218,0.4412,0.808,0.1913,0.4382,0.83,0.1787,0.428,0.628,0.204, 0.415,0.296,0.3255, 0.3874,0.582,0.1563, 0.5074,0.516,0.4458,0.4938,0.99,0.22,0.4812,0.956,0.1934, 0.4568,0.524,0.3299,0.4192,0.756,0.1509,0.388,0.286,0.2633,0.5446,
0.519,0.124,0.5556,0.498,0.942,0.2042,0.4412,0.808,0.1913,0.4192,0.756,0.1509, 0.401,0.752,0.0812, 0.3874,0.582,0.1563, 0.5088,0.728,0.3275,0.442,0.842,0.1547,0.4144,0.82,0.0919, 0.4036,0.698,0.1109,0.3952,0.71,0.1271,0.3792,0.094,0.287,0.61,
0.5088,0.728,0.3275,0.4526,0.942,0.1358,0.442,0.842,0.1547,0.4192,0.756,0.1509, 0.415,0.506,0.2668, 0.415,0.296,0.3255, 0.519,0.124,0.5556,0.4568,0.524,0.3299,0.428,0.628,0.204, 0.401,0.752,0.0812,0.388,0.286,0.2633,0.3792,0.094,0.287,0.656,
0.4812,0.956,0.1934,0.4776,0.36,0.4338,0.415,0.506,0.2668,0.4144,0.82,0.0919, 0.401,0.752,0.0812, 0.3792,0.094,0.287, 0.519,0.124,0.5556,0.495,0.696,0.289,0.452,0.762,0.2385, 0.438,0.62,0.2473,0.4036,0.698,0.1109,0.3916,0.426,0.2104,0.6325,
0.519,0.124,0.5556,0.442,0.842,0.1547,0.4412,0.808,0.1913,0.4192,0.756,0.1509, 0.401,0.752,0.0812, 0.388,0.286,0.2633, 0.5342,0.912,0.3212,0.5074,0.516,0.4458,0.495,0.696,0.289, 0.4526,0.942,0.1358,0.4036,0.698,0.1109,0.3874,0.582,0.1563,0.4764,
0.5028,0.628,0.3218,0.4938,0.99,0.22,0.452,0.762,0.2385,0.4412,0.808,0.1913, 0.4192,0.756,0.1509, 0.3952,0.71,0.1271, 0.498,0.942,0.2042,0.4568,0.524,0.3299,0.438,0.62,0.2473, 0.428,0.628,0.204,0.388,0.286,0.2633,0.3792,0.094,0.287,0.5852,
0.5088,0.728,0.3275,0.5074,0.516,0.4458,0.4776,0.36,0.4338,0.428,0.628,0.204, 0.4264,0.742,0.1453, 0.401,0.752,0.0812, 0.495,0.696,0.289,0.4526,0.942,0.1358,0.415,0.296,0.3255, 0.415,0.506,0.2668,0.4036,0.698,0.1109,0.3792,0.094,0.287,0.4032,
0.5074,0.516,0.4458,0.4526,0.942,0.1358,0.428,0.628,0.204,0.4264,0.742,0.1453, 0.415,0.296,0.3255, 0.4144,0.82,0.0919, 0.5088,0.728,0.3275,0.495,0.696,0.289,0.4938,0.99,0.22, 0.452,0.762,0.2385,0.4412,0.808,0.1913,0.438,0.62,0.2473,0.4023,
0.4812,0.956,0.1934,0.4568,0.524,0.3299,0.442,0.842,0.1547,0.428,0.628,0.204, 0.401,0.752,0.0812, 0.388,0.286,0.2633, 0.5074,0.516,0.4458,0.4584,0.668,0.2318,0.4526,0.942,0.1358, 0.4412,0.808,0.1913,0.4382,0.83,0.1787,0.4264,0.742,0.1453,0.5764,
0.5028,0.628,0.3218,0.498,0.942,0.2042,0.4568,0.524,0.3299,0.428,0.628,0.204, 0.4144,0.82,0.0919, 0.3952,0.71,0.1271, 0.5342,0.912,0.3212,0.5088,0.728,0.3275,0.5074,0.516,0.4458, 0.4812,0.956,0.1934,0.4776,0.36,0.4338,0.3792,0.094,0.287,0.3341,
0.5074,0.516,0.4458,0.4584,0.668,0.2318,0.4568,0.524,0.3299,0.438,0.62,0.2473, 0.415,0.296,0.3255, 0.415,0.506,0.2668, 0.4526,0.942,0.1358,0.4412,0.808,0.1913,0.4382,0.83,0.1787, 0.428,0.628,0.204,0.4036,0.698,0.1109,0.3952,0.71,0.1271,0.526,
0.5088,0.728,0.3275,0.5074,0.516,0.4458,0.495,0.696,0.289,0.4584,0.668,0.2318, 0.442,0.842,0.1547, 0.4264,0.742,0.1453, 0.519,0.124,0.5556,0.4776,0.36,0.4338,0.4382,0.83,0.1787, 0.438,0.62,0.2473,0.4144,0.82,0.0919,0.401,0.752,0.0812,0.5873,
0.4812,0.956,0.1934,0.4526,0.942,0.1358,0.4264,0.742,0.1453,0.4192,0.756,0.1509, 0.415,0.506,0.2668, 0.3792,0.094,0.287, 0.519,0.124,0.5556,0.495,0.696,0.289,0.4568,0.524,0.3299, 0.442,0.842,0.1547,0.3952,0.71,0.1271,0.3916,0.426,0.2104,0.6394,
0.5074,0.516,0.4458,0.452,0.762,0.2385,0.442,0.842,0.1547,0.4412,0.808,0.1913, 0.438,0.62,0.2473, 0.401,0.752,0.0812, 0.5342,0.912,0.3212,0.4382,0.83,0.1787,0.4264,0.742,0.1453, 0.4036,0.698,0.1109,0.3916,0.426,0.2104,0.3874,0.582,0.1563,0.6224,
0.5342,0.912,0.3212,0.5088,0.728,0.3275,0.4938,0.99,0.22,0.4382,0.83,0.1787, 0.438,0.62,0.2473, 0.415,0.506,0.2668, 0.519,0.124,0.5556,0.495,0.696,0.289,0.4812,0.956,0.1934, 0.4036,0.698,0.1109,0.388,0.286,0.2633,0.3874,0.582,0.1563,0.3867,
0.5074,0.516,0.4458,0.4568,0.524,0.3299,0.452,0.762,0.2385,0.4412,0.808,0.1913, 0.4192,0.756,0.1509, 0.388,0.286,0.2633, 0.4938,0.99,0.22,0.4812,0.956,0.1934,0.4036,0.698,0.1109, 0.3952,0.71,0.1271,0.3916,0.426,0.2104,0.3874,0.582,0.1563,0.5527,
0.5088,0.728,0.3275,0.4568,0.524,0.3299,0.4526,0.942,0.1358,0.415,0.296,0.3255, 0.3952,0.71,0.1271, 0.3874,0.582,0.1563, 0.5028,0.628,0.3218,0.4938,0.99,0.22,0.4812,0.956,0.1934, 0.4776,0.36,0.4338,0.428,0.628,0.204,0.3792,0.094,0.287,0.6425,
0.5342,0.912,0.3212,0.519,0.124,0.5556,0.5088,0.728,0.3275,0.4264,0.742,0.1453, 0.415,0.296,0.3255, 0.3792,0.094,0.287, 0.4938,0.99,0.22,0.4812,0.956,0.1934,0.4584,0.668,0.2318, 0.4192,0.756,0.1509,0.401,0.752,0.0812,0.388,0.286,0.2633,0.6044,
0.5342,0.912,0.3212,0.5074,0.516,0.4458,0.5028,0.628,0.3218,0.4584,0.668,0.2318, 0.428,0.628,0.204, 0.3916,0.426,0.2104, 0.5088,0.728,0.3275,0.4776,0.36,0.4338,0.4568,0.524,0.3299, 0.4036,0.698,0.1109,0.388,0.286,0.2633,0.3874,0.582,0.1563,0.4616,
0.5342,0.912,0.3212,0.5074,0.516,0.4458,0.495,0.696,0.289,0.4584,0.668,0.2318, 0.452,0.762,0.2385, 0.3792,0.094,0.287, 0.498,0.942,0.2042,0.4938,0.99,0.22,0.438,0.62,0.2473, 0.428,0.628,0.204,0.3916,0.426,0.2104,0.3874,0.582,0.1563,0.442,
0.498,0.942,0.2042,0.4568,0.524,0.3299,0.4382,0.83,0.1787,0.4264,0.742,0.1453, 0.4144,0.82,0.0919, 0.3916,0.426,0.2104, 0.5088,0.728,0.3275,0.5028,0.628,0.3218,0.4776,0.36,0.4338, 0.4584,0.668,0.2318,0.415,0.506,0.2668,0.401,0.752,0.0812,0.6,
0.5088,0.728,0.3275,0.4812,0.956,0.1934,0.4776,0.36,0.4338,0.4264,0.742,0.1453, 0.415,0.296,0.3255, 0.4036,0.698,0.1109, 0.4526,0.942,0.1358,0.4412,0.808,0.1913,0.428,0.628,0.204, 0.415,0.506,0.2668,0.4144,0.82,0.0919,0.3916,0.426,0.2104,0.5252,
0.519,0.124,0.5556,0.5088,0.728,0.3275,0.438,0.62,0.2473,0.4192,0.756,0.1509, 0.388,0.286,0.2633, 0.3874,0.582,0.1563, 0.5342,0.912,0.3212,0.5074,0.516,0.4458,0.495,0.696,0.289, 0.4812,0.956,0.1934,0.4412,0.808,0.1913,0.401,0.752,0.0812,0.4003,
0.5088,0.728,0.3275,0.498,0.942,0.2042,0.4938,0.99,0.22,0.4382,0.83,0.1787, 0.415,0.506,0.2668, 0.3952,0.71,0.1271, 0.5028,0.628,0.3218,0.4812,0.956,0.1934,0.442,0.842,0.1547, 0.4264,0.742,0.1453,0.4192,0.756,0.1509,0.4036,0.698,0.1109,0.6474,
0.5028,0.628,0.3218,0.495,0.696,0.289,0.442,0.842,0.1547,0.4036,0.698,0.1109, 0.401,0.752,0.0812, 0.3874,0.582,0.1563, 0.519,0.124,0.5556,0.4776,0.36,0.4338,0.4584,0.668,0.2318, 0.4568,0.524,0.3299,0.415,0.506,0.2668,0.388,0.286,0.2633,0.5983,
0.5088,0.728,0.3275,0.498,0.942,0.2042,0.4812,0.956,0.1934,0.438,0.62,0.2473, 0.4192,0.756,0.1509, 0.388,0.286,0.2633, 0.4938,0.99,0.22,0.4412,0.808,0.1913,0.4264,0.742,0.1453, 0.4144,0.82,0.0919,0.3952,0.71,0.1271,0.3916,0.426,0.2104,0.5066,
0.519,0.124,0.5556,0.4568,0.524,0.3299,0.4526,0.942,0.1358,0.442,0.842,0.1547, 0.4412,0.808,0.1913, 0.4192,0.756,0.1509, 0.498,0.942,0.2042,0.4584,0.668,0.2318,0.452,0.762,0.2385, 0.401,0.752,0.0812,0.3874,0.582,0.1563,0.3792,0.094,0.287,0.4527,
0.5088,0.728,0.3275,0.495,0.696,0.289,0.452,0.762,0.2385,0.4412,0.808,0.1913, 0.428,0.628,0.204, 0.4144,0.82,0.0919, 0.5028,0.628,0.3218,0.4568,0.524,0.3299,0.438,0.62,0.2473, 0.401,0.752,0.0812,0.3952,0.71,0.1271,0.388,0.286,0.2633,0.525,
0.5074,0.516,0.4458,0.4568,0.524,0.3299,0.452,0.762,0.2385,0.415,0.506,0.2668, 0.3952,0.71,0.1271, 0.3792,0.094,0.287, 0.519,0.124,0.5556,0.5028,0.628,0.3218,0.4938,0.99,0.22, 0.442,0.842,0.1547,0.438,0.62,0.2473,0.4264,0.742,0.1453,0.5215,
0.4584,0.668,0.2318,0.452,0.762,0.2385,0.4382,0.83,0.1787,0.428,0.628,0.204, 0.401,0.752,0.0812, 0.388,0.286,0.2633, 0.5342,0.912,0.3212,0.5088,0.728,0.3275,0.438,0.62,0.2473, 0.415,0.296,0.3255,0.415,0.506,0.2668,0.3916,0.426,0.2104,0.5261,
0.5028,0.628,0.3218,0.495,0.696,0.289,0.4776,0.36,0.4338,0.415,0.506,0.2668, 0.4036,0.698,0.1109, 0.401,0.752,0.0812, 0.4584,0.668,0.2318,0.4568,0.524,0.3299,0.4264,0.742,0.1453, 0.4144,0.82,0.0919,0.3916,0.426,0.2104,0.3874,0.582,0.1563,0.5478,
0.5342,0.912,0.3212,0.4812,0.956,0.1934,0.4412,0.808,0.1913,0.428,0.628,0.204, 0.415,0.296,0.3255, 0.401,0.752,0.0812, 0.495,0.696,0.289,0.4584,0.668,0.2318,0.4526,0.942,0.1358, 0.4192,0.756,0.1509,0.388,0.286,0.2633,0.3874,0.582,0.1563,0.6521,
0.5088,0.728,0.3275,0.5028,0.628,0.3218,0.4938,0.99,0.22,0.438,0.62,0.2473, 0.415,0.506,0.2668, 0.4036,0.698,0.1109, 0.519,0.124,0.5556,0.4584,0.668,0.2318,0.415,0.296,0.3255, 0.4144,0.82,0.0919,0.388,0.286,0.2633,0.3792,0.094,0.287,0.3671,
0.4938,0.99,0.22,0.428,0.628,0.204,0.4264,0.742,0.1453,0.415,0.296,0.3255, 0.4036,0.698,0.1109, 0.3916,0.426,0.2104, 0.5074,0.516,0.4458,0.495,0.696,0.289,0.4776,0.36,0.4338, 0.4412,0.808,0.1913,0.4192,0.756,0.1509,0.388,0.286,0.2633,0.4062,
0.5088,0.728,0.3275,0.495,0.696,0.289,0.4938,0.99,0.22,0.438,0.62,0.2473, 0.415,0.296,0.3255, 0.388,0.286,0.2633, 0.4584,0.668,0.2318,0.4526,0.942,0.1358,0.452,0.762,0.2385, 0.4382,0.83,0.1787,0.4264,0.742,0.1453,0.3874,0.582,0.1563,0.6315,
0.442,0.842,0.1547,0.4412,0.808,0.1913,0.428,0.628,0.204,0.4264,0.742,0.1453, 0.4144,0.82,0.0919, 0.3952,0.71,0.1271, 0.5088,0.728,0.3275,0.5074,0.516,0.4458,0.4812,0.956,0.1934, 0.4192,0.756,0.1509,0.415,0.296,0.3255,0.3916,0.426,0.2104,0.4118,
0.498,0.942,0.2042,0.4938,0.99,0.22,0.428,0.628,0.204,0.4264,0.742,0.1453, 0.415,0.296,0.3255, 0.4144,0.82,0.0919, 0.5088,0.728,0.3275,0.415,0.506,0.2668,0.401,0.752,0.0812, 0.3916,0.426,0.2104,0.3874,0.582,0.1563,0.3792,0.094,0.287,0.4469,
0.498,0.942,0.2042,0.452,0.762,0.2385,0.442,0.842,0.1547,0.428,0.628,0.204, 0.415,0.296,0.3255, 0.4036,0.698,0.1109, 0.5342,0.912,0.3212,0.519,0.124,0.5556,0.5088,0.728,0.3275, 0.4812,0.956,0.1934,0.3952,0.71,0.1271,0.388,0.286,0.2633,0.4316,
0.5342,0.912,0.3212,0.5088,0.728,0.3275,0.4776,0.36,0.4338,0.4584,0.668,0.2318, 0.4382,0.83,0.1787, 0.401,0.752,0.0812, 0.495,0.696,0.289,0.4812,0.956,0.1934,0.442,0.842,0.1547, 0.4412,0.808,0.1913,0.4192,0.756,0.1509,0.4036,0.698,0.1109,0.5697,
0.452,0.762,0.2385,0.4412,0.808,0.1913,0.4192,0.756,0.1509,0.415,0.296,0.3255, 0.3952,0.71,0.1271, 0.3792,0.094,0.287, 0.5342,0.912,0.3212,0.4776,0.36,0.4338,0.442,0.842,0.1547, 0.428,0.628,0.204,0.388,0.286,0.2633,0.3874,0.582,0.1563,0.5625,
0.519,0.124,0.5556,0.495,0.696,0.289,0.4568,0.524,0.3299,0.4526,0.942,0.1358, 0.401,0.752,0.0812, 0.3916,0.426,0.2104, 0.5342,0.912,0.3212,0.5088,0.728,0.3275,0.5028,0.628,0.3218, 0.4412,0.808,0.1913,0.415,0.296,0.3255,0.4144,0.82,0.0919,0.6491,
0.4812,0.956,0.1934,0.4584,0.668,0.2318,0.452,0.762,0.2385,0.442,0.842,0.1547, 0.4382,0.83,0.1787, 0.3874,0.582,0.1563, 0.519,0.124,0.5556,0.5088,0.728,0.3275,0.5028,0.628,0.3218, 0.495,0.696,0.289,0.415,0.506,0.2668,0.4144,0.82,0.0919,0.5319,
0.519,0.124,0.5556,0.5088,0.728,0.3275,0.4776,0.36,0.4338,0.415,0.506,0.2668, 0.3952,0.71,0.1271, 0.3874,0.582,0.1563, 0.498,0.942,0.2042,0.4526,0.942,0.1358,0.442,0.842,0.1547, 0.401,0.752,0.0812,0.3916,0.426,0.2104,0.3792,0.094,0.287,0.438,
0.5074,0.516,0.4458,0.442,0.842,0.1547,0.4382,0.83,0.1787,0.428,0.628,0.204, 0.4036,0.698,0.1109, 0.3792,0.094,0.287, 0.5088,0.728,0.3275,0.5028,0.628,0.3218,0.4776,0.36,0.4338, 0.452,0.762,0.2385,0.415,0.506,0.2668,0.401,0.752,0.0812,0.5047,
0.5074,0.516,0.4458,0.4776,0.36,0.4338,0.442,0.842,0.1547,0.428,0.628,0.204, 0.388,0.286,0.2633, 0.3792,0.094,0.287, 0.5028,0.628,0.3218,0.498,0.942,0.2042,0.495,0.696,0.289, 0.4812,0.956,0.1934,0.4584,0.668,0.2318,0.4192,0.756,0.1509,0.4453,
0.5028,0.628,0.3218,0.4812,0.956,0.1934,0.438,0.62,0.2473,0.4192,0.756,0.1509, 0.4036,0.698,0.1109, 0.3952,0.71,0.1271, 0.5088,0.728,0.3275,0.498,0.942,0.2042,0.442,0.842,0.1547, 0.4412,0.808,0.1913,0.4382,0.83,0.1787,0.415,0.506,0.2668,0.6169,
0.495,0.696,0.289,0.4568,0.524,0.3299,0.438,0.62,0.2473,0.4192,0.756,0.1509, 0.415,0.506,0.2668, 0.388,0.286,0.2633, 0.519,0.124,0.5556,0.5028,0.628,0.3218,0.498,0.942,0.2042, 0.4584,0.668,0.2318,0.415,0.296,0.3255,0.4036,0.698,0.1109,0.6246,
0.5028,0.628,0.3218,0.4812,0.956,0.1934,0.4584,0.668,0.2318,0.4526,0.942,0.1358, 0.4382,0.83,0.1787, 0.415,0.296,0.3255, 0.4938,0.99,0.22,0.438,0.62,0.2473,0.4264,0.742,0.1453, 0.4144,0.82,0.0919,0.3916,0.426,0.2104,0.3792,0.094,0.287,0.3746,
0.5074,0.516,0.4458,0.495,0.696,0.289,0.4568,0.524,0.3299,0.442,0.842,0.1547, 0.401,0.752,0.0812, 0.3792,0.094,0.287, 0.5342,0.912,0.3212,0.519,0.124,0.5556,0.4584,0.668,0.2318, 0.4526,0.942,0.1358,0.452,0.762,0.2385,0.4036,0.698,0.1109,0.5997,
0.4812,0.956,0.1934,0.4584,0.668,0.2318,0.4192,0.756,0.1509,0.415,0.506,0.2668, 0.4036,0.698,0.1109, 0.3874,0.582,0.1563, 0.5342,0.912,0.3212,0.498,0.942,0.2042,0.495,0.696,0.289, 0.4568,0.524,0.3299,0.4144,0.82,0.0919,0.3952,0.71,0.1271,0.3538,
0.495,0.696,0.289,0.4584,0.668,0.2318,0.452,0.762,0.2385,0.4382,0.83,0.1787, 0.4036,0.698,0.1109, 0.3874,0.582,0.1563, 0.5028,0.628,0.3218,0.4526,0.942,0.1358,0.401,0.752,0.0812, 0.3952,0.71,0.1271,0.388,0.286,0.2633,0.3792,0.094,0.287,0.5862,
0.5088,0.728,0.3275,0.5074,0.516,0.4458,0.415,0.296,0.3255,0.4144,0.82,0.0919, 0.388,0.286,0.2633, 0.3874,0.582,0.1563, 0.4812,0.956,0.1934,0.4776,0.36,0.4338,0.4584,0.668,0.2318, 0.452,0.762,0.2385,0.442,0.842,0.1547,0.4412,0.808,0.1913,0.5974,
0.5028,0.628,0.3218,0.438,0.62,0.2473,0.428,0.628,0.204,0.4264,0.742,0.1453, 0.388,0.286,0.2633, 0.3874,0.582,0.1563, 0.5342,0.912,0.3212,0.519,0.124,0.5556,0.452,0.762,0.2385, 0.415,0.506,0.2668,0.4144,0.82,0.0919,0.401,0.752,0.0812,0.4717,
0.498,0.942,0.2042,0.4584,0.668,0.2318,0.442,0.842,0.1547,0.438,0.62,0.2473, 0.3952,0.71,0.1271, 0.3916,0.426,0.2104, 0.5342,0.912,0.3212,0.519,0.124,0.5556,0.5028,0.628,0.3218, 0.428,0.628,0.204,0.415,0.296,0.3255,0.401,0.752,0.0812,0.5148,
0.5028,0.628,0.3218,0.495,0.696,0.289,0.4036,0.698,0.1109,0.401,0.752,0.0812, 0.3916,0.426,0.2104, 0.3874,0.582,0.1563, 0.5342,0.912,0.3212,0.452,0.762,0.2385,0.4192,0.756,0.1509, 0.415,0.296,0.3255,0.415,0.506,0.2668,0.3952,0.71,0.1271,0.6303,
0.5028,0.628,0.3218,0.452,0.762,0.2385,0.428,0.628,0.204,0.4192,0.756,0.1509, 0.4144,0.82,0.0919, 0.3952,0.71,0.1271, 0.498,0.942,0.2042,0.495,0.696,0.289,0.4812,0.956,0.1934, 0.4568,0.524,0.3299,0.4526,0.942,0.1358,0.388,0.286,0.2633,0.5428,
0.4776,0.36,0.4338,0.4526,0.942,0.1358,0.4264,0.742,0.1453,0.4192,0.756,0.1509, 0.4144,0.82,0.0919, 0.3952,0.71,0.1271, 0.5028,0.628,0.3218,0.4938,0.99,0.22,0.452,0.762,0.2385, 0.4412,0.808,0.1913,0.415,0.506,0.2668,0.3916,0.426,0.2104,0.6037,
0.5074,0.516,0.4458,0.4776,0.36,0.4338,0.4584,0.668,0.2318,0.4568,0.524,0.3299, 0.415,0.296,0.3255, 0.4036,0.698,0.1109, 0.519,0.124,0.5556,0.4526,0.942,0.1358,0.401,0.752,0.0812, 0.3952,0.71,0.1271,0.388,0.286,0.2633,0.3874,0.582,0.1563,0.391,
0.5342,0.912,0.3212,0.4568,0.524,0.3299,0.4412,0.808,0.1913,0.4382,0.83,0.1787, 0.415,0.296,0.3255, 0.4144,0.82,0.0919, 0.4812,0.956,0.1934,0.4584,0.668,0.2318,0.428,0.628,0.204, 0.415,0.506,0.2668,0.3952,0.71,0.1271,0.388,0.286,0.2633,0.5504,
0.498,0.942,0.2042,0.4584,0.668,0.2318,0.4568,0.524,0.3299,0.415,0.296,0.3255, 0.4144,0.82,0.0919, 0.3874,0.582,0.1563, 0.5342,0.912,0.3212,0.5074,0.516,0.4458,0.4812,0.956,0.1934, 0.428,0.628,0.204,0.415,0.506,0.2668,0.3916,0.426,0.2104,0.5286,
0.5028,0.628,0.3218,0.495,0.696,0.289,0.4144,0.82,0.0919,0.4036,0.698,0.1109, 0.388,0.286,0.2633, 0.3792,0.094,0.287, 0.519,0.124,0.5556,0.4776,0.36,0.4338,0.4584,0.668,0.2318, 0.452,0.762,0.2385,0.415,0.296,0.3255,0.3874,0.582,0.1563,0.4571,
0.5074,0.516,0.4458,0.438,0.62,0.2473,0.428,0.628,0.204,0.4144,0.82,0.0919, 0.401,0.752,0.0812, 0.3916,0.426,0.2104, 0.4776,0.36,0.4338,0.4568,0.524,0.3299,0.452,0.762,0.2385, 0.442,0.842,0.1547,0.4412,0.808,0.1913,0.4192,0.756,0.1509,0.5643,
0.5088,0.728,0.3275,0.428,0.628,0.204,0.4264,0.742,0.1453,0.4192,0.756,0.1509, 0.415,0.506,0.2668, 0.3952,0.71,0.1271, 0.498,0.942,0.2042,0.495,0.696,0.289,0.4812,0.956,0.1934, 0.4776,0.36,0.4338,0.401,0.752,0.0812,0.3916,0.426,0.2104,0.6345,
0.4584,0.668,0.2318,0.4382,0.83,0.1787,0.438,0.62,0.2473,0.4264,0.742,0.1453, 0.415,0.296,0.3255, 0.3792,0.094,0.287, 0.5342,0.912,0.3212,0.5074,0.516,0.4458,0.4412,0.808,0.1913, 0.415,0.506,0.2668,0.4036,0.698,0.1109,0.3916,0.426,0.2104,0.5004,
0.4812,0.956,0.1934,0.438,0.62,0.2473,0.428,0.628,0.204,0.4192,0.756,0.1509, 0.415,0.296,0.3255, 0.3874,0.582,0.1563, 0.5342,0.912,0.3212,0.5028,0.628,0.3218,0.4776,0.36,0.4338, 0.4412,0.808,0.1913,0.4036,0.698,0.1109,0.3916,0.426,0.2104,0.5081,
0.5074,0.516,0.4458,0.4812,0.956,0.1934,0.4568,0.524,0.3299,0.442,0.842,0.1547, 0.4192,0.756,0.1509, 0.388,0.286,0.2633, 0.5342,0.912,0.3212,0.519,0.124,0.5556,0.5028,0.628,0.3218, 0.498,0.942,0.2042,0.4382,0.83,0.1787,0.3874,0.582,0.1563,0.5635,
0.5074,0.516,0.4458,0.4382,0.83,0.1787,0.4264,0.742,0.1453,0.415,0.506,0.2668, 0.401,0.752,0.0812, 0.3792,0.094,0.287, 0.5088,0.728,0.3275,0.498,0.942,0.2042,0.495,0.696,0.289, 0.4776,0.36,0.4338,0.415,0.296,0.3255,0.4036,0.698,0.1109,0.3781,
0.4584,0.668,0.2318,0.4412,0.808,0.1913,0.415,0.506,0.2668,0.4036,0.698,0.1109, 0.3952,0.71,0.1271, 0.388,0.286,0.2633, 0.5342,0.912,0.3212,0.4526,0.942,0.1358,0.452,0.762,0.2385, 0.442,0.842,0.1547,0.4144,0.82,0.0919,0.3792,0.094,0.287,0.5281,
0.4412,0.808,0.1913,0.4192,0.756,0.1509,0.415,0.506,0.2668,0.415,0.296,0.3255, 0.401,0.752,0.0812, 0.3952,0.71,0.1271, 0.5342,0.912,0.3212,0.498,0.942,0.2042,0.4568,0.524,0.3299, 0.428,0.628,0.204,0.4264,0.742,0.1453,0.4036,0.698,0.1109,0.335,
0.519,0.124,0.5556,0.498,0.942,0.2042,0.4192,0.756,0.1509,0.415,0.506,0.2668, 0.4144,0.82,0.0919, 0.3916,0.426,0.2104, 0.5074,0.516,0.4458,0.5028,0.628,0.3218,0.4938,0.99,0.22, 0.4812,0.956,0.1934,0.4412,0.808,0.1913,0.415,0.296,0.3255,0.3652,
0.5088,0.728,0.3275,0.5028,0.628,0.3218,0.498,0.942,0.2042,0.495,0.696,0.289, 0.438,0.62,0.2473, 0.4264,0.742,0.1453, 0.4938,0.99,0.22,0.4568,0.524,0.3299,0.452,0.762,0.2385, 0.4412,0.808,0.1913,0.4036,0.698,0.1109,0.3874,0.582,0.1563,0.4806,
0.495,0.696,0.289,0.4568,0.524,0.3299,0.4264,0.742,0.1453,0.3916,0.426,0.2104, 0.388,0.286,0.2633, 0.3792,0.094,0.287, 0.5088,0.728,0.3275,0.4776,0.36,0.4338,0.442,0.842,0.1547, 0.415,0.506,0.2668,0.415,0.296,0.3255,0.401,0.752,0.0812,0.5444,
0.5028,0.628,0.3218,0.495,0.696,0.289,0.4584,0.668,0.2318,0.4568,0.524,0.3299, 0.452,0.762,0.2385, 0.3952,0.71,0.1271, 0.4776,0.36,0.4338,0.4412,0.808,0.1913,0.4382,0.83,0.1787, 0.428,0.628,0.204,0.415,0.296,0.3255,0.3916,0.426,0.2104,0.5971,
0.5342,0.912,0.3212,0.4812,0.956,0.1934,0.428,0.628,0.204,0.4192,0.756,0.1509, 0.415,0.296,0.3255, 0.401,0.752,0.0812, 0.5074,0.516,0.4458,0.4776,0.36,0.4338,0.4568,0.524,0.3299, 0.452,0.762,0.2385,0.442,0.842,0.1547,0.4264,0.742,0.1453,0.6522,
0.495,0.696,0.289,0.4584,0.668,0.2318,0.4526,0.942,0.1358,0.428,0.628,0.204, 0.4264,0.742,0.1453, 0.401,0.752,0.0812, 0.5074,0.516,0.4458,0.4938,0.99,0.22,0.4568,0.524,0.3299, 0.4412,0.808,0.1913,0.4192,0.756,0.1509,0.4144,0.82,0.0919,0.5911,
0.4776,0.36,0.4338,0.4568,0.524,0.3299,0.438,0.62,0.2473,0.428,0.628,0.204, 0.4192,0.756,0.1509, 0.3916,0.426,0.2104, 0.5088,0.728,0.3275,0.5028,0.628,0.3218,0.4938,0.99,0.22, 0.4812,0.956,0.1934,0.442,0.842,0.1547,0.415,0.506,0.2668,0.3588,
0.5088,0.728,0.3275,0.442,0.842,0.1547,0.428,0.628,0.204,0.415,0.506,0.2668, 0.4144,0.82,0.0919, 0.3916,0.426,0.2104, 0.5342,0.912,0.3212,0.495,0.696,0.289,0.452,0.762,0.2385, 0.438,0.62,0.2473,0.415,0.296,0.3255,0.401,0.752,0.0812,0.5842,
0.5342,0.912,0.3212,0.5074,0.516,0.4458,0.4526,0.942,0.1358,0.4264,0.742,0.1453, 0.4144,0.82,0.0919, 0.3792,0.094,0.287, 0.452,0.762,0.2385,0.442,0.842,0.1547,0.4192,0.756,0.1509, 0.4036,0.698,0.1109,0.401,0.752,0.0812,0.3916,0.426,0.2104,0.3934,
0.4526,0.942,0.1358,0.452,0.762,0.2385,0.4382,0.83,0.1787,0.415,0.506,0.2668, 0.415,0.296,0.3255, 0.388,0.286,0.2633, 0.495,0.696,0.289,0.4938,0.99,0.22,0.4776,0.36,0.4338, 0.4584,0.668,0.2318,0.428,0.628,0.204,0.4144,0.82,0.0919,0.5293,
0.5342,0.912,0.3212,0.5088,0.728,0.3275,0.4812,0.956,0.1934,0.4568,0.524,0.3299, 0.4382,0.83,0.1787, 0.4036,0.698,0.1109, 0.4938,0.99,0.22,0.4584,0.668,0.2318,0.4264,0.742,0.1453, 0.4192,0.756,0.1509,0.415,0.506,0.2668,0.4144,0.82,0.0919,0.3871,
0.519,0.124,0.5556,0.4776,0.36,0.4338,0.4526,0.942,0.1358,0.438,0.62,0.2473, 0.3916,0.426,0.2104, 0.388,0.286,0.2633, 0.4584,0.668,0.2318,0.428,0.628,0.204,0.415,0.296,0.3255, 0.415,0.506,0.2668,0.4036,0.698,0.1109,0.401,0.752,0.0812,0.5246,
0.519,0.124,0.5556,0.498,0.942,0.2042,0.4192,0.756,0.1509,0.4144,0.82,0.0919, 0.388,0.286,0.2633, 0.3874,0.582,0.1563, 0.5088,0.728,0.3275,0.5074,0.516,0.4458,0.4526,0.942,0.1358, 0.442,0.842,0.1547,0.4264,0.742,0.1453,0.3916,0.426,0.2104,0.6426,
0.5074,0.516,0.4458,0.4264,0.742,0.1453,0.415,0.296,0.3255,0.401,0.752,0.0812, 0.388,0.286,0.2633, 0.3792,0.094,0.287, 0.5342,0.912,0.3212,0.5088,0.728,0.3275,0.442,0.842,0.1547, 0.4192,0.756,0.1509,0.4036,0.698,0.1109,0.3952,0.71,0.1271,0.435,
0.5028,0.628,0.3218,0.495,0.696,0.289,0.4938,0.99,0.22,0.4412,0.808,0.1913, 0.4382,0.83,0.1787, 0.3792,0.094,0.287, 0.4584,0.668,0.2318,0.4568,0.524,0.3299,0.438,0.62,0.2473, 0.415,0.296,0.3255,0.4036,0.698,0.1109,0.3874,0.582,0.1563,0.4763,
0.519,0.124,0.5556,0.5028,0.628,0.3218,0.498,0.942,0.2042,0.4192,0.756,0.1509, 0.3916,0.426,0.2104, 0.3792,0.094,0.287, 0.442,0.842,0.1547,0.4382,0.83,0.1787,0.438,0.62,0.2473, 0.415,0.506,0.2668,0.4036,0.698,0.1109,0.401,0.752,0.0812,0.617,
0.5028,0.628,0.3218,0.495,0.696,0.289,0.4938,0.99,0.22,0.4776,0.36,0.4338, 0.428,0.628,0.204, 0.4192,0.756,0.1509, 0.4568,0.524,0.3299,0.4526,0.942,0.1358,0.452,0.762,0.2385, 0.415,0.296,0.3255,0.4036,0.698,0.1109,0.3952,0.71,0.1271,0.3598,
0.498,0.942,0.2042,0.495,0.696,0.289,0.4568,0.524,0.3299,0.4526,0.942,0.1358, 0.415,0.506,0.2668, 0.4036,0.698,0.1109, 0.519,0.124,0.5556,0.5074,0.516,0.4458,0.4776,0.36,0.4338, 0.452,0.762,0.2385,0.4382,0.83,0.1787,0.4264,0.742,0.1453,0.6045,
0.519,0.124,0.5556,0.5028,0.628,0.3218,0.452,0.762,0.2385,0.4382,0.83,0.1787, 0.4036,0.698,0.1109, 0.3916,0.426,0.2104, 0.4584,0.668,0.2318,0.4568,0.524,0.3299,0.4264,0.742,0.1453, 0.415,0.506,0.2668,0.4144,0.82,0.0919,0.3952,0.71,0.1271,0.6242,
0.5028,0.628,0.3218,0.4812,0.956,0.1934,0.415,0.506,0.2668,0.4144,0.82,0.0919, 0.401,0.752,0.0812, 0.3952,0.71,0.1271, 0.5342,0.912,0.3212,0.495,0.696,0.289,0.4526,0.942,0.1358, 0.452,0.762,0.2385,0.428,0.628,0.204,0.3792,0.094,0.287,0.6019,
0.5074,0.516,0.4458,0.5028,0.628,0.3218,0.4776,0.36,0.4338,0.4568,0.524,0.3299, 0.4526,0.942,0.1358, 0.4144,0.82,0.0919, 0.498,0.942,0.2042,0.4812,0.956,0.1934,0.428,0.628,0.204, 0.4192,0.756,0.1509,0.415,0.296,0.3255,0.4036,0.698,0.1109,0.4456,
0.498,0.942,0.2042,0.495,0.696,0.289,0.4812,0.956,0.1934,0.4584,0.668,0.2318, 0.428,0.628,0.204, 0.3874,0.582,0.1563, 0.519,0.124,0.5556,0.5088,0.728,0.3275,0.5074,0.516,0.4458, 0.4776,0.36,0.4338,0.452,0.762,0.2385,0.3952,0.71,0.1271,0.5154,
0.5342,0.912,0.3212,0.5028,0.628,0.3218,0.498,0.942,0.2042,0.495,0.696,0.289, 0.438,0.62,0.2473, 0.3952,0.71,0.1271, 0.4812,0.956,0.1934,0.4776,0.36,0.4338,0.4568,0.524,0.3299, 0.4382,0.83,0.1787,0.428,0.628,0.204,0.3792,0.094,0.287,0.4957,
0.5342,0.912,0.3212,0.4938,0.99,0.22,0.4812,0.956,0.1934,0.452,0.762,0.2385, 0.401,0.752,0.0812, 0.388,0.286,0.2633, 0.519,0.124,0.5556,0.428,0.628,0.204,0.415,0.506,0.2668, 0.415,0.296,0.3255,0.4144,0.82,0.0919,0.3916,0.426,0.2104,0.4727,
0.519,0.124,0.5556,0.4776,0.36,0.4338,0.452,0.762,0.2385,0.428,0.628,0.204, 0.4192,0.756,0.1509, 0.3916,0.426,0.2104, 0.5074,0.516,0.4458,0.5028,0.628,0.3218,0.495,0.696,0.289, 0.4938,0.99,0.22,0.4526,0.942,0.1358,0.3952,0.71,0.1271,0.5597,
0.498,0.942,0.2042,0.4938,0.99,0.22,0.452,0.762,0.2385,0.4412,0.808,0.1913, 0.4264,0.742,0.1453, 0.415,0.296,0.3255, 0.5074,0.516,0.4458,0.4526,0.942,0.1358,0.442,0.842,0.1547, 0.415,0.506,0.2668,0.3916,0.426,0.2104,0.3792,0.094,0.287,0.5818,
0.519,0.124,0.5556,0.442,0.842,0.1547,0.4382,0.83,0.1787,0.4264,0.742,0.1453, 0.4144,0.82,0.0919, 0.3792,0.094,0.287, 0.4526,0.942,0.1358,0.415,0.506,0.2668,0.415,0.296,0.3255, 0.3952,0.71,0.1271,0.388,0.286,0.2633,0.3874,0.582,0.1563,0.6469,
0.498,0.942,0.2042,0.4938,0.99,0.22,0.4776,0.36,0.4338,0.442,0.842,0.1547, 0.438,0.62,0.2473, 0.4144,0.82,0.0919, 0.5088,0.728,0.3275,0.4812,0.956,0.1934,0.428,0.628,0.204, 0.415,0.296,0.3255,0.4036,0.698,0.1109,0.3792,0.094,0.287,0.5083,
0.4584,0.668,0.2318,0.452,0.762,0.2385,0.4412,0.808,0.1913,0.4144,0.82,0.0919, 0.4036,0.698,0.1109, 0.401,0.752,0.0812, 0.5028,0.628,0.3218,0.4812,0.956,0.1934,0.4776,0.36,0.4338, 0.4382,0.83,0.1787,0.415,0.296,0.3255,0.388,0.286,0.2633,0.5288,
0.4526,0.942,0.1358,0.452,0.762,0.2385,0.442,0.842,0.1547,0.4412,0.808,0.1913, 0.415,0.506,0.2668, 0.4144,0.82,0.0919, 0.495,0.696,0.289,0.428,0.628,0.204,0.4264,0.742,0.1453, 0.415,0.296,0.3255,0.3916,0.426,0.2104,0.3792,0.094,0.287,0.626,
0.5088,0.728,0.3275,0.4776,0.36,0.4338,0.438,0.62,0.2473,0.4192,0.756,0.1509, 0.415,0.296,0.3255, 0.401,0.752,0.0812, 0.4526,0.942,0.1358,0.442,0.842,0.1547,0.415,0.506,0.2668, 0.3952,0.71,0.1271,0.3916,0.426,0.2104,0.3792,0.094,0.287,0.4345,
0.4812,0.956,0.1934,0.442,0.842,0.1547,0.4382,0.83,0.1787,0.415,0.506,0.2668, 0.4036,0.698,0.1109, 0.3952,0.71,0.1271, 0.519,0.124,0.5556,0.5028,0.628,0.3218,0.4584,0.668,0.2318, 0.4526,0.942,0.1358,0.452,0.762,0.2385,0.401,0.752,0.0812,0.5061,
0.442,0.842,0.1547,0.4264,0.742,0.1453,0.4192,0.756,0.1509,0.415,0.296,0.3255, 0.4036,0.698,0.1109, 0.3874,0.582,0.1563, 0.5074,0.516,0.4458,0.4938,0.99,0.22,0.4584,0.668,0.2318, 0.4382,0.83,0.1787,0.3916,0.426,0.2104,0.388,0.286,0.2633,0.3848,
0.519,0.124,0.5556,0.4584,0.668,0.2318,0.4568,0.524,0.3299,0.4382,0.83,0.1787, 0.438,0.62,0.2473, 0.401,0.752,0.0812, 0.5028,0.628,0.3218,0.498,0.942,0.2042,0.415,0.506,0.2668, 0.3952,0.71,0.1271,0.3916,0.426,0.2104,0.388,0.286,0.2633,0.6408,
0.4938,0.99,0.22,0.4526,0.942,0.1358,0.4192,0.756,0.1509,0.4036,0.698,0.1109, 0.388,0.286,0.2633, 0.3792,0.094,0.287, 0.519,0.124,0.5556,0.5074,0.516,0.4458,0.452,0.762,0.2385, 0.442,0.842,0.1547,0.4144,0.82,0.0919,0.401,0.752,0.0812,0.382,
0.5074,0.516,0.4458,0.495,0.696,0.289,0.4526,0.942,0.1358,0.452,0.762,0.2385, 0.438,0.62,0.2473, 0.401,0.752,0.0812, 0.5028,0.628,0.3218,0.442,0.842,0.1547,0.4382,0.83,0.1787, 0.428,0.628,0.204,0.4264,0.742,0.1453,0.3952,0.71,0.1271,0.615,
0.5028,0.628,0.3218,0.495,0.696,0.289,0.4938,0.99,0.22,0.4812,0.956,0.1934, 0.452,0.762,0.2385, 0.4144,0.82,0.0919, 0.498,0.942,0.2042,0.4776,0.36,0.4338,0.4584,0.668,0.2318, 0.428,0.628,0.204,0.4036,0.698,0.1109,0.388,0.286,0.2633,0.4318,
0.519,0.124,0.5556,0.4584,0.668,0.2318,0.4264,0.742,0.1453,0.415,0.296,0.3255, 0.401,0.752,0.0812, 0.388,0.286,0.2633, 0.5088,0.728,0.3275,0.498,0.942,0.2042,0.4812,0.956,0.1934, 0.4568,0.524,0.3299,0.4412,0.808,0.1913,0.4036,0.698,0.1109,0.3931,
0.5074,0.516,0.4458,0.495,0.696,0.289,0.4812,0.956,0.1934,0.4776,0.36,0.4338, 0.4412,0.808,0.1913, 0.4144,0.82,0.0919, 0.519,0.124,0.5556,0.498,0.942,0.2042,0.438,0.62,0.2473, 0.4192,0.756,0.1509,0.415,0.506,0.2668,0.3792,0.094,0.287,0.5004,
0.5074,0.516,0.4458,0.495,0.696,0.289,0.4812,0.956,0.1934,0.4568,0.524,0.3299, 0.4264,0.742,0.1453, 0.3916,0.426,0.2104, 0.498,0.942,0.2042,0.4776,0.36,0.4338,0.415,0.296,0.3255, 0.401,0.752,0.0812,0.3952,0.71,0.1271,0.388,0.286,0.2633,0.445,
0.4938,0.99,0.22,0.452,0.762,0.2385,0.4192,0.756,0.1509,0.4036,0.698,0.1109, 0.401,0.752,0.0812, 0.3792,0.094,0.287, 0.5074,0.516,0.4458,0.495,0.696,0.289,0.4776,0.36,0.4338, 0.4264,0.742,0.1453,0.415,0.296,0.3255,0.388,0.286,0.2633,0.4585,
0.4568,0.524,0.3299,0.4382,0.83,0.1787,0.4036,0.698,0.1109,0.388,0.286,0.2633, 0.3874,0.582,0.1563, 0.3792,0.094,0.287, 0.498,0.942,0.2042,0.495,0.696,0.289,0.4776,0.36,0.4338, 0.4192,0.756,0.1509,0.3952,0.71,0.1271,0.3916,0.426,0.2104,0.359,
0.4776,0.36,0.4338,0.4568,0.524,0.3299,0.4264,0.742,0.1453,0.415,0.506,0.2668, 0.4144,0.82,0.0919, 0.3792,0.094,0.287, 0.519,0.124,0.5556,0.4812,0.956,0.1934,0.4526,0.942,0.1358, 0.452,0.762,0.2385,0.438,0.62,0.2473,0.428,0.628,0.204,0.409,
0.5028,0.628,0.3218,0.495,0.696,0.289,0.4568,0.524,0.3299,0.4412,0.808,0.1913, 0.3952,0.71,0.1271, 0.388,0.286,0.2633, 0.4526,0.942,0.1358,0.442,0.842,0.1547,0.438,0.62,0.2473, 0.4192,0.756,0.1509,0.4036,0.698,0.1109,0.3874,0.582,0.1563,0.5928,
0.5088,0.728,0.3275,0.498,0.942,0.2042,0.4938,0.99,0.22,0.4776,0.36,0.4338, 0.4412,0.808,0.1913, 0.3874,0.582,0.1563, 0.519,0.124,0.5556,0.495,0.696,0.289,0.4568,0.524,0.3299, 0.4526,0.942,0.1358,0.3952,0.71,0.1271,0.3792,0.094,0.287,0.5871,
0.519,0.124,0.5556,0.452,0.762,0.2385,0.415,0.296,0.3255,0.4036,0.698,0.1109, 0.401,0.752,0.0812, 0.3952,0.71,0.1271, 0.5028,0.628,0.3218,0.495,0.696,0.289,0.4812,0.956,0.1934, 0.4584,0.668,0.2318,0.4568,0.524,0.3299,0.428,0.628,0.204,0.3482,
0.5074,0.516,0.4458,0.498,0.942,0.2042,0.4938,0.99,0.22,0.4526,0.942,0.1358, 0.4264,0.742,0.1453, 0.4144,0.82,0.0919, 0.495,0.696,0.289,0.4568,0.524,0.3299,0.438,0.62,0.2473, 0.415,0.506,0.2668,0.3916,0.426,0.2104,0.3874,0.582,0.1563,0.4487,
0.5088,0.728,0.3275,0.5074,0.516,0.4458,0.4938,0.99,0.22,0.438,0.62,0.2473, 0.4264,0.742,0.1453, 0.3792,0.094,0.287, 0.519,0.124,0.5556,0.4526,0.942,0.1358,0.428,0.628,0.204, 0.4144,0.82,0.0919,0.4036,0.698,0.1109,0.3874,0.582,0.1563,0.4719,
0.5342,0.912,0.3212,0.4526,0.942,0.1358,0.4264,0.742,0.1453,0.4192,0.756,0.1509, 0.415,0.296,0.3255, 0.388,0.286,0.2633, 0.4938,0.99,0.22,0.4584,0.668,0.2318,0.401,0.752,0.0812, 0.3952,0.71,0.1271,0.3874,0.582,0.1563,0.3792,0.094,0.287,0.5892,
0.4938,0.99,0.22,0.4812,0.956,0.1934,0.4584,0.668,0.2318,0.4526,0.942,0.1358, 0.4036,0.698,0.1109, 0.3916,0.426,0.2104, 0.5074,0.516,0.4458,0.5028,0.628,0.3218,0.495,0.696,0.289, 0.442,0.842,0.1547,0.428,0.628,0.204,0.415,0.506,0.2668,0.6351,
0.5088,0.728,0.3275,0.4776,0.36,0.4338,0.4192,0.756,0.1509,0.415,0.506,0.2668, 0.3916,0.426,0.2104, 0.3874,0.582,0.1563, 0.4584,0.668,0.2318,0.4526,0.942,0.1358,0.4382,0.83,0.1787, 0.3952,0.71,0.1271,0.388,0.286,0.2633,0.3792,0.094,0.287,0.6544,
0.519,0.124,0.5556,0.4584,0.668,0.2318,0.438,0.62,0.2473,0.428,0.628,0.204, 0.401,0.752,0.0812, 0.3874,0.582,0.1563, 0.5074,0.516,0.4458,0.4776,0.36,0.4338,0.4526,0.942,0.1358, 0.4382,0.83,0.1787,0.4192,0.756,0.1509,0.415,0.296,0.3255,0.6052,
0.495,0.696,0.289,0.4412,0.808,0.1913,0.4192,0.756,0.1509,0.415,0.296,0.3255, 0.4036,0.698,0.1109, 0.401,0.752,0.0812, 0.5088,0.728,0.3275,0.4584,0.668,0.2318,0.442,0.842,0.1547, 0.4382,0.83,0.1787,0.438,0.62,0.2473,0.388,0.286,0.2633,0.659,
0.4584,0.668,0.2318,0.452,0.762,0.2385,0.4036,0.698,0.1109,0.3952,0.71,0.1271, 0.3916,0.426,0.2104, 0.388,0.286,0.2633, 0.5074,0.516,0.4458,0.5028,0.628,0.3218,0.4812,0.956,0.1934, 0.415,0.506,0.2668,0.3874,0.582,0.1563,0.3792,0.094,0.287,0.427,
0.5074,0.516,0.4458,0.4812,0.956,0.1934,0.4584,0.668,0.2318,0.4192,0.756,0.1509, 0.4036,0.698,0.1109, 0.3952,0.71,0.1271, 0.4412,0.808,0.1913,0.4382,0.83,0.1787,0.4264,0.742,0.1453, 0.401,0.752,0.0812,0.388,0.286,0.2633,0.3792,0.094,0.287,0.399,
0.498,0.942,0.2042,0.4568,0.524,0.3299,0.4526,0.942,0.1358,0.4412,0.808,0.1913, 0.401,0.752,0.0812, 0.3916,0.426,0.2104, 0.519,0.124,0.5556,0.5088,0.728,0.3275,0.495,0.696,0.289, 0.4382,0.83,0.1787,0.438,0.62,0.2473,0.388,0.286,0.2633,0.5619,
0.519,0.124,0.5556,0.5074,0.516,0.4458,0.4938,0.99,0.22,0.442,0.842,0.1547, 0.4382,0.83,0.1787, 0.415,0.506,0.2668, 0.5342,0.912,0.3212,0.4584,0.668,0.2318,0.452,0.762,0.2385, 0.428,0.628,0.204,0.4264,0.742,0.1453,0.3952,0.71,0.1271,0.5554,
0.519,0.124,0.5556,0.4938,0.99,0.22,0.4776,0.36,0.4338,0.442,0.842,0.1547, 0.4264,0.742,0.1453, 0.3792,0.094,0.287, 0.498,0.942,0.2042,0.4412,0.808,0.1913,0.4192,0.756,0.1509, 0.401,0.752,0.0812,0.3952,0.71,0.1271,0.388,0.286,0.2633,0.4394,
0.519,0.124,0.5556,0.4526,0.942,0.1358,0.4382,0.83,0.1787,0.4264,0.742,0.1453, 0.3916,0.426,0.2104, 0.388,0.286,0.2633, 0.5074,0.516,0.4458,0.5028,0.628,0.3218,0.4938,0.99,0.22, 0.442,0.842,0.1547,0.415,0.506,0.2668,0.4144,0.82,0.0919,0.4714,
0.5342,0.912,0.3212,0.4382,0.83,0.1787,0.4264,0.742,0.1453,0.4144,0.82,0.0919, 0.3952,0.71,0.1271, 0.3792,0.094,0.287, 0.5088,0.728,0.3275,0.4938,0.99,0.22,0.4584,0.668,0.2318, 0.4526,0.942,0.1358,0.428,0.628,0.204,0.388,0.286,0.2633,0.5765,
0.5088,0.728,0.3275,0.5074,0.516,0.4458,0.4938,0.99,0.22,0.4776,0.36,0.4338, 0.452,0.762,0.2385, 0.4412,0.808,0.1913, 0.5342,0.912,0.3212,0.5028,0.628,0.3218,0.4812,0.956,0.1934, 0.4568,0.524,0.3299,0.4192,0.756,0.1509,0.3874,0.582,0.1563,0.59,
0.4526,0.942,0.1358,0.442,0.842,0.1547,0.4144,0.82,0.0919,0.401,0.752,0.0812, 0.3916,0.426,0.2104, 0.3874,0.582,0.1563, 0.5028,0.628,0.3218,0.4776,0.36,0.4338,0.4412,0.808,0.1913, 0.428,0.628,0.204,0.415,0.506,0.2668,0.3792,0.094,0.287,0.473,
0.519,0.124,0.5556,0.5088,0.728,0.3275,0.4938,0.99,0.22,0.4526,0.942,0.1358, 0.4382,0.83,0.1787, 0.388,0.286,0.2633, 0.5074,0.516,0.4458,0.5028,0.628,0.3218,0.4192,0.756,0.1509, 0.415,0.506,0.2668,0.401,0.752,0.0812,0.3874,0.582,0.1563,0.5144,
0.5342,0.912,0.3212,0.5028,0.628,0.3218,0.4776,0.36,0.4338,0.415,0.506,0.2668, 0.4144,0.82,0.0919, 0.388,0.286,0.2633, 0.4526,0.942,0.1358,0.4412,0.808,0.1913,0.438,0.62,0.2473, 0.4192,0.756,0.1509,0.4036,0.698,0.1109,0.3916,0.426,0.2104,0.4386,
0.519,0.124,0.5556,0.5028,0.628,0.3218,0.415,0.296,0.3255,0.401,0.752,0.0812, 0.3952,0.71,0.1271, 0.3874,0.582,0.1563, 0.498,0.942,0.2042,0.495,0.696,0.289,0.4812,0.956,0.1934, 0.4584,0.668,0.2318,0.442,0.842,0.1547,0.4192,0.756,0.1509,0.5071,
0.5028,0.628,0.3218,0.495,0.696,0.289,0.4938,0.99,0.22,0.438,0.62,0.2473, 0.4264,0.742,0.1453, 0.415,0.506,0.2668, 0.5342,0.912,0.3212,0.5074,0.516,0.4458,0.4812,0.956,0.1934, 0.4776,0.36,0.4338,0.4568,0.524,0.3299,0.428,0.628,0.204,0.5549,
0.519,0.124,0.5556,0.5074,0.516,0.4458,0.4776,0.36,0.4338,0.4192,0.756,0.1509, 0.401,0.752,0.0812, 0.3916,0.426,0.2104, 0.4938,0.99,0.22,0.4526,0.942,0.1358,0.438,0.62,0.2473, 0.4264,0.742,0.1453,0.388,0.286,0.2633,0.3792,0.094,0.287,0.5608,
0.5342,0.912,0.3212,0.428,0.628,0.204,0.415,0.296,0.3255,0.4144,0.82,0.0919, 0.4036,0.698,0.1109, 0.388,0.286,0.2633, 0.498,0.942,0.2042,0.4938,0.99,0.22,0.4776,0.36,0.4338, 0.4192,0.756,0.1509,0.415,0.506,0.2668,0.3952,0.71,0.1271,0.5645,
0.5342,0.912,0.3212,0.5088,0.728,0.3275,0.4584,0.668,0.2318,0.442,0.842,0.1547, 0.4264,0.742,0.1453, 0.388,0.286,0.2633, 0.4776,0.36,0.4338,0.452,0.762,0.2385,0.438,0.62,0.2473, 0.4192,0.756,0.1509,0.415,0.506,0.2668,0.3916,0.426,0.2104,0.659,
0.5342,0.912,0.3212,0.498,0.942,0.2042,0.4192,0.756,0.1509,0.415,0.506,0.2668, 0.4036,0.698,0.1109, 0.3916,0.426,0.2104, 0.5088,0.728,0.3275,0.495,0.696,0.289,0.4776,0.36,0.4338, 0.4412,0.808,0.1913,0.438,0.62,0.2473,0.4264,0.742,0.1453,0.612,
0.5074,0.516,0.4458,0.4412,0.808,0.1913,0.4264,0.742,0.1453,0.415,0.296,0.3255, 0.3952,0.71,0.1271, 0.3792,0.094,0.287, 0.5028,0.628,0.3218,0.495,0.696,0.289,0.4568,0.524,0.3299, 0.452,0.762,0.2385,0.415,0.506,0.2668,0.4144,0.82,0.0919,0.5238,
0.5088,0.728,0.3275,0.4776,0.36,0.4338,0.4526,0.942,0.1358,0.401,0.752,0.0812, 0.3916,0.426,0.2104, 0.3874,0.582,0.1563, 0.5342,0.912,0.3212,0.519,0.124,0.5556,0.4584,0.668,0.2318, 0.4412,0.808,0.1913,0.4382,0.83,0.1787,0.4192,0.756,0.1509,0.4089,
0.495,0.696,0.289,0.4584,0.668,0.2318,0.428,0.628,0.204,0.415,0.506,0.2668, 0.4144,0.82,0.0919, 0.388,0.286,0.2633, 0.5342,0.912,0.3212,0.5074,0.516,0.4458,0.4812,0.956,0.1934, 0.4192,0.756,0.1509,0.3874,0.582,0.1563,0.3792,0.094,0.287,0.6029,
0.5088,0.728,0.3275,0.4776,0.36,0.4338,0.4526,0.942,0.1358,0.4192,0.756,0.1509, 0.4036,0.698,0.1109, 0.3792,0.094,0.287, 0.5342,0.912,0.3212,0.519,0.124,0.5556,0.4938,0.99,0.22, 0.4568,0.524,0.3299,0.438,0.62,0.2473,0.3874,0.582,0.1563,0.3622,
0.4776,0.36,0.4338,0.442,0.842,0.1547,0.428,0.628,0.204,0.4192,0.756,0.1509, 0.4144,0.82,0.0919, 0.3874,0.582,0.1563, 0.5074,0.516,0.4458,0.495,0.696,0.289,0.4938,0.99,0.22, 0.4526,0.942,0.1358,0.4264,0.742,0.1453,0.401,0.752,0.0812,0.4232,
0.4776,0.36,0.4338,0.438,0.62,0.2473,0.428,0.628,0.204,0.4264,0.742,0.1453, 0.415,0.506,0.2668, 0.3916,0.426,0.2104, 0.5342,0.912,0.3212,0.5074,0.516,0.4458,0.4526,0.942,0.1358, 0.452,0.762,0.2385,0.4192,0.756,0.1509,0.4036,0.698,0.1109,0.4232,
0.5342,0.912,0.3212,0.5074,0.516,0.4458,0.5028,0.628,0.3218,0.4812,0.956,0.1934, 0.4526,0.942,0.1358, 0.401,0.752,0.0812, 0.5088,0.728,0.3275,0.4938,0.99,0.22,0.4776,0.36,0.4338, 0.4568,0.524,0.3299,0.388,0.286,0.2633,0.3874,0.582,0.1563,0.6014,
0.519,0.124,0.5556,0.4776,0.36,0.4338,0.4382,0.83,0.1787,0.4192,0.756,0.1509, 0.3916,0.426,0.2104, 0.3792,0.094,0.287, 0.5088,0.728,0.3275,0.5074,0.516,0.4458,0.495,0.696,0.289, 0.4812,0.956,0.1934,0.438,0.62,0.2473,0.3874,0.582,0.1563,0.3985,
0.498,0.942,0.2042,0.438,0.62,0.2473,0.4264,0.742,0.1453,0.4192,0.756,0.1509, 0.4144,0.82,0.0919, 0.3952,0.71,0.1271, 0.5342,0.912,0.3212,0.519,0.124,0.5556,0.495,0.696,0.289, 0.4036,0.698,0.1109,0.401,0.752,0.0812,0.3916,0.426,0.2104,0.6135,
0.5342,0.912,0.3212,0.5088,0.728,0.3275,0.495,0.696,0.289,0.415,0.296,0.3255, 0.4036,0.698,0.1109, 0.401,0.752,0.0812, 0.4584,0.668,0.2318,0.4568,0.524,0.3299,0.4264,0.742,0.1453, 0.3952,0.71,0.1271,0.3916,0.426,0.2104,0.3874,0.582,0.1563,0.3424,
0.4812,0.956,0.1934,0.4584,0.668,0.2318,0.4568,0.524,0.3299,0.415,0.506,0.2668, 0.3916,0.426,0.2104, 0.388,0.286,0.2633, 0.5088,0.728,0.3275,0.498,0.942,0.2042,0.4776,0.36,0.4338, 0.452,0.762,0.2385,0.442,0.842,0.1547,0.415,0.296,0.3255,0.3974,
0.5074,0.516,0.4458,0.5028,0.628,0.3218,0.4812,0.956,0.1934,0.4776,0.36,0.4338, 0.428,0.628,0.204, 0.3792,0.094,0.287, 0.4568,0.524,0.3299,0.4526,0.942,0.1358,0.452,0.762,0.2385, 0.442,0.842,0.1547,0.401,0.752,0.0812,0.3916,0.426,0.2104,0.484,
0.5342,0.912,0.3212,0.519,0.124,0.5556,0.5028,0.628,0.3218,0.4412,0.808,0.1913, 0.415,0.296,0.3255, 0.3792,0.094,0.287, 0.4584,0.668,0.2318,0.4526,0.942,0.1358,0.442,0.842,0.1547, 0.4192,0.756,0.1509,0.415,0.506,0.2668,0.3952,0.71,0.1271,0.4413,
0.5088,0.728,0.3275,0.5028,0.628,0.3218,0.4776,0.36,0.4338,0.4568,0.524,0.3299, 0.438,0.62,0.2473, 0.3792,0.094,0.287, 0.495,0.696,0.289,0.442,0.842,0.1547,0.428,0.628,0.204, 0.4264,0.742,0.1453,0.4192,0.756,0.1509,0.4036,0.698,0.1109,0.4863,
0.5074,0.516,0.4458,0.4526,0.942,0.1358,0.401,0.752,0.0812,0.3916,0.426,0.2104, 0.3874,0.582,0.1563, 0.3792,0.094,0.287, 0.4812,0.956,0.1934,0.4776,0.36,0.4338,0.442,0.842,0.1547, 0.438,0.62,0.2473,0.415,0.296,0.3255,0.388,0.286,0.2633,0.5578,
0.5074,0.516,0.4458,0.452,0.762,0.2385,0.4036,0.698,0.1109,0.401,0.752,0.0812, 0.388,0.286,0.2633, 0.3874,0.582,0.1563, 0.5342,0.912,0.3212,0.4776,0.36,0.4338,0.4584,0.668,0.2318, 0.4412,0.808,0.1913,0.4192,0.756,0.1509,0.415,0.296,0.3255,0.3588,
0.498,0.942,0.2042,0.4776,0.36,0.4338,0.4584,0.668,0.2318,0.4382,0.83,0.1787, 0.438,0.62,0.2473, 0.401,0.752,0.0812, 0.4938,0.99,0.22,0.4526,0.942,0.1358,0.4144,0.82,0.0919, 0.4036,0.698,0.1109,0.3874,0.582,0.1563,0.3792,0.094,0.287,0.4273,
0.5088,0.728,0.3275,0.498,0.942,0.2042,0.495,0.696,0.289,0.4526,0.942,0.1358, 0.4382,0.83,0.1787, 0.438,0.62,0.2473, 0.519,0.124,0.5556,0.442,0.842,0.1547,0.4412,0.808,0.1913, 0.415,0.296,0.3255,0.388,0.286,0.2633,0.3874,0.582,0.1563,0.3437,
0.4938,0.99,0.22,0.4526,0.942,0.1358,0.452,0.762,0.2385,0.442,0.842,0.1547, 0.438,0.62,0.2473, 0.3874,0.582,0.1563, 0.519,0.124,0.5556,0.5074,0.516,0.4458,0.5028,0.628,0.3218, 0.498,0.942,0.2042,0.4412,0.808,0.1913,0.428,0.628,0.204,0.4087,
0.5342,0.912,0.3212,0.4776,0.36,0.4338,0.4584,0.668,0.2318,0.438,0.62,0.2473, 0.4192,0.756,0.1509, 0.415,0.506,0.2668, 0.5088,0.728,0.3275,0.4812,0.956,0.1934,0.442,0.842,0.1547, 0.4144,0.82,0.0919,0.401,0.752,0.0812,0.3916,0.426,0.2104,0.567,
0.4568,0.524,0.3299,0.452,0.762,0.2385,0.4412,0.808,0.1913,0.438,0.62,0.2473, 0.3952,0.71,0.1271, 0.3792,0.094,0.287, 0.495,0.696,0.289,0.4812,0.956,0.1934,0.4526,0.942,0.1358, 0.442,0.842,0.1547,0.4264,0.742,0.1453,0.415,0.506,0.2668,0.6492,
0.519,0.124,0.5556,0.438,0.62,0.2473,0.428,0.628,0.204,0.4192,0.756,0.1509, 0.415,0.296,0.3255, 0.4144,0.82,0.0919, 0.4812,0.956,0.1934,0.4382,0.83,0.1787,0.4036,0.698,0.1109, 0.3952,0.71,0.1271,0.3874,0.582,0.1563,0.3792,0.094,0.287,0.5642,
0.5342,0.912,0.3212,0.519,0.124,0.5556,0.498,0.942,0.2042,0.4568,0.524,0.3299, 0.442,0.842,0.1547, 0.428,0.628,0.204, 0.495,0.696,0.289,0.4584,0.668,0.2318,0.4526,0.942,0.1358, 0.452,0.762,0.2385,0.438,0.62,0.2473,0.388,0.286,0.2633,0.4428,
0.4584,0.668,0.2318,0.442,0.842,0.1547,0.4412,0.808,0.1913,0.4192,0.756,0.1509, 0.4036,0.698,0.1109, 0.388,0.286,0.2633, 0.5342,0.912,0.3212,0.5088,0.728,0.3275,0.4776,0.36,0.4338, 0.4144,0.82,0.0919,0.401,0.752,0.0812,0.3952,0.71,0.1271,0.4574,
0.4776,0.36,0.4338,0.442,0.842,0.1547,0.4382,0.83,0.1787,0.428,0.628,0.204, 0.4264,0.742,0.1453, 0.388,0.286,0.2633, 0.5342,0.912,0.3212,0.519,0.124,0.5556,0.498,0.942,0.2042, 0.415,0.296,0.3255,0.415,0.506,0.2668,0.3874,0.582,0.1563,0.5041,
0.519,0.124,0.5556,0.5088,0.728,0.3275,0.5028,0.628,0.3218,0.4776,0.36,0.4338, 0.4192,0.756,0.1509, 0.4036,0.698,0.1109, 0.495,0.696,0.289,0.4584,0.668,0.2318,0.4568,0.524,0.3299, 0.442,0.842,0.1547,0.4412,0.808,0.1913,0.3952,0.71,0.1271,0.6387,
0.4776,0.36,0.4338,0.442,0.842,0.1547,0.4382,0.83,0.1787,0.438,0.62,0.2473, 0.428,0.628,0.204, 0.401,0.752,0.0812, 0.4812,0.956,0.1934,0.4264,0.742,0.1453,0.415,0.296,0.3255, 0.4144,0.82,0.0919,0.4036,0.698,0.1109,0.3874,0.582,0.1563,0.65,
0.5342,0.912,0.3212,0.4938,0.99,0.22,0.4812,0.956,0.1934,0.4568,0.524,0.3299, 0.4412,0.808,0.1913, 0.3792,0.094,0.287, 0.5028,0.628,0.3218,0.498,0.942,0.2042,0.428,0.628,0.204, 0.4192,0.756,0.1509,0.415,0.506,0.2668,0.3874,0.582,0.1563,0.5345,
0.519,0.124,0.5556,0.5028,0.628,0.3218,0.4412,0.808,0.1913,0.4036,0.698,0.1109, 0.3952,0.71,0.1271, 0.388,0.286,0.2633, 0.4526,0.942,0.1358,0.428,0.628,0.204,0.4192,0.756,0.1509, 0.415,0.296,0.3255,0.4144,0.82,0.0919,0.3874,0.582,0.1563,0.65,
0.5088,0.728,0.3275,0.495,0.696,0.289,0.4938,0.99,0.22,0.4568,0.524,0.3299, 0.415,0.506,0.2668, 0.3952,0.71,0.1271, 0.5028,0.628,0.3218,0.4526,0.942,0.1358,0.438,0.62,0.2473, 0.4264,0.742,0.1453,0.4144,0.82,0.0919,0.3916,0.426,0.2104,0.4624,
0.519,0.124,0.5556,0.495,0.696,0.289,0.4568,0.524,0.3299,0.415,0.506,0.2668, 0.388,0.286,0.2633, 0.3792,0.094,0.287, 0.5342,0.912,0.3212,0.5088,0.728,0.3275,0.4812,0.956,0.1934, 0.4412,0.808,0.1913,0.438,0.62,0.2473,0.3952,0.71,0.1271,0.4992,
0.495,0.696,0.289,0.4938,0.99,0.22,0.4382,0.83,0.1787,0.438,0.62,0.2473, 0.428,0.628,0.204, 0.415,0.506,0.2668, 0.5342,0.912,0.3212,0.519,0.124,0.5556,0.5088,0.728,0.3275, 0.452,0.762,0.2385,0.442,0.842,0.1547,0.3952,0.71,0.1271,0.6101,
0.5074,0.516,0.4458,0.4812,0.956,0.1934,0.4526,0.942,0.1358,0.442,0.842,0.1547, 0.388,0.286,0.2633, 0.3792,0.094,0.287, 0.498,0.942,0.2042,0.4938,0.99,0.22,0.4776,0.36,0.4338, 0.4568,0.524,0.3299,0.438,0.62,0.2473,0.4264,0.742,0.1453,0.556,
0.519,0.124,0.5556,0.5088,0.728,0.3275,0.4776,0.36,0.4338,0.4584,0.668,0.2318, 0.4382,0.83,0.1787, 0.401,0.752,0.0812, 0.498,0.942,0.2042,0.4412,0.808,0.1913,0.438,0.62,0.2473, 0.428,0.628,0.204,0.4192,0.756,0.1509,0.415,0.296,0.3255,0.5716,
0.5074,0.516,0.4458,0.4584,0.668,0.2318,0.4382,0.83,0.1787,0.428,0.628,0.204, 0.4192,0.756,0.1509, 0.3874,0.582,0.1563, 0.5342,0.912,0.3212,0.498,0.942,0.2042,0.4812,0.956,0.1934, 0.4526,0.942,0.1358,0.415,0.506,0.2668,0.388,0.286,0.2633,0.6409,
0.519,0.124,0.5556,0.5028,0.628,0.3218,0.498,0.942,0.2042,0.4938,0.99,0.22, 0.388,0.286,0.2633, 0.3792,0.094,0.287, 0.5342,0.912,0.3212,0.5088,0.728,0.3275,0.4776,0.36,0.4338, 0.4568,0.524,0.3299,0.4412,0.808,0.1913,0.415,0.506,0.2668,0.6382,
0.498,0.942,0.2042,0.4938,0.99,0.22,0.4584,0.668,0.2318,0.4568,0.524,0.3299, 0.438,0.62,0.2473, 0.3952,0.71,0.1271, 0.4776,0.36,0.4338,0.452,0.762,0.2385,0.428,0.628,0.204, 0.4192,0.756,0.1509,0.401,0.752,0.0812,0.3792,0.094,0.287,0.4388,
0.498,0.942,0.2042,0.4584,0.668,0.2318,0.428,0.628,0.204,0.415,0.296,0.3255, 0.388,0.286,0.2633, 0.3874,0.582,0.1563, 0.5342,0.912,0.3212,0.5028,0.628,0.3218,0.452,0.762,0.2385, 0.4412,0.808,0.1913,0.4144,0.82,0.0919,0.3952,0.71,0.1271,0.4642,
0.5342,0.912,0.3212,0.5028,0.628,0.3218,0.4938,0.99,0.22,0.438,0.62,0.2473, 0.4264,0.742,0.1453, 0.4192,0.756,0.1509, 0.4776,0.36,0.4338,0.4526,0.942,0.1358,0.4412,0.808,0.1913, 0.415,0.296,0.3255,0.4036,0.698,0.1109,0.388,0.286,0.2633,0.3461,
0.4584,0.668,0.2318,0.4568,0.524,0.3299,0.442,0.842,0.1547,0.438,0.62,0.2473, 0.4264,0.742,0.1453, 0.4036,0.698,0.1109, 0.519,0.124,0.5556,0.5074,0.516,0.4458,0.5028,0.628,0.3218, 0.4526,0.942,0.1358,0.401,0.752,0.0812,0.3916,0.426,0.2104,0.585,
0.498,0.942,0.2042,0.4568,0.524,0.3299,0.415,0.506,0.2668,0.4036,0.698,0.1109, 0.388,0.286,0.2633, 0.3792,0.094,0.287, 0.5028,0.628,0.3218,0.4526,0.942,0.1358,0.452,0.762,0.2385, 0.438,0.62,0.2473,0.428,0.628,0.204,0.3952,0.71,0.1271,0.5947,
0.5088,0.728,0.3275,0.495,0.696,0.289,0.4568,0.524,0.3299,0.452,0.762,0.2385, 0.4412,0.808,0.1913, 0.3874,0.582,0.1563, 0.498,0.942,0.2042,0.4938,0.99,0.22,0.428,0.628,0.204, 0.4144,0.82,0.0919,0.3952,0.71,0.1271,0.3916,0.426,0.2104,0.5608,
0.5074,0.516,0.4458,0.4776,0.36,0.4338,0.4526,0.942,0.1358,0.438,0.62,0.2473, 0.388,0.286,0.2633, 0.3874,0.582,0.1563, 0.5342,0.912,0.3212,0.519,0.124,0.5556,0.5088,0.728,0.3275, 0.495,0.696,0.289,0.415,0.296,0.3255,0.4144,0.82,0.0919,0.4351,
0.4938,0.99,0.22,0.4584,0.668,0.2318,0.442,0.842,0.1547,0.4144,0.82,0.0919, 0.401,0.752,0.0812, 0.3792,0.094,0.287, 0.498,0.942,0.2042,0.495,0.696,0.289,0.4568,0.524,0.3299, 0.452,0.762,0.2385,0.4036,0.698,0.1109,0.3952,0.71,0.1271,0.5929,
0.5342,0.912,0.3212,0.519,0.124,0.5556,0.452,0.762,0.2385,0.442,0.842,0.1547, 0.438,0.62,0.2473, 0.401,0.752,0.0812, 0.4938,0.99,0.22,0.4776,0.36,0.4338,0.4412,0.808,0.1913, 0.4036,0.698,0.1109,0.3916,0.426,0.2104,0.3792,0.094,0.287,0.4173,
0.5074,0.516,0.4458,0.4776,0.36,0.4338,0.4568,0.524,0.3299,0.452,0.762,0.2385, 0.4412,0.808,0.1913, 0.401,0.752,0.0812, 0.495,0.696,0.289,0.4526,0.942,0.1358,0.442,0.842,0.1547, 0.428,0.628,0.204,0.4192,0.756,0.1509,0.4036,0.698,0.1109,0.544,
0.5088,0.728,0.3275,0.5028,0.628,0.3218,0.442,0.842,0.1547,0.4412,0.808,0.1913, 0.4144,0.82,0.0919, 0.3916,0.426,0.2104, 0.4776,0.36,0.4338,0.428,0.628,0.204,0.4192,0.756,0.1509, 0.415,0.506,0.2668,0.401,0.752,0.0812,0.3952,0.71,0.1271,0.599,
0.5342,0.912,0.3212,0.5074,0.516,0.4458,0.4584,0.668,0.2318,0.442,0.842,0.1547, 0.4382,0.83,0.1787, 0.4036,0.698,0.1109, 0.519,0.124,0.5556,0.4776,0.36,0.4338,0.4568,0.524,0.3299, 0.415,0.296,0.3255,0.401,0.752,0.0812,0.3916,0.426,0.2104,0.6265,
0.519,0.124,0.5556,0.5074,0.516,0.4458,0.5028,0.628,0.3218,0.498,0.942,0.2042, 0.415,0.296,0.3255, 0.3952,0.71,0.1271, 0.495,0.696,0.289,0.4776,0.36,0.4338,0.4526,0.942,0.1358, 0.442,0.842,0.1547,0.401,0.752,0.0812,0.3916,0.426,0.2104,0.448,
0.495,0.696,0.289,0.4938,0.99,0.22,0.4812,0.956,0.1934,0.4526,0.942,0.1358, 0.401,0.752,0.0812, 0.3916,0.426,0.2104, 0.5342,0.912,0.3212,0.5088,0.728,0.3275,0.5028,0.628,0.3218, 0.4584,0.668,0.2318,0.4412,0.808,0.1913,0.4036,0.698,0.1109,0.6113,
0.5074,0.516,0.4458,0.4812,0.956,0.1934,0.4412,0.808,0.1913,0.4382,0.83,0.1787, 0.438,0.62,0.2473, 0.4036,0.698,0.1109, 0.5028,0.628,0.3218,0.4568,0.524,0.3299,0.415,0.296,0.3255, 0.3916,0.426,0.2104,0.388,0.286,0.2633,0.3874,0.582,0.1563,0.4395,
0.5074,0.516,0.4458,0.4412,0.808,0.1913,0.4382,0.83,0.1787,0.415,0.506,0.2668, 0.401,0.752,0.0812, 0.3952,0.71,0.1271, 0.5342,0.912,0.3212,0.519,0.124,0.5556,0.5088,0.728,0.3275, 0.4584,0.668,0.2318,0.442,0.842,0.1547,0.3792,0.094,0.287,0.4523,
0.519,0.124,0.5556,0.4812,0.956,0.1934,0.4776,0.36,0.4338,0.442,0.842,0.1547, 0.4036,0.698,0.1109, 0.3874,0.582,0.1563, 0.5342,0.912,0.3212,0.5028,0.628,0.3218,0.495,0.696,0.289, 0.4584,0.668,0.2318,0.4568,0.524,0.3299,0.4144,0.82,0.0919,0.6111,
0.519,0.124,0.5556,0.5074,0.516,0.4458,0.5028,0.628,0.3218,0.4412,0.808,0.1913, 0.438,0.62,0.2473, 0.3916,0.426,0.2104, 0.5342,0.912,0.3212,0.5088,0.728,0.3275,0.428,0.628,0.204, 0.4264,0.742,0.1453,0.401,0.752,0.0812,0.3874,0.582,0.1563,0.6074,
0.5088,0.728,0.3275,0.495,0.696,0.289,0.4938,0.99,0.22,0.442,0.842,0.1547, 0.4192,0.756,0.1509, 0.401,0.752,0.0812, 0.4776,0.36,0.4338,0.4584,0.668,0.2318,0.452,0.762,0.2385, 0.4264,0.742,0.1453,0.3952,0.71,0.1271,0.388,0.286,0.2633,0.591,
0.5088,0.728,0.3275,0.495,0.696,0.289,0.4938,0.99,0.22,0.4812,0.956,0.1934, 0.4036,0.698,0.1109, 0.3916,0.426,0.2104, 0.452,0.762,0.2385,0.4382,0.83,0.1787,0.4264,0.742,0.1453, 0.415,0.506,0.2668,0.415,0.296,0.3255,0.401,0.752,0.0812,0.4313,
0.4584,0.668,0.2318,0.4412,0.808,0.1913,0.4382,0.83,0.1787,0.415,0.506,0.2668, 0.4144,0.82,0.0919, 0.3874,0.582,0.1563, 0.5342,0.912,0.3212,0.498,0.942,0.2042,0.495,0.696,0.289, 0.4526,0.942,0.1358,0.3952,0.71,0.1271,0.388,0.286,0.2633,0.4651,
0.5342,0.912,0.3212,0.442,0.842,0.1547,0.4264,0.742,0.1453,0.415,0.296,0.3255, 0.3952,0.71,0.1271, 0.388,0.286,0.2633, 0.5028,0.628,0.3218,0.495,0.696,0.289,0.4938,0.99,0.22, 0.4776,0.36,0.4338,0.452,0.762,0.2385,0.3874,0.582,0.1563,0.3836,
0.5342,0.912,0.3212,0.5088,0.728,0.3275,0.4412,0.808,0.1913,0.428,0.628,0.204, 0.4264,0.742,0.1453, 0.401,0.752,0.0812, 0.4568,0.524,0.3299,0.452,0.762,0.2385,0.4382,0.83,0.1787, 0.4192,0.756,0.1509,0.415,0.296,0.3255,0.3874,0.582,0.1563,0.6308,
0.5088,0.728,0.3275,0.428,0.628,0.204,0.4192,0.756,0.1509,0.415,0.296,0.3255, 0.415,0.506,0.2668, 0.3874,0.582,0.1563, 0.5074,0.516,0.4458,0.4938,0.99,0.22,0.4526,0.942,0.1358, 0.4412,0.808,0.1913,0.4382,0.83,0.1787,0.3916,0.426,0.2104,0.5167,
0.4776,0.36,0.4338,0.4584,0.668,0.2318,0.4526,0.942,0.1358,0.4412,0.808,0.1913, 0.415,0.296,0.3255, 0.4144,0.82,0.0919, 0.4382,0.83,0.1787,0.438,0.62,0.2473,0.415,0.506,0.2668, 0.4036,0.698,0.1109,0.3952,0.71,0.1271,0.3874,0.582,0.1563,0.5146,
0.5028,0.628,0.3218,0.4776,0.36,0.4338,0.4526,0.942,0.1358,0.401,0.752,0.0812, 0.3874,0.582,0.1563, 0.3792,0.094,0.287, 0.5342,0.912,0.3212,0.519,0.124,0.5556,0.4568,0.524,0.3299, 0.415,0.296,0.3255,0.4036,0.698,0.1109,0.3952,0.71,0.1271,0.5578,
0.519,0.124,0.5556,0.5088,0.728,0.3275,0.4776,0.36,0.4338,0.4526,0.942,0.1358, 0.4412,0.808,0.1913, 0.3792,0.094,0.287, 0.4812,0.956,0.1934,0.452,0.762,0.2385,0.428,0.628,0.204, 0.415,0.506,0.2668,0.4144,0.82,0.0919,0.3952,0.71,0.1271,0.4954,
0.5028,0.628,0.3218,0.498,0.942,0.2042,0.4526,0.942,0.1358,0.4382,0.83,0.1787, 0.428,0.628,0.204, 0.4144,0.82,0.0919, 0.495,0.696,0.289,0.4412,0.808,0.1913,0.4192,0.756,0.1509, 0.415,0.506,0.2668,0.3916,0.426,0.2104,0.3792,0.094,0.287,0.5022,
0.5088,0.728,0.3275,0.495,0.696,0.289,0.4412,0.808,0.1913,0.428,0.628,0.204, 0.3916,0.426,0.2104, 0.3874,0.582,0.1563, 0.519,0.124,0.5556,0.5028,0.628,0.3218,0.498,0.942,0.2042, 0.452,0.762,0.2385,0.415,0.296,0.3255,0.4036,0.698,0.1109,0.6403,
0.498,0.942,0.2042,0.4584,0.668,0.2318,0.4568,0.524,0.3299,0.3916,0.426,0.2104, 0.388,0.286,0.2633, 0.3874,0.582,0.1563, 0.519,0.124,0.5556,0.4812,0.956,0.1934,0.4776,0.36,0.4338, 0.452,0.762,0.2385,0.4264,0.742,0.1453,0.415,0.506,0.2668,0.3632,
0.5074,0.516,0.4458,0.4584,0.668,0.2318,0.4036,0.698,0.1109,0.3952,0.71,0.1271, 0.3916,0.426,0.2104, 0.3792,0.094,0.287, 0.495,0.696,0.289,0.4776,0.36,0.4338,0.442,0.842,0.1547, 0.4264,0.742,0.1453,0.4192,0.756,0.1509,0.415,0.506,0.2668,0.5365,
0.5342,0.912,0.3212,0.4938,0.99,0.22,0.4584,0.668,0.2318,0.4568,0.524,0.3299, 0.452,0.762,0.2385, 0.3792,0.094,0.287, 0.495,0.696,0.289,0.4812,0.956,0.1934,0.4526,0.942,0.1358, 0.4192,0.756,0.1509,0.4036,0.698,0.1109,0.401,0.752,0.0812,0.5296,
0.5074,0.516,0.4458,0.4526,0.942,0.1358,0.4412,0.808,0.1913,0.415,0.296,0.3255, 0.3952,0.71,0.1271, 0.3916,0.426,0.2104, 0.5342,0.912,0.3212,0.5088,0.728,0.3275,0.4776,0.36,0.4338, 0.442,0.842,0.1547,0.4382,0.83,0.1787,0.3874,0.582,0.1563,0.47,
0.5342,0.912,0.3212,0.4264,0.742,0.1453,0.415,0.506,0.2668,0.415,0.296,0.3255, 0.401,0.752,0.0812, 0.388,0.286,0.2633, 0.495,0.696,0.289,0.4812,0.956,0.1934,0.4776,0.36,0.4338, 0.4584,0.668,0.2318,0.4382,0.83,0.1787,0.3916,0.426,0.2104,0.5381,
0.4584,0.668,0.2318,0.4526,0.942,0.1358,0.452,0.762,0.2385,0.4412,0.808,0.1913, 0.428,0.628,0.204, 0.3952,0.71,0.1271, 0.4382,0.83,0.1787,0.4264,0.742,0.1453,0.415,0.506,0.2668, 0.415,0.296,0.3255,0.4144,0.82,0.0919,0.3916,0.426,0.2104,0.6265,
0.5088,0.728,0.3275,0.4584,0.668,0.2318,0.4526,0.942,0.1358,0.4144,0.82,0.0919, 0.388,0.286,0.2633, 0.3792,0.094,0.287, 0.498,0.942,0.2042,0.4812,0.956,0.1934,0.4776,0.36,0.4338, 0.4382,0.83,0.1787,0.415,0.506,0.2668,0.4036,0.698,0.1109,0.5544,
0.5074,0.516,0.4458,0.452,0.762,0.2385,0.442,0.842,0.1547,0.415,0.296,0.3255, 0.4036,0.698,0.1109, 0.3952,0.71,0.1271, 0.5342,0.912,0.3212,0.4938,0.99,0.22,0.4812,0.956,0.1934, 0.4382,0.83,0.1787,0.438,0.62,0.2473,0.4144,0.82,0.0919,0.4765,
0.519,0.124,0.5556,0.5028,0.628,0.3218,0.498,0.942,0.2042,0.4938,0.99,0.22, 0.4812,0.956,0.1934, 0.401,0.752,0.0812, 0.5088,0.728,0.3275,0.5074,0.516,0.4458,0.452,0.762,0.2385, 0.438,0.62,0.2473,0.4264,0.742,0.1453,0.4036,0.698,0.1109,0.6574,
0.5342,0.912,0.3212,0.5088,0.728,0.3275,0.4584,0.668,0.2318,0.452,0.762,0.2385, 0.4192,0.756,0.1509, 0.4144,0.82,0.0919, 0.5074,0.516,0.4458,0.4812,0.956,0.1934,0.4526,0.942,0.1358, 0.3952,0.71,0.1271,0.388,0.286,0.2633,0.3792,0.094,0.287,0.479,
0.4526,0.942,0.1358,0.4412,0.808,0.1913,0.428,0.628,0.204,0.4192,0.756,0.1509, 0.388,0.286,0.2633, 0.3792,0.094,0.287, 0.5074,0.516,0.4458,0.495,0.696,0.289,0.4584,0.668,0.2318, 0.4382,0.83,0.1787,0.4264,0.742,0.1453,0.4144,0.82,0.0919,0.334,
0.498,0.942,0.2042,0.4938,0.99,0.22,0.4526,0.942,0.1358,0.3952,0.71,0.1271, 0.388,0.286,0.2633, 0.3792,0.094,0.287, 0.5074,0.516,0.4458,0.5028,0.628,0.3218,0.4584,0.668,0.2318, 0.4382,0.83,0.1787,0.4264,0.742,0.1453,0.415,0.506,0.2668,0.5335,
0.5028,0.628,0.3218,0.495,0.696,0.289,0.4526,0.942,0.1358,0.442,0.842,0.1547, 0.438,0.62,0.2473, 0.4036,0.698,0.1109, 0.519,0.124,0.5556,0.4192,0.756,0.1509,0.4144,0.82,0.0919, 0.3916,0.426,0.2104,0.3874,0.582,0.1563,0.3792,0.094,0.287,0.3604,
0.5028,0.628,0.3218,0.495,0.696,0.289,0.4144,0.82,0.0919,0.4036,0.698,0.1109, 0.401,0.752,0.0812, 0.388,0.286,0.2633, 0.519,0.124,0.5556,0.4938,0.99,0.22,0.452,0.762,0.2385, 0.4412,0.808,0.1913,0.428,0.628,0.204,0.3792,0.094,0.287,0.5309,
0.5088,0.728,0.3275,0.4812,0.956,0.1934,0.452,0.762,0.2385,0.438,0.62,0.2473, 0.4144,0.82,0.0919, 0.3874,0.582,0.1563, 0.4584,0.668,0.2318,0.4568,0.524,0.3299,0.4526,0.942,0.1358, 0.415,0.296,0.3255,0.401,0.752,0.0812,0.3952,0.71,0.1271,0.6575,
0.519,0.124,0.5556,0.5074,0.516,0.4458,0.498,0.942,0.2042,0.438,0.62,0.2473, 0.4264,0.742,0.1453, 0.388,0.286,0.2633, 0.4938,0.99,0.22,0.4568,0.524,0.3299,0.4382,0.83,0.1787, 0.415,0.506,0.2668,0.4144,0.82,0.0919,0.3792,0.094,0.287,0.5336,
0.5088,0.728,0.3275,0.442,0.842,0.1547,0.415,0.296,0.3255,0.415,0.506,0.2668, 0.388,0.286,0.2633, 0.3792,0.094,0.287, 0.5074,0.516,0.4458,0.4938,0.99,0.22,0.4526,0.942,0.1358, 0.428,0.628,0.204,0.4192,0.756,0.1509,0.4036,0.698,0.1109,0.5342,
0.4776,0.36,0.4338,0.442,0.842,0.1547,0.428,0.628,0.204,0.4144,0.82,0.0919, 0.4036,0.698,0.1109, 0.3916,0.426,0.2104, 0.5028,0.628,0.3218,0.498,0.942,0.2042,0.4568,0.524,0.3299, 0.4526,0.942,0.1358,0.4192,0.756,0.1509,0.401,0.752,0.0812,0.52,
0.4812,0.956,0.1934,0.4526,0.942,0.1358,0.4412,0.808,0.1913,0.438,0.62,0.2473, 0.428,0.628,0.204, 0.401,0.752,0.0812, 0.498,0.942,0.2042,0.495,0.696,0.289,0.4776,0.36,0.4338, 0.4568,0.524,0.3299,0.415,0.506,0.2668,0.415,0.296,0.3255,0.6066,
0.519,0.124,0.5556,0.5028,0.628,0.3218,0.452,0.762,0.2385,0.428,0.628,0.204, 0.4264,0.742,0.1453, 0.3916,0.426,0.2104, 0.5088,0.728,0.3275,0.4382,0.83,0.1787,0.415,0.296,0.3255, 0.4144,0.82,0.0919,0.3874,0.582,0.1563,0.3792,0.094,0.287,0.5295,
0.5028,0.628,0.3218,0.4812,0.956,0.1934,0.4776,0.36,0.4338,0.4526,0.942,0.1358, 0.452,0.762,0.2385, 0.415,0.506,0.2668, 0.519,0.124,0.5556,0.442,0.842,0.1547,0.428,0.628,0.204, 0.4264,0.742,0.1453,0.4192,0.756,0.1509,0.3874,0.582,0.1563,0.4374,
0.519,0.124,0.5556,0.4938,0.99,0.22,0.4382,0.83,0.1787,0.4192,0.756,0.1509, 0.415,0.506,0.2668, 0.4144,0.82,0.0919, 0.5342,0.912,0.3212,0.438,0.62,0.2473,0.428,0.628,0.204, 0.3952,0.71,0.1271,0.3916,0.426,0.2104,0.388,0.286,0.2633,0.6185,
0.4812,0.956,0.1934,0.4526,0.942,0.1358,0.415,0.506,0.2668,0.4036,0.698,0.1109, 0.3916,0.426,0.2104, 0.3874,0.582,0.1563, 0.519,0.124,0.5556,0.498,0.942,0.2042,0.452,0.762,0.2385, 0.438,0.62,0.2473,0.428,0.628,0.204,0.4144,0.82,0.0919,0.3943,
0.5028,0.628,0.3218,0.498,0.942,0.2042,0.4938,0.99,0.22,0.4776,0.36,0.4338, 0.4584,0.668,0.2318, 0.4382,0.83,0.1787, 0.5074,0.516,0.4458,0.4812,0.956,0.1934,0.4568,0.524,0.3299, 0.442,0.842,0.1547,0.4264,0.742,0.1453,0.388,0.286,0.2633,0.5682,
0.519,0.124,0.5556,0.495,0.696,0.289,0.4412,0.808,0.1913,0.415,0.296,0.3255, 0.401,0.752,0.0812, 0.3952,0.71,0.1271, 0.4812,0.956,0.1934,0.4584,0.668,0.2318,0.415,0.506,0.2668, 0.3916,0.426,0.2104,0.3874,0.582,0.1563,0.3792,0.094,0.287,0.5648,
0.5088,0.728,0.3275,0.4812,0.956,0.1934,0.4776,0.36,0.4338,0.4192,0.756,0.1509, 0.415,0.296,0.3255, 0.401,0.752,0.0812, 0.5342,0.912,0.3212,0.5028,0.628,0.3218,0.498,0.942,0.2042, 0.4938,0.99,0.22,0.4382,0.83,0.1787,0.415,0.506,0.2668,0.4604,
0.5028,0.628,0.3218,0.4776,0.36,0.4338,0.452,0.762,0.2385,0.4144,0.82,0.0919, 0.401,0.752,0.0812, 0.3792,0.094,0.287, 0.519,0.124,0.5556,0.5088,0.728,0.3275,0.498,0.942,0.2042, 0.4568,0.524,0.3299,0.4382,0.83,0.1787,0.3916,0.426,0.2104,0.4033,
0.5342,0.912,0.3212,0.5028,0.628,0.3218,0.4584,0.668,0.2318,0.4568,0.524,0.3299, 0.452,0.762,0.2385, 0.388,0.286,0.2633, 0.519,0.124,0.5556,0.498,0.942,0.2042,0.4382,0.83,0.1787, 0.428,0.628,0.204,0.4036,0.698,0.1109,0.3874,0.582,0.1563,0.5942,
0.5342,0.912,0.3212,0.498,0.942,0.2042,0.4812,0.956,0.1934,0.415,0.296,0.3255, 0.415,0.506,0.2668, 0.4144,0.82,0.0919, 0.5028,0.628,0.3218,0.4526,0.942,0.1358,0.452,0.762,0.2385, 0.428,0.628,0.204,0.3916,0.426,0.2104,0.388,0.286,0.2633,0.5429,
0.5074,0.516,0.4458,0.5028,0.628,0.3218,0.498,0.942,0.2042,0.4412,0.808,0.1913, 0.4192,0.756,0.1509, 0.4144,0.82,0.0919, 0.5088,0.728,0.3275,0.4526,0.942,0.1358,0.452,0.762,0.2385, 0.442,0.842,0.1547,0.4036,0.698,0.1109,0.388,0.286,0.2633,0.6093,
0.519,0.124,0.5556,0.5088,0.728,0.3275,0.4938,0.99,0.22,0.4812,0.956,0.1934, 0.4382,0.83,0.1787, 0.3916,0.426,0.2104, 0.4568,0.524,0.3299,0.452,0.762,0.2385,0.4412,0.808,0.1913, 0.438,0.62,0.2473,0.428,0.628,0.204,0.4144,0.82,0.0919,0.4558,
0.5342,0.912,0.3212,0.495,0.696,0.289,0.4264,0.742,0.1453,0.4192,0.756,0.1509, 0.415,0.296,0.3255, 0.3916,0.426,0.2104, 0.519,0.124,0.5556,0.5088,0.728,0.3275,0.498,0.942,0.2042, 0.4568,0.524,0.3299,0.4382,0.83,0.1787,0.4036,0.698,0.1109,0.5857,
0.495,0.696,0.289,0.4938,0.99,0.22,0.4812,0.956,0.1934,0.401,0.752,0.0812, 0.3916,0.426,0.2104, 0.3874,0.582,0.1563, 0.5074,0.516,0.4458,0.5028,0.628,0.3218,0.4776,0.36,0.4338, 0.4382,0.83,0.1787,0.415,0.296,0.3255,0.388,0.286,0.2633,0.6594,
0.5088,0.728,0.3275,0.4776,0.36,0.4338,0.4526,0.942,0.1358,0.4382,0.83,0.1787, 0.438,0.62,0.2473, 0.4036,0.698,0.1109, 0.498,0.942,0.2042,0.442,0.842,0.1547,0.4412,0.808,0.1913, 0.401,0.752,0.0812,0.388,0.286,0.2633,0.3792,0.094,0.287,0.4081,
0.5342,0.912,0.3212,0.519,0.124,0.5556,0.4812,0.956,0.1934,0.4382,0.83,0.1787, 0.4144,0.82,0.0919, 0.4036,0.698,0.1109, 0.498,0.942,0.2042,0.4264,0.742,0.1453,0.4192,0.756,0.1509, 0.415,0.296,0.3255,0.415,0.506,0.2668,0.3874,0.582,0.1563,0.3743,
0.5074,0.516,0.4458,0.495,0.696,0.289,0.4938,0.99,0.22,0.4526,0.942,0.1358, 0.452,0.762,0.2385, 0.428,0.628,0.204, 0.498,0.942,0.2042,0.4812,0.956,0.1934,0.4776,0.36,0.4338, 0.415,0.296,0.3255,0.4144,0.82,0.0919,0.4036,0.698,0.1109,0.5144,
0.519,0.124,0.5556,0.4938,0.99,0.22,0.438,0.62,0.2473,0.428,0.628,0.204, 0.4036,0.698,0.1109, 0.388,0.286,0.2633, 0.5074,0.516,0.4458,0.498,0.942,0.2042,0.495,0.696,0.289, 0.4568,0.524,0.3299,0.452,0.762,0.2385,0.442,0.842,0.1547,0.4071,
0.5342,0.912,0.3212,0.5028,0.628,0.3218,0.498,0.942,0.2042,0.401,0.752,0.0812, 0.3952,0.71,0.1271, 0.3916,0.426,0.2104, 0.5074,0.516,0.4458,0.4938,0.99,0.22,0.4776,0.36,0.4338, 0.4584,0.668,0.2318,0.4412,0.808,0.1913,0.415,0.296,0.3255,0.6214,
0.5342,0.912,0.3212,0.452,0.762,0.2385,0.428,0.628,0.204,0.415,0.506,0.2668, 0.3874,0.582,0.1563, 0.3792,0.094,0.287, 0.519,0.124,0.5556,0.498,0.942,0.2042,0.4812,0.956,0.1934, 0.4776,0.36,0.4338,0.4412,0.808,0.1913,0.401,0.752,0.0812,0.4204,
0.4812,0.956,0.1934,0.452,0.762,0.2385,0.4382,0.83,0.1787,0.4192,0.756,0.1509, 0.415,0.296,0.3255, 0.3916,0.426,0.2104, 0.5342,0.912,0.3212,0.498,0.942,0.2042,0.4776,0.36,0.4338, 0.4526,0.942,0.1358,0.428,0.628,0.204,0.388,0.286,0.2633,0.5372,
0.4584,0.668,0.2318,0.4526,0.942,0.1358,0.438,0.62,0.2473,0.415,0.506,0.2668, 0.4036,0.698,0.1109, 0.3952,0.71,0.1271, 0.5028,0.628,0.3218,0.498,0.942,0.2042,0.495,0.696,0.289, 0.4776,0.36,0.4338,0.428,0.628,0.204,0.4144,0.82,0.0919,0.3482,
0.5342,0.912,0.3212,0.4812,0.956,0.1934,0.4776,0.36,0.4338,0.4584,0.668,0.2318, 0.4526,0.942,0.1358, 0.428,0.628,0.204, 0.498,0.942,0.2042,0.4938,0.99,0.22,0.452,0.762,0.2385, 0.4382,0.83,0.1787,0.415,0.296,0.3255,0.388,0.286,0.2633,0.6281,
0.5342,0.912,0.3212,0.498,0.942,0.2042,0.4776,0.36,0.4338,0.442,0.842,0.1547, 0.4412,0.808,0.1913, 0.4382,0.83,0.1787, 0.4938,0.99,0.22,0.4812,0.956,0.1934,0.452,0.762,0.2385, 0.415,0.296,0.3255,0.4144,0.82,0.0919,0.4036,0.698,0.1109,0.4605,
0.5074,0.516,0.4458,0.498,0.942,0.2042,0.4412,0.808,0.1913,0.4264,0.742,0.1453, 0.415,0.506,0.2668, 0.3916,0.426,0.2104, 0.519,0.124,0.5556,0.5088,0.728,0.3275,0.5028,0.628,0.3218, 0.4938,0.99,0.22,0.4382,0.83,0.1787,0.4036,0.698,0.1109,0.5412,
0.4938,0.99,0.22,0.452,0.762,0.2385,0.4192,0.756,0.1509,0.415,0.506,0.2668, 0.4144,0.82,0.0919, 0.401,0.752,0.0812, 0.519,0.124,0.5556,0.5074,0.516,0.4458,0.4776,0.36,0.4338, 0.4526,0.942,0.1358,0.4036,0.698,0.1109,0.3792,0.094,0.287,0.6308,
0.4938,0.99,0.22,0.4584,0.668,0.2318,0.4568,0.524,0.3299,0.4264,0.742,0.1453, 0.3952,0.71,0.1271, 0.3916,0.426,0.2104, 0.5074,0.516,0.4458,0.4812,0.956,0.1934,0.4776,0.36,0.4338, 0.438,0.62,0.2473,0.4192,0.756,0.1509,0.3874,0.582,0.1563,0.6495,
0.519,0.124,0.5556,0.4812,0.956,0.1934,0.438,0.62,0.2473,0.428,0.628,0.204, 0.401,0.752,0.0812, 0.3874,0.582,0.1563, 0.5074,0.516,0.4458,0.498,0.942,0.2042,0.4938,0.99,0.22, 0.4526,0.942,0.1358,0.415,0.296,0.3255,0.3952,0.71,0.1271,0.5968,
0.5088,0.728,0.3275,0.5074,0.516,0.4458,0.4568,0.524,0.3299,0.442,0.842,0.1547, 0.3916,0.426,0.2104, 0.3792,0.094,0.287, 0.4812,0.956,0.1934,0.4526,0.942,0.1358,0.415,0.296,0.3255, 0.415,0.506,0.2668,0.3952,0.71,0.1271,0.388,0.286,0.2633,0.63,
0.5342,0.912,0.3212,0.519,0.124,0.5556,0.495,0.696,0.289,0.415,0.296,0.3255, 0.3952,0.71,0.1271, 0.3792,0.094,0.287, 0.4812,0.956,0.1934,0.4526,0.942,0.1358,0.452,0.762,0.2385, 0.428,0.628,0.204,0.3916,0.426,0.2104,0.388,0.286,0.2633,0.6339,
0.5342,0.912,0.3212,0.5028,0.628,0.3218,0.498,0.942,0.2042,0.4812,0.956,0.1934, 0.4776,0.36,0.4338, 0.4264,0.742,0.1453, 0.519,0.124,0.5556,0.495,0.696,0.289,0.4412,0.808,0.1913, 0.4382,0.83,0.1787,0.415,0.506,0.2668,0.401,0.752,0.0812,0.4229,
0.5088,0.728,0.3275,0.495,0.696,0.289,0.4526,0.942,0.1358,0.452,0.762,0.2385, 0.442,0.842,0.1547, 0.4382,0.83,0.1787, 0.498,0.942,0.2042,0.4812,0.956,0.1934,0.428,0.628,0.204, 0.4192,0.756,0.1509,0.3916,0.426,0.2104,0.3874,0.582,0.1563,0.4206,
0.4776,0.36,0.4338,0.4568,0.524,0.3299,0.4526,0.942,0.1358,0.452,0.762,0.2385, 0.428,0.628,0.204, 0.3952,0.71,0.1271, 0.5342,0.912,0.3212,0.498,0.942,0.2042,0.4812,0.956,0.1934, 0.4584,0.668,0.2318,0.4412,0.808,0.1913,0.438,0.62,0.2473,0.5236,
0.5342,0.912,0.3212,0.4776,0.36,0.4338,0.4526,0.942,0.1358,0.428,0.628,0.204, 0.415,0.296,0.3255, 0.3874,0.582,0.1563, 0.4568,0.524,0.3299,0.442,0.842,0.1547,0.438,0.62,0.2473, 0.401,0.752,0.0812,0.3952,0.71,0.1271,0.388,0.286,0.2633,0.4582,
0.5088,0.728,0.3275,0.5028,0.628,0.3218,0.495,0.696,0.289,0.4264,0.742,0.1453, 0.415,0.296,0.3255, 0.3874,0.582,0.1563, 0.4938,0.99,0.22,0.438,0.62,0.2473,0.4192,0.756,0.1509, 0.415,0.506,0.2668,0.3952,0.71,0.1271,0.3792,0.094,0.287,0.5401,
0.519,0.124,0.5556,0.4938,0.99,0.22,0.4776,0.36,0.4338,0.4568,0.524,0.3299, 0.4526,0.942,0.1358, 0.415,0.296,0.3255, 0.495,0.696,0.289,0.4812,0.956,0.1934,0.4412,0.808,0.1913, 0.4382,0.83,0.1787,0.4144,0.82,0.0919,0.3874,0.582,0.1563,0.4886,
0.5342,0.912,0.3212,0.5028,0.628,0.3218,0.4264,0.742,0.1453,0.401,0.752,0.0812, 0.388,0.286,0.2633, 0.3874,0.582,0.1563, 0.5074,0.516,0.4458,0.498,0.942,0.2042,0.4776,0.36,0.4338, 0.4568,0.524,0.3299,0.4412,0.808,0.1913,0.4192,0.756,0.1509,0.3712,
0.5028,0.628,0.3218,0.4938,0.99,0.22,0.4382,0.83,0.1787,0.4036,0.698,0.1109, 0.401,0.752,0.0812, 0.3792,0.094,0.287, 0.519,0.124,0.5556,0.5074,0.516,0.4458,0.4776,0.36,0.4338, 0.4192,0.756,0.1509,0.415,0.296,0.3255,0.4144,0.82,0.0919,0.482,
0.4938,0.99,0.22,0.442,0.842,0.1547,0.428,0.628,0.204,0.415,0.296,0.3255, 0.4036,0.698,0.1109, 0.3792,0.094,0.287, 0.519,0.124,0.5556,0.5088,0.728,0.3275,0.4584,0.668,0.2318, 0.415,0.506,0.2668,0.3952,0.71,0.1271,0.3874,0.582,0.1563,0.6011,
0.5342,0.912,0.3212,0.5028,0.628,0.3218,0.495,0.696,0.289,0.452,0.762,0.2385, 0.4412,0.808,0.1913, 0.4264,0.742,0.1453, 0.519,0.124,0.5556,0.5074,0.516,0.4458,0.4812,0.956,0.1934, 0.4192,0.756,0.1509,0.3952,0.71,0.1271,0.3792,0.094,0.287,0.5803,
0.5342,0.912,0.3212,0.5074,0.516,0.4458,0.5028,0.628,0.3218,0.4938,0.99,0.22, 0.3952,0.71,0.1271, 0.3792,0.094,0.287, 0.5088,0.728,0.3275,0.495,0.696,0.289,0.4526,0.942,0.1358, 0.442,0.842,0.1547,0.428,0.628,0.204,0.388,0.286,0.2633,0.6552,
0.498,0.942,0.2042,0.4584,0.668,0.2318,0.442,0.842,0.1547,0.4382,0.83,0.1787, 0.401,0.752,0.0812, 0.388,0.286,0.2633, 0.5342,0.912,0.3212,0.519,0.124,0.5556,0.4526,0.942,0.1358, 0.452,0.762,0.2385,0.4144,0.82,0.0919,0.3792,0.094,0.287,0.6079,
0.519,0.124,0.5556,0.498,0.942,0.2042,0.4776,0.36,0.4338,0.452,0.762,0.2385, 0.4412,0.808,0.1913, 0.415,0.296,0.3255, 0.5074,0.516,0.4458,0.4568,0.524,0.3299,0.4526,0.942,0.1358, 0.4192,0.756,0.1509,0.415,0.506,0.2668,0.3916,0.426,0.2104,0.5721,
0.5088,0.728,0.3275,0.5074,0.516,0.4458,0.438,0.62,0.2473,0.428,0.628,0.204, 0.3916,0.426,0.2104, 0.3792,0.094,0.287, 0.5342,0.912,0.3212,0.519,0.124,0.5556,0.5028,0.628,0.3218, 0.4938,0.99,0.22,0.415,0.296,0.3255,0.3874,0.582,0.1563,0.4276,
0.5088,0.728,0.3275,0.5074,0.516,0.4458,0.442,0.842,0.1547,0.3952,0.71,0.1271, 0.3874,0.582,0.1563, 0.3792,0.094,0.287, 0.5342,0.912,0.3212,0.5028,0.628,0.3218,0.4776,0.36,0.4338, 0.4526,0.942,0.1358,0.452,0.762,0.2385,0.4192,0.756,0.1509,0.345,
0.519,0.124,0.5556,0.4812,0.956,0.1934,0.4776,0.36,0.4338,0.4584,0.668,0.2318, 0.4568,0.524,0.3299, 0.4264,0.742,0.1453, 0.5342,0.912,0.3212,0.5088,0.728,0.3275,0.428,0.628,0.204, 0.415,0.296,0.3255,0.3952,0.71,0.1271,0.3792,0.094,0.287,0.5413,
0.519,0.124,0.5556,0.5074,0.516,0.4458,0.5028,0.628,0.3218,0.4776,0.36,0.4338, 0.3952,0.71,0.1271, 0.388,0.286,0.2633, 0.4938,0.99,0.22,0.4568,0.524,0.3299,0.452,0.762,0.2385, 0.4412,0.808,0.1913,0.4264,0.742,0.1453,0.3792,0.094,0.287,0.6101,
0.5074,0.516,0.4458,0.498,0.942,0.2042,0.442,0.842,0.1547,0.4036,0.698,0.1109, 0.3916,0.426,0.2104, 0.3792,0.094,0.287, 0.5028,0.628,0.3218,0.495,0.696,0.289,0.4776,0.36,0.4338, 0.452,0.762,0.2385,0.428,0.628,0.204,0.3874,0.582,0.1563,0.5968,
0.5028,0.628,0.3218,0.4568,0.524,0.3299,0.415,0.506,0.2668,0.3952,0.71,0.1271, 0.3916,0.426,0.2104, 0.3874,0.582,0.1563, 0.5074,0.516,0.4458,0.4938,0.99,0.22,0.452,0.762,0.2385, 0.415,0.296,0.3255,0.401,0.752,0.0812,0.388,0.286,0.2633,0.6448,
0.5088,0.728,0.3275,0.498,0.942,0.2042,0.4568,0.524,0.3299,0.415,0.506,0.2668, 0.4036,0.698,0.1109, 0.3916,0.426,0.2104, 0.442,0.842,0.1547,0.438,0.62,0.2473,0.428,0.628,0.204, 0.4264,0.742,0.1453,0.4144,0.82,0.0919,0.401,0.752,0.0812,0.5681,
0.5028,0.628,0.3218,0.4812,0.956,0.1934,0.4144,0.82,0.0919,0.4036,0.698,0.1109, 0.401,0.752,0.0812, 0.388,0.286,0.2633, 0.519,0.124,0.5556,0.5088,0.728,0.3275,0.442,0.842,0.1547, 0.415,0.296,0.3255,0.415,0.506,0.2668,0.3952,0.71,0.1271,0.5516,
0.4584,0.668,0.2318,0.4264,0.742,0.1453,0.415,0.296,0.3255,0.4036,0.698,0.1109, 0.3916,0.426,0.2104, 0.3792,0.094,0.287, 0.498,0.942,0.2042,0.4776,0.36,0.4338,0.4382,0.83,0.1787, 0.428,0.628,0.204,0.4144,0.82,0.0919,0.3952,0.71,0.1271,0.3817,
0.5028,0.628,0.3218,0.4776,0.36,0.4338,0.452,0.762,0.2385,0.4412,0.808,0.1913, 0.438,0.62,0.2473, 0.3916,0.426,0.2104, 0.5342,0.912,0.3212,0.4584,0.668,0.2318,0.4264,0.742,0.1453, 0.4036,0.698,0.1109,0.3952,0.71,0.1271,0.3792,0.094,0.287,0.5564,
0.519,0.124,0.5556,0.5088,0.728,0.3275,0.495,0.696,0.289,0.4382,0.83,0.1787, 0.415,0.506,0.2668, 0.3792,0.094,0.287, 0.5074,0.516,0.4458,0.4412,0.808,0.1913,0.438,0.62,0.2473, 0.428,0.628,0.204,0.401,0.752,0.0812,0.3916,0.426,0.2104,0.617,
0.5342,0.912,0.3212,0.519,0.124,0.5556,0.498,0.942,0.2042,0.442,0.842,0.1547, 0.4192,0.756,0.1509, 0.3952,0.71,0.1271, 0.5088,0.728,0.3275,0.4776,0.36,0.4338,0.428,0.628,0.204, 0.4144,0.82,0.0919,0.3916,0.426,0.2104,0.388,0.286,0.2633,0.4289,
0.5028,0.628,0.3218,0.442,0.842,0.1547,0.4382,0.83,0.1787,0.4264,0.742,0.1453, 0.4036,0.698,0.1109, 0.3874,0.582,0.1563, 0.5088,0.728,0.3275,0.5074,0.516,0.4458,0.4584,0.668,0.2318, 0.4412,0.808,0.1913,0.415,0.296,0.3255,0.3952,0.71,0.1271,0.5165,
0.5028,0.628,0.3218,0.4584,0.668,0.2318,0.415,0.296,0.3255,0.4144,0.82,0.0919, 0.3952,0.71,0.1271, 0.388,0.286,0.2633, 0.5342,0.912,0.3212,0.495,0.696,0.289,0.442,0.842,0.1547, 0.428,0.628,0.204,0.415,0.506,0.2668,0.3916,0.426,0.2104,0.5575,
0.519,0.124,0.5556,0.5074,0.516,0.4458,0.4938,0.99,0.22,0.4526,0.942,0.1358, 0.415,0.296,0.3255, 0.401,0.752,0.0812, 0.4568,0.524,0.3299,0.452,0.762,0.2385,0.4382,0.83,0.1787, 0.438,0.62,0.2473,0.3874,0.582,0.1563,0.3792,0.094,0.287,0.3588,
0.5028,0.628,0.3218,0.4938,0.99,0.22,0.4526,0.942,0.1358,0.428,0.628,0.204, 0.401,0.752,0.0812, 0.3916,0.426,0.2104, 0.5342,0.912,0.3212,0.5074,0.516,0.4458,0.495,0.696,0.289, 0.4584,0.668,0.2318,0.4036,0.698,0.1109,0.3952,0.71,0.1271,0.5856,
0.5028,0.628,0.3218,0.4938,0.99,0.22,0.4526,0.942,0.1358,0.452,0.762,0.2385, 0.4192,0.756,0.1509, 0.388,0.286,0.2633, 0.519,0.124,0.5556,0.442,0.842,0.1547,0.428,0.628,0.204, 0.415,0.296,0.3255,0.3952,0.71,0.1271,0.3792,0.094,0.287,0.5674,
0.519,0.124,0.5556,0.442,0.842,0.1547,0.438,0.62,0.2473,0.428,0.628,0.204, 0.4264,0.742,0.1453, 0.401,0.752,0.0812, 0.5074,0.516,0.4458,0.5028,0.628,0.3218,0.4812,0.956,0.1934, 0.4526,0.942,0.1358,0.415,0.296,0.3255,0.3874,0.582,0.1563,0.6379,
0.4526,0.942,0.1358,0.452,0.762,0.2385,0.415,0.506,0.2668,0.415,0.296,0.3255, 0.4144,0.82,0.0919, 0.4036,0.698,0.1109, 0.5088,0.728,0.3275,0.5074,0.516,0.4458,0.4776,0.36,0.4338, 0.438,0.62,0.2473,0.4264,0.742,0.1453,0.401,0.752,0.0812,0.3966,
0.5088,0.728,0.3275,0.4938,0.99,0.22,0.4812,0.956,0.1934,0.4036,0.698,0.1109, 0.3952,0.71,0.1271, 0.3792,0.094,0.287, 0.5074,0.516,0.4458,0.5028,0.628,0.3218,0.498,0.942,0.2042, 0.452,0.762,0.2385,0.415,0.506,0.2668,0.401,0.752,0.0812,0.6193,
0.495,0.696,0.289,0.4812,0.956,0.1934,0.4192,0.756,0.1509,0.415,0.506,0.2668, 0.3874,0.582,0.1563, 0.3792,0.094,0.287, 0.519,0.124,0.5556,0.5028,0.628,0.3218,0.4526,0.942,0.1358, 0.442,0.842,0.1547,0.428,0.628,0.204,0.4264,0.742,0.1453,0.514,
0.5088,0.728,0.3275,0.5074,0.516,0.4458,0.5028,0.628,0.3218,0.4812,0.956,0.1934, 0.428,0.628,0.204, 0.4192,0.756,0.1509, 0.5342,0.912,0.3212,0.4776,0.36,0.4338,0.4526,0.942,0.1358, 0.4382,0.83,0.1787,0.4036,0.698,0.1109,0.3952,0.71,0.1271,0.608,
0.5028,0.628,0.3218,0.498,0.942,0.2042,0.452,0.762,0.2385,0.442,0.842,0.1547, 0.4264,0.742,0.1453, 0.4036,0.698,0.1109, 0.4776,0.36,0.4338,0.4382,0.83,0.1787,0.428,0.628,0.204, 0.3952,0.71,0.1271,0.3916,0.426,0.2104,0.388,0.286,0.2633,0.5204,
0.498,0.942,0.2042,0.4584,0.668,0.2318,0.415,0.506,0.2668,0.401,0.752,0.0812, 0.3916,0.426,0.2104, 0.3792,0.094,0.287, 0.5074,0.516,0.4458,0.4776,0.36,0.4338,0.4568,0.524,0.3299, 0.442,0.842,0.1547,0.428,0.628,0.204,0.4036,0.698,0.1109,0.3625,
0.5074,0.516,0.4458,0.495,0.696,0.289,0.4776,0.36,0.4338,0.415,0.296,0.3255, 0.401,0.752,0.0812, 0.3952,0.71,0.1271, 0.442,0.842,0.1547,0.4412,0.808,0.1913,0.438,0.62,0.2473, 0.428,0.628,0.204,0.4192,0.756,0.1509,0.4144,0.82,0.0919,0.6583,
0.5074,0.516,0.4458,0.4412,0.808,0.1913,0.428,0.628,0.204,0.4144,0.82,0.0919, 0.401,0.752,0.0812, 0.3916,0.426,0.2104, 0.5342,0.912,0.3212,0.519,0.124,0.5556,0.4938,0.99,0.22, 0.4568,0.524,0.3299,0.415,0.296,0.3255,0.3792,0.094,0.287,0.3498,
0.4938,0.99,0.22,0.4776,0.36,0.4338,0.4412,0.808,0.1913,0.438,0.62,0.2473, 0.428,0.628,0.204, 0.4192,0.756,0.1509, 0.519,0.124,0.5556,0.5028,0.628,0.3218,0.495,0.696,0.289, 0.4812,0.956,0.1934,0.452,0.762,0.2385,0.4264,0.742,0.1453,0.6204,
0.519,0.124,0.5556,0.4938,0.99,0.22,0.4412,0.808,0.1913,0.428,0.628,0.204, 0.415,0.506,0.2668, 0.415,0.296,0.3255, 0.4584,0.668,0.2318,0.4382,0.83,0.1787,0.438,0.62,0.2473, 0.4264,0.742,0.1453,0.3952,0.71,0.1271,0.3792,0.094,0.287,0.3943,
0.519,0.124,0.5556,0.498,0.942,0.2042,0.442,0.842,0.1547,0.4382,0.83,0.1787, 0.401,0.752,0.0812, 0.388,0.286,0.2633, 0.5342,0.912,0.3212,0.4938,0.99,0.22,0.4812,0.956,0.1934, 0.4412,0.808,0.1913,0.4264,0.742,0.1453,0.4192,0.756,0.1509,0.5853,
0.5074,0.516,0.4458,0.495,0.696,0.289,0.4812,0.956,0.1934,0.428,0.628,0.204, 0.401,0.752,0.0812, 0.3792,0.094,0.287, 0.442,0.842,0.1547,0.438,0.62,0.2473,0.4192,0.756,0.1509, 0.3952,0.71,0.1271,0.388,0.286,0.2633,0.3874,0.582,0.1563,0.4348,
0.519,0.124,0.5556,0.5074,0.516,0.4458,0.498,0.942,0.2042,0.4584,0.668,0.2318, 0.4382,0.83,0.1787, 0.3952,0.71,0.1271, 0.4938,0.99,0.22,0.4812,0.956,0.1934,0.4568,0.524,0.3299, 0.4264,0.742,0.1453,0.4036,0.698,0.1109,0.401,0.752,0.0812,0.5111,
0.5088,0.728,0.3275,0.4776,0.36,0.4338,0.4264,0.742,0.1453,0.415,0.506,0.2668, 0.3952,0.71,0.1271, 0.3916,0.426,0.2104, 0.5342,0.912,0.3212,0.5028,0.628,0.3218,0.4938,0.99,0.22, 0.452,0.762,0.2385,0.3874,0.582,0.1563,0.3792,0.094,0.287,0.6453,
0.5088,0.728,0.3275,0.495,0.696,0.289,0.4584,0.668,0.2318,0.442,0.842,0.1547, 0.415,0.296,0.3255, 0.415,0.506,0.2668, 0.5342,0.912,0.3212,0.5028,0.628,0.3218,0.498,0.942,0.2042, 0.4776,0.36,0.4338,0.4382,0.83,0.1787,0.4264,0.742,0.1453,0.593,
0.519,0.124,0.5556,0.5088,0.728,0.3275,0.4584,0.668,0.2318,0.4568,0.524,0.3299, 0.4412,0.808,0.1913, 0.3792,0.094,0.287, 0.4812,0.956,0.1934,0.4526,0.942,0.1358,0.428,0.628,0.204, 0.415,0.296,0.3255,0.4144,0.82,0.0919,0.401,0.752,0.0812,0.4805,
0.4812,0.956,0.1934,0.4776,0.36,0.4338,0.442,0.842,0.1547,0.3952,0.71,0.1271, 0.3874,0.582,0.1563, 0.3792,0.094,0.287, 0.519,0.124,0.5556,0.495,0.696,0.289,0.4938,0.99,0.22, 0.4584,0.668,0.2318,0.428,0.628,0.204,0.4144,0.82,0.0919,0.3709,
0.519,0.124,0.5556,0.4412,0.808,0.1913,0.4382,0.83,0.1787,0.438,0.62,0.2473, 0.428,0.628,0.204, 0.3874,0.582,0.1563, 0.4812,0.956,0.1934,0.4584,0.668,0.2318,0.442,0.842,0.1547, 0.4036,0.698,0.1109,0.401,0.752,0.0812,0.3792,0.094,0.287,0.5961,
0.5088,0.728,0.3275,0.495,0.696,0.289,0.4812,0.956,0.1934,0.4584,0.668,0.2318, 0.4264,0.742,0.1453, 0.3952,0.71,0.1271, 0.519,0.124,0.5556,0.442,0.842,0.1547,0.4382,0.83,0.1787, 0.4192,0.756,0.1509,0.401,0.752,0.0812,0.3792,0.094,0.287,0.5143,
0.519,0.124,0.5556,0.495,0.696,0.289,0.452,0.762,0.2385,0.415,0.296,0.3255, 0.415,0.506,0.2668, 0.4144,0.82,0.0919, 0.498,0.942,0.2042,0.4412,0.808,0.1913,0.4264,0.742,0.1453, 0.4192,0.756,0.1509,0.401,0.752,0.0812,0.3916,0.426,0.2104,0.5412,
0.498,0.942,0.2042,0.4938,0.99,0.22,0.4584,0.668,0.2318,0.438,0.62,0.2473, 0.4264,0.742,0.1453, 0.4036,0.698,0.1109, 0.5028,0.628,0.3218,0.452,0.762,0.2385,0.415,0.506,0.2668, 0.4144,0.82,0.0919,0.3916,0.426,0.2104,0.3792,0.094,0.287,0.5597,
0.5074,0.516,0.4458,0.498,0.942,0.2042,0.438,0.62,0.2473,0.415,0.506,0.2668, 0.3952,0.71,0.1271, 0.3792,0.094,0.287, 0.519,0.124,0.5556,0.495,0.696,0.289,0.4812,0.956,0.1934, 0.4776,0.36,0.4338,0.4526,0.942,0.1358,0.3916,0.426,0.2104,0.5327,
0.5074,0.516,0.4458,0.4776,0.36,0.4338,0.4584,0.668,0.2318,0.4412,0.808,0.1913, 0.438,0.62,0.2473, 0.428,0.628,0.204, 0.495,0.696,0.289,0.4568,0.524,0.3299,0.442,0.842,0.1547, 0.415,0.296,0.3255,0.4036,0.698,0.1109,0.401,0.752,0.0812,0.4778,
0.519,0.124,0.5556,0.5028,0.628,0.3218,0.4568,0.524,0.3299,0.4264,0.742,0.1453, 0.4144,0.82,0.0919, 0.3874,0.582,0.1563, 0.4776,0.36,0.4338,0.4584,0.668,0.2318,0.415,0.506,0.2668, 0.4036,0.698,0.1109,0.3952,0.71,0.1271,0.3792,0.094,0.287,0.5349,
0.5342,0.912,0.3212,0.498,0.942,0.2042,0.4526,0.942,0.1358,0.415,0.506,0.2668, 0.4144,0.82,0.0919, 0.4036,0.698,0.1109, 0.519,0.124,0.5556,0.5074,0.516,0.4458,0.4776,0.36,0.4338, 0.4568,0.524,0.3299,0.4382,0.83,0.1787,0.428,0.628,0.204,0.563,
0.5342,0.912,0.3212,0.4568,0.524,0.3299,0.415,0.506,0.2668,0.4036,0.698,0.1109, 0.388,0.286,0.2633, 0.3792,0.094,0.287, 0.5074,0.516,0.4458,0.5028,0.628,0.3218,0.4584,0.668,0.2318, 0.452,0.762,0.2385,0.442,0.842,0.1547,0.4264,0.742,0.1453,0.4023,
0.5028,0.628,0.3218,0.4938,0.99,0.22,0.4584,0.668,0.2318,0.4568,0.524,0.3299, 0.4526,0.942,0.1358, 0.438,0.62,0.2473, 0.498,0.942,0.2042,0.495,0.696,0.289,0.4382,0.83,0.1787, 0.428,0.628,0.204,0.388,0.286,0.2633,0.3792,0.094,0.287,0.4277,
0.5088,0.728,0.3275,0.498,0.942,0.2042,0.4812,0.956,0.1934,0.4382,0.83,0.1787, 0.401,0.752,0.0812, 0.3916,0.426,0.2104, 0.519,0.124,0.5556,0.4568,0.524,0.3299,0.442,0.842,0.1547, 0.4036,0.698,0.1109,0.388,0.286,0.2633,0.3792,0.094,0.287,0.6011,
0.5342,0.912,0.3212,0.438,0.62,0.2473,0.4192,0.756,0.1509,0.401,0.752,0.0812, 0.3952,0.71,0.1271, 0.3916,0.426,0.2104, 0.519,0.124,0.5556,0.4776,0.36,0.4338,0.4584,0.668,0.2318, 0.4412,0.808,0.1913,0.428,0.628,0.204,0.415,0.506,0.2668,0.5003,
0.4938,0.99,0.22,0.4584,0.668,0.2318,0.4412,0.808,0.1913,0.428,0.628,0.204, 0.4264,0.742,0.1453, 0.388,0.286,0.2633, 0.438,0.62,0.2473,0.4192,0.756,0.1509,0.415,0.296,0.3255, 0.4144,0.82,0.0919,0.401,0.752,0.0812,0.3916,0.426,0.2104,0.5253,
0.519,0.124,0.5556,0.495,0.696,0.289,0.4526,0.942,0.1358,0.4264,0.742,0.1453, 0.4036,0.698,0.1109, 0.3792,0.094,0.287, 0.5342,0.912,0.3212,0.5088,0.728,0.3275,0.4776,0.36,0.4338, 0.4584,0.668,0.2318,0.415,0.506,0.2668,0.401,0.752,0.0812,0.5057,
0.4568,0.524,0.3299,0.4412,0.808,0.1913,0.438,0.62,0.2473,0.4264,0.742,0.1453, 0.415,0.296,0.3255, 0.3916,0.426,0.2104, 0.5342,0.912,0.3212,0.5088,0.728,0.3275,0.4938,0.99,0.22, 0.4382,0.83,0.1787,0.4144,0.82,0.0919,0.3792,0.094,0.287,0.4647,
0.5028,0.628,0.3218,0.4812,0.956,0.1934,0.4776,0.36,0.4338,0.4264,0.742,0.1453, 0.3952,0.71,0.1271, 0.3916,0.426,0.2104, 0.519,0.124,0.5556,0.5074,0.516,0.4458,0.4938,0.99,0.22, 0.4568,0.524,0.3299,0.4192,0.756,0.1509,0.4036,0.698,0.1109,0.574,
0.5342,0.912,0.3212,0.4776,0.36,0.4338,0.452,0.762,0.2385,0.401,0.752,0.0812, 0.3952,0.71,0.1271, 0.3874,0.582,0.1563, 0.4584,0.668,0.2318,0.442,0.842,0.1547,0.4382,0.83,0.1787, 0.4264,0.742,0.1453,0.415,0.296,0.3255,0.3792,0.094,0.287,0.6494,
0.5074,0.516,0.4458,0.4938,0.99,0.22,0.4584,0.668,0.2318,0.4526,0.942,0.1358, 0.415,0.506,0.2668, 0.4036,0.698,0.1109, 0.5028,0.628,0.3218,0.4568,0.524,0.3299,0.452,0.762,0.2385, 0.401,0.752,0.0812,0.3874,0.582,0.1563,0.3792,0.094,0.287,0.4853,
0.495,0.696,0.289,0.4584,0.668,0.2318,0.452,0.762,0.2385,0.4382,0.83,0.1787, 0.4144,0.82,0.0919, 0.388,0.286,0.2633, 0.5088,0.728,0.3275,0.5074,0.516,0.4458,0.5028,0.628,0.3218, 0.4568,0.524,0.3299,0.428,0.628,0.204,0.401,0.752,0.0812,0.5313,
0.519,0.124,0.5556,0.498,0.942,0.2042,0.4812,0.956,0.1934,0.428,0.628,0.204, 0.415,0.296,0.3255, 0.3952,0.71,0.1271, 0.4776,0.36,0.4338,0.452,0.762,0.2385,0.4382,0.83,0.1787, 0.438,0.62,0.2473,0.3916,0.426,0.2104,0.3792,0.094,0.287,0.6146,
0.519,0.124,0.5556,0.5074,0.516,0.4458,0.4812,0.956,0.1934,0.4264,0.742,0.1453, 0.4036,0.698,0.1109, 0.3874,0.582,0.1563, 0.4584,0.668,0.2318,0.452,0.762,0.2385,0.4412,0.808,0.1913, 0.428,0.628,0.204,0.415,0.296,0.3255,0.388,0.286,0.2633,0.6411,
0.5074,0.516,0.4458,0.4938,0.99,0.22,0.4568,0.524,0.3299,0.4412,0.808,0.1913, 0.4264,0.742,0.1453, 0.415,0.506,0.2668, 0.5342,0.912,0.3212,0.519,0.124,0.5556,0.5088,0.728,0.3275, 0.495,0.696,0.289,0.4776,0.36,0.4338,0.4144,0.82,0.0919,0.5391,
0.5028,0.628,0.3218,0.498,0.942,0.2042,0.4938,0.99,0.22,0.442,0.842,0.1547, 0.428,0.628,0.204, 0.415,0.296,0.3255, 0.4584,0.668,0.2318,0.4526,0.942,0.1358,0.4412,0.808,0.1913, 0.438,0.62,0.2473,0.388,0.286,0.2633,0.3792,0.094,0.287,0.3636,
0.5342,0.912,0.3212,0.519,0.124,0.5556,0.4584,0.668,0.2318,0.442,0.842,0.1547, 0.428,0.628,0.204, 0.415,0.506,0.2668, 0.5028,0.628,0.3218,0.4938,0.99,0.22,0.4412,0.808,0.1913, 0.415,0.296,0.3255,0.3916,0.426,0.2104,0.388,0.286,0.2633,0.5417,
0.5074,0.516,0.4458,0.5028,0.628,0.3218,0.4568,0.524,0.3299,0.4264,0.742,0.1453, 0.415,0.506,0.2668, 0.3952,0.71,0.1271, 0.519,0.124,0.5556,0.498,0.942,0.2042,0.4938,0.99,0.22, 0.4812,0.956,0.1934,0.452,0.762,0.2385,0.438,0.62,0.2473,0.5113,
0.519,0.124,0.5556,0.5028,0.628,0.3218,0.4568,0.524,0.3299,0.4412,0.808,0.1913, 0.388,0.286,0.2633, 0.3792,0.094,0.287, 0.5088,0.728,0.3275,0.495,0.696,0.289,0.4938,0.99,0.22, 0.4584,0.668,0.2318,0.452,0.762,0.2385,0.415,0.506,0.2668,0.5321,
0.5074,0.516,0.4458,0.4938,0.99,0.22,0.4812,0.956,0.1934,0.4264,0.742,0.1453, 0.4144,0.82,0.0919, 0.388,0.286,0.2633, 0.5028,0.628,0.3218,0.4584,0.668,0.2318,0.4192,0.756,0.1509, 0.415,0.506,0.2668,0.3874,0.582,0.1563,0.3792,0.094,0.287,0.5022,
0.5028,0.628,0.3218,0.438,0.62,0.2473,0.4192,0.756,0.1509,0.4036,0.698,0.1109, 0.388,0.286,0.2633, 0.3874,0.582,0.1563, 0.498,0.942,0.2042,0.4776,0.36,0.4338,0.4382,0.83,0.1787, 0.428,0.628,0.204,0.415,0.506,0.2668,0.3916,0.426,0.2104,0.5973,
0.495,0.696,0.289,0.4938,0.99,0.22,0.4584,0.668,0.2318,0.4412,0.808,0.1913, 0.4192,0.756,0.1509, 0.3916,0.426,0.2104, 0.5342,0.912,0.3212,0.428,0.628,0.204,0.415,0.296,0.3255, 0.415,0.506,0.2668,0.3874,0.582,0.1563,0.3792,0.094,0.287,0.63,
0.4812,0.956,0.1934,0.4568,0.524,0.3299,0.452,0.762,0.2385,0.4144,0.82,0.0919, 0.4036,0.698,0.1109, 0.3952,0.71,0.1271, 0.5074,0.516,0.4458,0.495,0.696,0.289,0.4776,0.36,0.4338, 0.4412,0.808,0.1913,0.415,0.296,0.3255,0.3874,0.582,0.1563,0.584,
0.5074,0.516,0.4458,0.495,0.696,0.289,0.4938,0.99,0.22,0.4382,0.83,0.1787, 0.428,0.628,0.204, 0.388,0.286,0.2633, 0.4812,0.956,0.1934,0.4776,0.36,0.4338,0.4568,0.524,0.3299, 0.401,0.752,0.0812,0.3874,0.582,0.1563,0.3792,0.094,0.287,0.4595,
0.519,0.124,0.5556,0.4812,0.956,0.1934,0.4776,0.36,0.4338,0.4264,0.742,0.1453, 0.415,0.506,0.2668, 0.4144,0.82,0.0919, 0.5342,0.912,0.3212,0.4568,0.524,0.3299,0.401,0.752,0.0812, 0.3952,0.71,0.1271,0.388,0.286,0.2633,0.3792,0.094,0.287,0.4574,
0.5342,0.912,0.3212,0.5074,0.516,0.4458,0.495,0.696,0.289,0.4938,0.99,0.22, 0.4584,0.668,0.2318, 0.3874,0.582,0.1563, 0.5028,0.628,0.3218,0.4776,0.36,0.4338,0.4568,0.524,0.3299, 0.4412,0.808,0.1913,0.415,0.506,0.2668,0.3952,0.71,0.1271,0.5086,
0.5088,0.728,0.3275,0.5028,0.628,0.3218,0.495,0.696,0.289,0.452,0.762,0.2385, 0.438,0.62,0.2473, 0.4144,0.82,0.0919, 0.4938,0.99,0.22,0.4584,0.668,0.2318,0.4568,0.524,0.3299, 0.4412,0.808,0.1913,0.401,0.752,0.0812,0.3792,0.094,0.287,0.4879,
0.495,0.696,0.289,0.4938,0.99,0.22,0.401,0.752,0.0812,0.3952,0.71,0.1271, 0.3916,0.426,0.2104, 0.388,0.286,0.2633, 0.519,0.124,0.5556,0.5074,0.516,0.4458,0.4584,0.668,0.2318, 0.4568,0.524,0.3299,0.428,0.628,0.204,0.3792,0.094,0.287,0.4422,
0.5028,0.628,0.3218,0.495,0.696,0.289,0.4526,0.942,0.1358,0.452,0.762,0.2385, 0.415,0.296,0.3255, 0.3952,0.71,0.1271, 0.4812,0.956,0.1934,0.4412,0.808,0.1913,0.4382,0.83,0.1787, 0.4144,0.82,0.0919,0.3916,0.426,0.2104,0.3792,0.094,0.287,0.5108,
0.498,0.942,0.2042,0.495,0.696,0.289,0.4938,0.99,0.22,0.4584,0.668,0.2318, 0.4036,0.698,0.1109, 0.388,0.286,0.2633, 0.5088,0.728,0.3275,0.415,0.296,0.3255,0.4144,0.82,0.0919, 0.3952,0.71,0.1271,0.3874,0.582,0.1563,0.3792,0.094,0.287,0.3656,
0.5342,0.912,0.3212,0.5088,0.728,0.3275,0.498,0.942,0.2042,0.4938,0.99,0.22, 0.442,0.842,0.1547, 0.4144,0.82,0.0919, 0.5074,0.516,0.4458,0.5028,0.628,0.3218,0.4382,0.83,0.1787, 0.428,0.628,0.204,0.4192,0.756,0.1509,0.4036,0.698,0.1109,0.4589,
0.5028,0.628,0.3218,0.4776,0.36,0.4338,0.442,0.842,0.1547,0.4412,0.808,0.1913, 0.3952,0.71,0.1271, 0.3792,0.094,0.287, 0.5342,0.912,0.3212,0.5074,0.516,0.4458,0.4938,0.99,0.22, 0.4568,0.524,0.3299,0.4192,0.756,0.1509,0.3874,0.582,0.1563,0.4166,
0.4568,0.524,0.3299,0.442,0.842,0.1547,0.4192,0.756,0.1509,0.3916,0.426,0.2104, 0.388,0.286,0.2633, 0.3874,0.582,0.1563, 0.498,0.942,0.2042,0.4812,0.956,0.1934,0.4412,0.808,0.1913, 0.4382,0.83,0.1787,0.438,0.62,0.2473,0.3792,0.094,0.287,0.4599,
0.5342,0.912,0.3212,0.5088,0.728,0.3275,0.4526,0.942,0.1358,0.452,0.762,0.2385, 0.438,0.62,0.2473, 0.3916,0.426,0.2104, 0.495,0.696,0.289,0.4812,0.956,0.1934,0.4568,0.524,0.3299, 0.401,0.752,0.0812,0.3874,0.582,0.1563,0.3792,0.094,0.287,0.3848,
0.519,0.124,0.5556,0.5028,0.628,0.3218,0.4938,0.99,0.22,0.415,0.296,0.3255, 0.401,0.752,0.0812, 0.3916,0.426,0.2104, 0.5342,0.912,0.3212,0.5074,0.516,0.4458,0.4584,0.668,0.2318, 0.452,0.762,0.2385,0.4412,0.808,0.1913,0.4192,0.756,0.1509,0.5934,
0.4938,0.99,0.22,0.4776,0.36,0.4338,0.4568,0.524,0.3299,0.452,0.762,0.2385, 0.428,0.628,0.204, 0.3792,0.094,0.287, 0.5342,0.912,0.3212,0.5088,0.728,0.3275,0.5074,0.516,0.4458, 0.438,0.62,0.2473,0.4192,0.756,0.1509,0.4144,0.82,0.0919,0.6214,
0.519,0.124,0.5556,0.495,0.696,0.289,0.4526,0.942,0.1358,0.4192,0.756,0.1509, 0.401,0.752,0.0812, 0.3874,0.582,0.1563, 0.4412,0.808,0.1913,0.428,0.628,0.204,0.415,0.296,0.3255, 0.415,0.506,0.2668,0.4144,0.82,0.0919,0.388,0.286,0.2633,0.6112,
0.519,0.124,0.5556,0.5088,0.728,0.3275,0.495,0.696,0.289,0.4938,0.99,0.22, 0.4584,0.668,0.2318, 0.3916,0.426,0.2104, 0.5342,0.912,0.3212,0.4526,0.942,0.1358,0.452,0.762,0.2385, 0.442,0.842,0.1547,0.4144,0.82,0.0919,0.3792,0.094,0.287,0.4803,
0.5342,0.912,0.3212,0.519,0.124,0.5556,0.4776,0.36,0.4338,0.4526,0.942,0.1358, 0.4036,0.698,0.1109, 0.401,0.752,0.0812, 0.4938,0.99,0.22,0.4812,0.956,0.1934,0.4584,0.668,0.2318, 0.4382,0.83,0.1787,0.3916,0.426,0.2104,0.3792,0.094,0.287,0.6032,
0.5028,0.628,0.3218,0.442,0.842,0.1547,0.4412,0.808,0.1913,0.428,0.628,0.204, 0.4036,0.698,0.1109, 0.3952,0.71,0.1271, 0.519,0.124,0.5556,0.5074,0.516,0.4458,0.4938,0.99,0.22, 0.4526,0.942,0.1358,0.415,0.296,0.3255,0.401,0.752,0.0812,0.4302,
0.5342,0.912,0.3212,0.5088,0.728,0.3275,0.4526,0.942,0.1358,0.4264,0.742,0.1453, 0.415,0.296,0.3255, 0.4036,0.698,0.1109, 0.5074,0.516,0.4458,0.498,0.942,0.2042,0.4938,0.99,0.22, 0.4776,0.36,0.4338,0.442,0.842,0.1547,0.438,0.62,0.2473,0.5621,
0.519,0.124,0.5556,0.5088,0.728,0.3275,0.4776,0.36,0.4338,0.4412,0.808,0.1913, 0.4264,0.742,0.1453, 0.415,0.506,0.2668, 0.5028,0.628,0.3218,0.495,0.696,0.289,0.4568,0.524,0.3299, 0.415,0.296,0.3255,0.3952,0.71,0.1271,0.3916,0.426,0.2104,0.5561,
0.5342,0.912,0.3212,0.4526,0.942,0.1358,0.452,0.762,0.2385,0.4144,0.82,0.0919, 0.388,0.286,0.2633, 0.3792,0.094,0.287, 0.5074,0.516,0.4458,0.498,0.942,0.2042,0.4812,0.956,0.1934, 0.4568,0.524,0.3299,0.4382,0.83,0.1787,0.3952,0.71,0.1271,0.4539,
0.5342,0.912,0.3212,0.519,0.124,0.5556,0.5088,0.728,0.3275,0.5074,0.516,0.4458, 0.415,0.506,0.2668, 0.3952,0.71,0.1271, 0.4938,0.99,0.22,0.4812,0.956,0.1934,0.4776,0.36,0.4338, 0.4526,0.942,0.1358,0.401,0.752,0.0812,0.3874,0.582,0.1563,0.3977,
0.5088,0.728,0.3275,0.4938,0.99,0.22,0.4776,0.36,0.4338,0.452,0.762,0.2385, 0.4412,0.808,0.1913, 0.3916,0.426,0.2104, 0.5074,0.516,0.4458,0.5028,0.628,0.3218,0.4526,0.942,0.1358, 0.415,0.296,0.3255,0.3874,0.582,0.1563,0.3792,0.094,0.287,0.5492,
0.5088,0.728,0.3275,0.498,0.942,0.2042,0.4938,0.99,0.22,0.438,0.62,0.2473, 0.4144,0.82,0.0919, 0.3874,0.582,0.1563, 0.519,0.124,0.5556,0.495,0.696,0.289,0.4584,0.668,0.2318, 0.401,0.752,0.0812,0.3952,0.71,0.1271,0.3792,0.094,0.287,0.6175,
0.5342,0.912,0.3212,0.498,0.942,0.2042,0.4776,0.36,0.4338,0.4568,0.524,0.3299, 0.415,0.506,0.2668, 0.3916,0.426,0.2104, 0.5074,0.516,0.4458,0.4412,0.808,0.1913,0.428,0.628,0.204, 0.4192,0.756,0.1509,0.388,0.286,0.2633,0.3792,0.094,0.287,0.3476,
0.5088,0.728,0.3275,0.5028,0.628,0.3218,0.4412,0.808,0.1913,0.415,0.506,0.2668, 0.401,0.752,0.0812, 0.388,0.286,0.2633, 0.498,0.942,0.2042,0.4938,0.99,0.22,0.4526,0.942,0.1358, 0.452,0.762,0.2385,0.438,0.62,0.2473,0.428,0.628,0.204,0.6555,
0.519,0.124,0.5556,0.5088,0.728,0.3275,0.5074,0.516,0.4458,0.415,0.506,0.2668, 0.4036,0.698,0.1109, 0.401,0.752,0.0812, 0.495,0.696,0.289,0.4412,0.808,0.1913,0.4192,0.756,0.1509, 0.415,0.296,0.3255,0.3916,0.426,0.2104,0.388,0.286,0.2633,0.4167,
0.5088,0.728,0.3275,0.438,0.62,0.2473,0.4264,0.742,0.1453,0.4192,0.756,0.1509, 0.415,0.296,0.3255, 0.415,0.506,0.2668, 0.4812,0.956,0.1934,0.4776,0.36,0.4338,0.4584,0.668,0.2318, 0.4568,0.524,0.3299,0.442,0.842,0.1547,0.4382,0.83,0.1787,0.6097,
0.5028,0.628,0.3218,0.4776,0.36,0.4338,0.4584,0.668,0.2318,0.415,0.296,0.3255, 0.401,0.752,0.0812, 0.3916,0.426,0.2104, 0.498,0.942,0.2042,0.4938,0.99,0.22,0.4812,0.956,0.1934, 0.4412,0.808,0.1913,0.438,0.62,0.2473,0.3952,0.71,0.1271,0.6092,
0.498,0.942,0.2042,0.4938,0.99,0.22,0.4812,0.956,0.1934,0.4144,0.82,0.0919, 0.4036,0.698,0.1109, 0.3874,0.582,0.1563, 0.5088,0.728,0.3275,0.5074,0.516,0.4458,0.495,0.696,0.289, 0.4776,0.36,0.4338,0.4412,0.808,0.1913,0.401,0.752,0.0812,0.4784,
0.442,0.842,0.1547,0.4412,0.808,0.1913,0.4382,0.83,0.1787,0.4144,0.82,0.0919, 0.3952,0.71,0.1271, 0.388,0.286,0.2633, 0.5074,0.516,0.4458,0.495,0.696,0.289,0.4776,0.36,0.4338, 0.415,0.506,0.2668,0.3874,0.582,0.1563,0.3792,0.094,0.287,0.5638,
0.495,0.696,0.289,0.4776,0.36,0.4338,0.4526,0.942,0.1358,0.4412,0.808,0.1913, 0.4264,0.742,0.1453, 0.3874,0.582,0.1563, 0.5342,0.912,0.3212,0.5074,0.516,0.4458,0.4812,0.956,0.1934, 0.452,0.762,0.2385,0.442,0.842,0.1547,0.3916,0.426,0.2104,0.5528,
0.519,0.124,0.5556,0.5074,0.516,0.4458,0.5028,0.628,0.3218,0.4812,0.956,0.1934, 0.4526,0.942,0.1358, 0.4264,0.742,0.1453, 0.5342,0.912,0.3212,0.498,0.942,0.2042,0.4776,0.36,0.4338, 0.438,0.62,0.2473,0.388,0.286,0.2633,0.3792,0.094,0.287,0.5246,
0.5342,0.912,0.3212,0.4938,0.99,0.22,0.452,0.762,0.2385,0.4382,0.83,0.1787, 0.4264,0.742,0.1453, 0.3952,0.71,0.1271, 0.495,0.696,0.289,0.4812,0.956,0.1934,0.4192,0.756,0.1509, 0.415,0.296,0.3255,0.4144,0.82,0.0919,0.3916,0.426,0.2104,0.5334,
0.442,0.842,0.1547,0.4382,0.83,0.1787,0.428,0.628,0.204,0.4192,0.756,0.1509, 0.415,0.506,0.2668, 0.3874,0.582,0.1563, 0.4938,0.99,0.22,0.4812,0.956,0.1934,0.4776,0.36,0.4338, 0.415,0.296,0.3255,0.4144,0.82,0.0919,0.401,0.752,0.0812,0.6012,
0.5088,0.728,0.3275,0.4776,0.36,0.4338,0.4382,0.83,0.1787,0.3916,0.426,0.2104, 0.388,0.286,0.2633, 0.3792,0.094,0.287, 0.4812,0.956,0.1934,0.4584,0.668,0.2318,0.4568,0.524,0.3299, 0.4526,0.942,0.1358,0.438,0.62,0.2473,0.415,0.506,0.2668,0.6176,
0.5342,0.912,0.3212,0.4938,0.99,0.22,0.4264,0.742,0.1453,0.4192,0.756,0.1509, 0.415,0.296,0.3255, 0.4036,0.698,0.1109, 0.519,0.124,0.5556,0.498,0.942,0.2042,0.495,0.696,0.289, 0.4812,0.956,0.1934,0.4584,0.668,0.2318,0.4144,0.82,0.0919,0.6046,
0.519,0.124,0.5556,0.4584,0.668,0.2318,0.4568,0.524,0.3299,0.428,0.628,0.204, 0.4264,0.742,0.1453, 0.415,0.506,0.2668, 0.4526,0.942,0.1358,0.452,0.762,0.2385,0.438,0.62,0.2473, 0.415,0.296,0.3255,0.4144,0.82,0.0919,0.3916,0.426,0.2104,0.6287,
0.5028,0.628,0.3218,0.495,0.696,0.289,0.452,0.762,0.2385,0.4382,0.83,0.1787, 0.4192,0.756,0.1509, 0.3792,0.094,0.287, 0.4412,0.808,0.1913,0.438,0.62,0.2473,0.415,0.296,0.3255, 0.401,0.752,0.0812,0.3916,0.426,0.2104,0.388,0.286,0.2633,0.4248,
0.4776,0.36,0.4338,0.452,0.762,0.2385,0.4382,0.83,0.1787,0.428,0.628,0.204, 0.401,0.752,0.0812, 0.3874,0.582,0.1563, 0.4938,0.99,0.22,0.4584,0.668,0.2318,0.4568,0.524,0.3299, 0.4526,0.942,0.1358,0.442,0.842,0.1547,0.4412,0.808,0.1913,0.546,
0.498,0.942,0.2042,0.4776,0.36,0.4338,0.438,0.62,0.2473,0.428,0.628,0.204, 0.4144,0.82,0.0919, 0.388,0.286,0.2633, 0.519,0.124,0.5556,0.495,0.696,0.289,0.4584,0.668,0.2318, 0.4526,0.942,0.1358,0.452,0.762,0.2385,0.4192,0.756,0.1509,0.5815,
0.5088,0.728,0.3275,0.5074,0.516,0.4458,0.498,0.942,0.2042,0.4776,0.36,0.4338, 0.4526,0.942,0.1358, 0.4036,0.698,0.1109, 0.5028,0.628,0.3218,0.4584,0.668,0.2318,0.4568,0.524,0.3299, 0.415,0.506,0.2668,0.4144,0.82,0.0919,0.3952,0.71,0.1271,0.382,
0.5342,0.912,0.3212,0.498,0.942,0.2042,0.4776,0.36,0.4338,0.4412,0.808,0.1913, 0.438,0.62,0.2473, 0.415,0.506,0.2668, 0.5088,0.728,0.3275,0.4812,0.956,0.1934,0.4382,0.83,0.1787, 0.4264,0.742,0.1453,0.4192,0.756,0.1509,0.3792,0.094,0.287,0.4513,
0.4568,0.524,0.3299,0.4412,0.808,0.1913,0.415,0.296,0.3255,0.4144,0.82,0.0919, 0.401,0.752,0.0812, 0.3792,0.094,0.287, 0.498,0.942,0.2042,0.4812,0.956,0.1934,0.452,0.762,0.2385, 0.438,0.62,0.2473,0.415,0.506,0.2668,0.3952,0.71,0.1271,0.4069,
0.5342,0.912,0.3212,0.519,0.124,0.5556,0.495,0.696,0.289,0.4776,0.36,0.4338, 0.4526,0.942,0.1358, 0.3952,0.71,0.1271, 0.498,0.942,0.2042,0.4938,0.99,0.22,0.4568,0.524,0.3299, 0.452,0.762,0.2385,0.4412,0.808,0.1913,0.401,0.752,0.0812,0.6597,
0.519,0.124,0.5556,0.5028,0.628,0.3218,0.495,0.696,0.289,0.4812,0.956,0.1934, 0.4568,0.524,0.3299, 0.4382,0.83,0.1787, 0.5342,0.912,0.3212,0.442,0.842,0.1547,0.4412,0.808,0.1913, 0.438,0.62,0.2473,0.4144,0.82,0.0919,0.388,0.286,0.2633,0.3649,
0.4938,0.99,0.22,0.4526,0.942,0.1358,0.4382,0.83,0.1787,0.428,0.628,0.204, 0.4144,0.82,0.0919, 0.388,0.286,0.2633, 0.5342,0.912,0.3212,0.519,0.124,0.5556,0.452,0.762,0.2385, 0.438,0.62,0.2473,0.4264,0.742,0.1453,0.3916,0.426,0.2104,0.5704,
0.4776,0.36,0.4338,0.4382,0.83,0.1787,0.4264,0.742,0.1453,0.4144,0.82,0.0919, 0.3916,0.426,0.2104, 0.3874,0.582,0.1563, 0.498,0.942,0.2042,0.4568,0.524,0.3299,0.4526,0.942,0.1358, 0.452,0.762,0.2385,0.415,0.296,0.3255,0.4036,0.698,0.1109,0.5776,
0.5074,0.516,0.4458,0.4568,0.524,0.3299,0.428,0.628,0.204,0.4036,0.698,0.1109, 0.3952,0.71,0.1271, 0.3792,0.094,0.287, 0.4938,0.99,0.22,0.4812,0.956,0.1934,0.4584,0.668,0.2318, 0.452,0.762,0.2385,0.4412,0.808,0.1913,0.415,0.296,0.3255,0.4416,
0.498,0.942,0.2042,0.4812,0.956,0.1934,0.4192,0.756,0.1509,0.4036,0.698,0.1109, 0.401,0.752,0.0812, 0.388,0.286,0.2633, 0.5088,0.728,0.3275,0.5028,0.628,0.3218,0.4584,0.668,0.2318, 0.4412,0.808,0.1913,0.4144,0.82,0.0919,0.3916,0.426,0.2104,0.62,
0.495,0.696,0.289,0.4938,0.99,0.22,0.4812,0.956,0.1934,0.442,0.842,0.1547, 0.4264,0.742,0.1453, 0.388,0.286,0.2633, 0.5088,0.728,0.3275,0.4526,0.942,0.1358,0.415,0.296,0.3255, 0.415,0.506,0.2668,0.4036,0.698,0.1109,0.3792,0.094,0.287,0.5677,
0.5342,0.912,0.3212,0.519,0.124,0.5556,0.5074,0.516,0.4458,0.438,0.62,0.2473, 0.4192,0.756,0.1509, 0.4036,0.698,0.1109, 0.495,0.696,0.289,0.4584,0.668,0.2318,0.4568,0.524,0.3299, 0.4412,0.808,0.1913,0.428,0.628,0.204,0.3874,0.582,0.1563,0.5211,
0.5074,0.516,0.4458,0.495,0.696,0.289,0.4812,0.956,0.1934,0.4568,0.524,0.3299, 0.415,0.296,0.3255, 0.3916,0.426,0.2104, 0.5342,0.912,0.3212,0.4584,0.668,0.2318,0.4264,0.742,0.1453, 0.4192,0.756,0.1509,0.401,0.752,0.0812,0.3792,0.094,0.287,0.486,
0.5342,0.912,0.3212,0.5028,0.628,0.3218,0.4192,0.756,0.1509,0.3952,0.71,0.1271, 0.3916,0.426,0.2104, 0.3874,0.582,0.1563, 0.519,0.124,0.5556,0.5088,0.728,0.3275,0.4812,0.956,0.1934, 0.4412,0.808,0.1913,0.4264,0.742,0.1453,0.4144,0.82,0.0919,0.5605,
0.5342,0.912,0.3212,0.5074,0.516,0.4458,0.4776,0.36,0.4338,0.4584,0.668,0.2318, 0.4192,0.756,0.1509, 0.3874,0.582,0.1563, 0.498,0.942,0.2042,0.4938,0.99,0.22,0.4568,0.524,0.3299, 0.438,0.62,0.2473,0.4036,0.698,0.1109,0.3792,0.094,0.287,0.5724,
0.519,0.124,0.5556,0.5074,0.516,0.4458,0.5028,0.628,0.3218,0.4584,0.668,0.2318, 0.4382,0.83,0.1787, 0.3916,0.426,0.2104, 0.4812,0.956,0.1934,0.4776,0.36,0.4338,0.4526,0.942,0.1358, 0.4264,0.742,0.1453,0.4036,0.698,0.1109,0.3952,0.71,0.1271,0.4775,
0.5088,0.728,0.3275,0.5074,0.516,0.4458,0.495,0.696,0.289,0.4584,0.668,0.2318, 0.4568,0.524,0.3299, 0.4382,0.83,0.1787, 0.519,0.124,0.5556,0.4812,0.956,0.1934,0.4776,0.36,0.4338, 0.4526,0.942,0.1358,0.4264,0.742,0.1453,0.388,0.286,0.2633,0.5977,
0.498,0.942,0.2042,0.4938,0.99,0.22,0.4812,0.956,0.1934,0.4412,0.808,0.1913, 0.3916,0.426,0.2104, 0.3874,0.582,0.1563, 0.4526,0.942,0.1358,0.4382,0.83,0.1787,0.4192,0.756,0.1509, 0.401,0.752,0.0812,0.3952,0.71,0.1271,0.388,0.286,0.2633,0.4018,
0.5342,0.912,0.3212,0.442,0.842,0.1547,0.428,0.628,0.204,0.415,0.296,0.3255, 0.3952,0.71,0.1271, 0.3792,0.094,0.287, 0.5088,0.728,0.3275,0.5028,0.628,0.3218,0.4568,0.524,0.3299, 0.4526,0.942,0.1358,0.4192,0.756,0.1509,0.388,0.286,0.2633,0.6125,
0.4526,0.942,0.1358,0.442,0.842,0.1547,0.4382,0.83,0.1787,0.3916,0.426,0.2104, 0.388,0.286,0.2633, 0.3792,0.094,0.287, 0.498,0.942,0.2042,0.495,0.696,0.289,0.4584,0.668,0.2318, 0.415,0.296,0.3255,0.3952,0.71,0.1271,0.3874,0.582,0.1563,0.5608,
0.5074,0.516,0.4458,0.4938,0.99,0.22,0.4526,0.942,0.1358,0.452,0.762,0.2385, 0.4264,0.742,0.1453, 0.3916,0.426,0.2104, 0.5342,0.912,0.3212,0.519,0.124,0.5556,0.4776,0.36,0.4338, 0.4568,0.524,0.3299,0.4412,0.808,0.1913,0.428,0.628,0.204,0.6101,
0.5088,0.728,0.3275,0.4584,0.668,0.2318,0.415,0.296,0.3255,0.3952,0.71,0.1271, 0.3916,0.426,0.2104, 0.3792,0.094,0.287, 0.5342,0.912,0.3212,0.5028,0.628,0.3218,0.4526,0.942,0.1358, 0.415,0.506,0.2668,0.4144,0.82,0.0919,0.3874,0.582,0.1563,0.5068,
0.519,0.124,0.5556,0.5028,0.628,0.3218,0.495,0.696,0.289,0.4412,0.808,0.1913, 0.4192,0.756,0.1509, 0.388,0.286,0.2633, 0.4812,0.956,0.1934,0.4584,0.668,0.2318,0.452,0.762,0.2385, 0.4382,0.83,0.1787,0.4144,0.82,0.0919,0.3792,0.094,0.287,0.6197,
0.5088,0.728,0.3275,0.495,0.696,0.289,0.4938,0.99,0.22,0.415,0.296,0.3255, 0.401,0.752,0.0812, 0.3916,0.426,0.2104, 0.4526,0.942,0.1358,0.4382,0.83,0.1787,0.4192,0.756,0.1509, 0.4036,0.698,0.1109,0.3952,0.71,0.1271,0.3874,0.582,0.1563,0.4333,
0.519,0.124,0.5556,0.5074,0.516,0.4458,0.438,0.62,0.2473,0.428,0.628,0.204, 0.4144,0.82,0.0919, 0.3952,0.71,0.1271, 0.5088,0.728,0.3275,0.4584,0.668,0.2318,0.415,0.296,0.3255, 0.401,0.752,0.0812,0.3874,0.582,0.1563,0.3792,0.094,0.287,0.4737,
0.5028,0.628,0.3218,0.495,0.696,0.289,0.4812,0.956,0.1934,0.4584,0.668,0.2318, 0.442,0.842,0.1547, 0.3952,0.71,0.1271, 0.4776,0.36,0.4338,0.4568,0.524,0.3299,0.4526,0.942,0.1358, 0.438,0.62,0.2473,0.388,0.286,0.2633,0.3874,0.582,0.1563,0.6299,
0.5088,0.728,0.3275,0.5074,0.516,0.4458,0.5028,0.628,0.3218,0.4776,0.36,0.4338, 0.4412,0.808,0.1913, 0.438,0.62,0.2473, 0.519,0.124,0.5556,0.4568,0.524,0.3299,0.4526,0.942,0.1358, 0.452,0.762,0.2385,0.415,0.506,0.2668,0.388,0.286,0.2633,0.4364,
0.519,0.124,0.5556,0.5088,0.728,0.3275,0.495,0.696,0.289,0.4526,0.942,0.1358, 0.428,0.628,0.204, 0.4036,0.698,0.1109, 0.498,0.942,0.2042,0.452,0.762,0.2385,0.438,0.62,0.2473, 0.4192,0.756,0.1509,0.415,0.506,0.2668,0.3952,0.71,0.1271,0.6025,
0.5088,0.728,0.3275,0.4938,0.99,0.22,0.4776,0.36,0.4338,0.442,0.842,0.1547, 0.428,0.628,0.204, 0.415,0.296,0.3255, 0.498,0.942,0.2042,0.4526,0.942,0.1358,0.4412,0.808,0.1913, 0.438,0.62,0.2473,0.4192,0.756,0.1509,0.401,0.752,0.0812,0.5959,
0.495,0.696,0.289,0.4568,0.524,0.3299,0.452,0.762,0.2385,0.4264,0.742,0.1453, 0.4036,0.698,0.1109, 0.3874,0.582,0.1563, 0.5342,0.912,0.3212,0.5028,0.628,0.3218,0.4776,0.36,0.4338, 0.4412,0.808,0.1913,0.438,0.62,0.2473,0.3916,0.426,0.2104,0.4736,
0.498,0.942,0.2042,0.495,0.696,0.289,0.4812,0.956,0.1934,0.4776,0.36,0.4338, 0.4568,0.524,0.3299, 0.4144,0.82,0.0919, 0.5342,0.912,0.3212,0.519,0.124,0.5556,0.4264,0.742,0.1453, 0.415,0.296,0.3255,0.4036,0.698,0.1109,0.388,0.286,0.2633,0.5777,
0.4568,0.524,0.3299,0.428,0.628,0.204,0.415,0.506,0.2668,0.4144,0.82,0.0919, 0.3874,0.582,0.1563, 0.3792,0.094,0.287, 0.5028,0.628,0.3218,0.4938,0.99,0.22,0.438,0.62,0.2473, 0.3952,0.71,0.1271,0.3916,0.426,0.2104,0.388,0.286,0.2633,0.6279,
0.5342,0.912,0.3212,0.495,0.696,0.289,0.4938,0.99,0.22,0.438,0.62,0.2473, 0.415,0.506,0.2668, 0.4036,0.698,0.1109, 0.5088,0.728,0.3275,0.4812,0.956,0.1934,0.4568,0.524,0.3299, 0.4264,0.742,0.1453,0.401,0.752,0.0812,0.3952,0.71,0.1271,0.6353,
0.5074,0.516,0.4458,0.4526,0.942,0.1358,0.4382,0.83,0.1787,0.4144,0.82,0.0919, 0.4036,0.698,0.1109, 0.3874,0.582,0.1563, 0.519,0.124,0.5556,0.4938,0.99,0.22,0.4584,0.668,0.2318, 0.4412,0.808,0.1913,0.4192,0.756,0.1509,0.3952,0.71,0.1271,0.6441,
0.5074,0.516,0.4458,0.498,0.942,0.2042,0.4584,0.668,0.2318,0.4264,0.742,0.1453, 0.3916,0.426,0.2104, 0.3874,0.582,0.1563, 0.4812,0.956,0.1934,0.4412,0.808,0.1913,0.415,0.506,0.2668, 0.4036,0.698,0.1109,0.3952,0.71,0.1271,0.3792,0.094,0.287,0.5899,
0.498,0.942,0.2042,0.4584,0.668,0.2318,0.4264,0.742,0.1453,0.415,0.506,0.2668, 0.3916,0.426,0.2104, 0.3792,0.094,0.287, 0.5074,0.516,0.4458,0.452,0.762,0.2385,0.438,0.62,0.2473, 0.428,0.628,0.204,0.4192,0.756,0.1509,0.415,0.296,0.3255,0.5674,
0.5088,0.728,0.3275,0.5028,0.628,0.3218,0.495,0.696,0.289,0.4584,0.668,0.2318, 0.452,0.762,0.2385, 0.4412,0.808,0.1913, 0.498,0.942,0.2042,0.4568,0.524,0.3299,0.438,0.62,0.2473, 0.4264,0.742,0.1453,0.415,0.506,0.2668,0.3916,0.426,0.2104,0.3729,
0.4568,0.524,0.3299,0.4526,0.942,0.1358,0.442,0.842,0.1547,0.4412,0.808,0.1913, 0.3952,0.71,0.1271, 0.3916,0.426,0.2104, 0.519,0.124,0.5556,0.4938,0.99,0.22,0.4776,0.36,0.4338, 0.4584,0.668,0.2318,0.4382,0.83,0.1787,0.3874,0.582,0.1563,0.4397,
0.519,0.124,0.5556,0.495,0.696,0.289,0.4938,0.99,0.22,0.4776,0.36,0.4338, 0.452,0.762,0.2385, 0.3952,0.71,0.1271, 0.5088,0.728,0.3275,0.498,0.942,0.2042,0.4526,0.942,0.1358, 0.4264,0.742,0.1453,0.401,0.752,0.0812,0.388,0.286,0.2633,0.4169,
0.5074,0.516,0.4458,0.5028,0.628,0.3218,0.4584,0.668,0.2318,0.4526,0.942,0.1358, 0.3916,0.426,0.2104, 0.3792,0.094,0.287, 0.519,0.124,0.5556,0.428,0.628,0.204,0.415,0.506,0.2668, 0.4144,0.82,0.0919,0.388,0.286,0.2633,0.3874,0.582,0.1563,0.6421,
0.4776,0.36,0.4338,0.452,0.762,0.2385,0.428,0.628,0.204,0.4144,0.82,0.0919, 0.4036,0.698,0.1109, 0.3792,0.094,0.287, 0.5088,0.728,0.3275,0.4938,0.99,0.22,0.4382,0.83,0.1787, 0.4192,0.756,0.1509,0.415,0.296,0.3255,0.3952,0.71,0.1271,0.5658,
0.495,0.696,0.289,0.4568,0.524,0.3299,0.442,0.842,0.1547,0.415,0.296,0.3255, 0.4036,0.698,0.1109, 0.3792,0.094,0.287, 0.5074,0.516,0.4458,0.4938,0.99,0.22,0.452,0.762,0.2385, 0.428,0.628,0.204,0.4144,0.82,0.0919,0.3952,0.71,0.1271,0.592,
0.5088,0.728,0.3275,0.5074,0.516,0.4458,0.438,0.62,0.2473,0.428,0.628,0.204, 0.4264,0.742,0.1453, 0.3952,0.71,0.1271, 0.495,0.696,0.289,0.4938,0.99,0.22,0.4812,0.956,0.1934, 0.4776,0.36,0.4338,0.4568,0.524,0.3299,0.415,0.296,0.3255,0.6356,
0.498,0.942,0.2042,0.4584,0.668,0.2318,0.428,0.628,0.204,0.4264,0.742,0.1453, 0.415,0.296,0.3255, 0.3916,0.426,0.2104, 0.5342,0.912,0.3212,0.495,0.696,0.289,0.4938,0.99,0.22, 0.4526,0.942,0.1358,0.4144,0.82,0.0919,0.401,0.752,0.0812,0.48,
0.4584,0.668,0.2318,0.4568,0.524,0.3299,0.4412,0.808,0.1913,0.4036,0.698,0.1109, 0.3916,0.426,0.2104, 0.3792,0.094,0.287, 0.5342,0.912,0.3212,0.5028,0.628,0.3218,0.4812,0.956,0.1934, 0.4264,0.742,0.1453,0.388,0.286,0.2633,0.3874,0.582,0.1563,0.4378,
0.519,0.124,0.5556,0.495,0.696,0.289,0.4584,0.668,0.2318,0.4568,0.524,0.3299, 0.452,0.762,0.2385, 0.4192,0.756,0.1509, 0.4938,0.99,0.22,0.4526,0.942,0.1358,0.4382,0.83,0.1787, 0.415,0.506,0.2668,0.415,0.296,0.3255,0.3792,0.094,0.287,0.4596,
0.5028,0.628,0.3218,0.4776,0.36,0.4338,0.4412,0.808,0.1913,0.4144,0.82,0.0919, 0.4036,0.698,0.1109, 0.388,0.286,0.2633, 0.5342,0.912,0.3212,0.5088,0.728,0.3275,0.5074,0.516,0.4458, 0.428,0.628,0.204,0.4264,0.742,0.1453,0.4192,0.756,0.1509,0.3661,
0.5342,0.912,0.3212,0.495,0.696,0.289,0.4938,0.99,0.22,0.4264,0.742,0.1453, 0.3916,0.426,0.2104, 0.388,0.286,0.2633, 0.4568,0.524,0.3299,0.438,0.62,0.2473,0.4192,0.756,0.1509, 0.415,0.296,0.3255,0.401,0.752,0.0812,0.3874,0.582,0.1563,0.4347,
0.519,0.124,0.5556,0.5088,0.728,0.3275,0.495,0.696,0.289,0.4192,0.756,0.1509, 0.415,0.506,0.2668, 0.3952,0.71,0.1271, 0.498,0.942,0.2042,0.4568,0.524,0.3299,0.4412,0.808,0.1913, 0.415,0.296,0.3255,0.4036,0.698,0.1109,0.3916,0.426,0.2104,0.5748,
0.4938,0.99,0.22,0.4568,0.524,0.3299,0.4412,0.808,0.1913,0.428,0.628,0.204, 0.3952,0.71,0.1271, 0.3874,0.582,0.1563, 0.5074,0.516,0.4458,0.498,0.942,0.2042,0.4812,0.956,0.1934, 0.4264,0.742,0.1453,0.415,0.506,0.2668,0.4144,0.82,0.0919,0.6511,
0.498,0.942,0.2042,0.4776,0.36,0.4338,0.4568,0.524,0.3299,0.4144,0.82,0.0919, 0.401,0.752,0.0812, 0.3874,0.582,0.1563, 0.5342,0.912,0.3212,0.5074,0.516,0.4458,0.4812,0.956,0.1934, 0.4584,0.668,0.2318,0.428,0.628,0.204,0.3916,0.426,0.2104,0.4778,
0.5088,0.728,0.3275,0.495,0.696,0.289,0.4776,0.36,0.4338,0.4412,0.808,0.1913, 0.415,0.296,0.3255, 0.3952,0.71,0.1271, 0.519,0.124,0.5556,0.4382,0.83,0.1787,0.438,0.62,0.2473, 0.415,0.506,0.2668,0.401,0.752,0.0812,0.3874,0.582,0.1563,0.5885,
0.5074,0.516,0.4458,0.4584,0.668,0.2318,0.4382,0.83,0.1787,0.415,0.506,0.2668, 0.415,0.296,0.3255, 0.4144,0.82,0.0919, 0.4938,0.99,0.22,0.442,0.842,0.1547,0.428,0.628,0.204, 0.401,0.752,0.0812,0.3952,0.71,0.1271,0.3792,0.094,0.287,0.5667,
0.438,0.62,0.2473,0.428,0.628,0.204,0.4264,0.742,0.1453,0.401,0.752,0.0812, 0.3952,0.71,0.1271, 0.3792,0.094,0.287, 0.5074,0.516,0.4458,0.4568,0.524,0.3299,0.452,0.762,0.2385, 0.4382,0.83,0.1787,0.3916,0.426,0.2104,0.388,0.286,0.2633,0.3348,
0.5074,0.516,0.4458,0.4938,0.99,0.22,0.4812,0.956,0.1934,0.4568,0.524,0.3299, 0.4526,0.942,0.1358, 0.3874,0.582,0.1563, 0.495,0.696,0.289,0.4776,0.36,0.4338,0.4264,0.742,0.1453, 0.4192,0.756,0.1509,0.415,0.296,0.3255,0.415,0.506,0.2668,0.5663,
0.5028,0.628,0.3218,0.428,0.628,0.204,0.4264,0.742,0.1453,0.4036,0.698,0.1109, 0.388,0.286,0.2633, 0.3792,0.094,0.287, 0.519,0.124,0.5556,0.495,0.696,0.289,0.4776,0.36,0.4338, 0.4144,0.82,0.0919,0.401,0.752,0.0812,0.3916,0.426,0.2104,0.4618,
0.5028,0.628,0.3218,0.4938,0.99,0.22,0.4776,0.36,0.4338,0.4568,0.524,0.3299, 0.4382,0.83,0.1787, 0.4264,0.742,0.1453, 0.5074,0.516,0.4458,0.4584,0.668,0.2318,0.4192,0.756,0.1509, 0.4144,0.82,0.0919,0.3952,0.71,0.1271,0.3874,0.582,0.1563,0.3524,
0.5088,0.728,0.3275,0.498,0.942,0.2042,0.495,0.696,0.289,0.415,0.296,0.3255, 0.4144,0.82,0.0919, 0.3952,0.71,0.1271, 0.519,0.124,0.5556,0.442,0.842,0.1547,0.428,0.628,0.204, 0.4192,0.756,0.1509,0.388,0.286,0.2633,0.3874,0.582,0.1563,0.6116,
0.5342,0.912,0.3212,0.498,0.942,0.2042,0.4812,0.956,0.1934,0.452,0.762,0.2385, 0.442,0.842,0.1547, 0.4192,0.756,0.1509, 0.5088,0.728,0.3275,0.4382,0.83,0.1787,0.438,0.62,0.2473, 0.415,0.296,0.3255,0.415,0.506,0.2668,0.3916,0.426,0.2104,0.4118,
0.498,0.942,0.2042,0.495,0.696,0.289,0.4568,0.524,0.3299,0.438,0.62,0.2473, 0.415,0.296,0.3255, 0.3952,0.71,0.1271, 0.5028,0.628,0.3218,0.4938,0.99,0.22,0.4812,0.956,0.1934, 0.4776,0.36,0.4338,0.4584,0.668,0.2318,0.4526,0.942,0.1358,0.5345,
0.519,0.124,0.5556,0.495,0.696,0.289,0.4938,0.99,0.22,0.452,0.762,0.2385, 0.438,0.62,0.2473, 0.4264,0.742,0.1453, 0.5028,0.628,0.3218,0.498,0.942,0.2042,0.4382,0.83,0.1787, 0.4192,0.756,0.1509,0.4144,0.82,0.0919,0.3952,0.71,0.1271,0.5045,
0.5088,0.728,0.3275,0.4526,0.942,0.1358,0.428,0.628,0.204,0.401,0.752,0.0812, 0.3952,0.71,0.1271, 0.388,0.286,0.2633, 0.498,0.942,0.2042,0.4776,0.36,0.4338,0.4568,0.524,0.3299, 0.4382,0.83,0.1787,0.4264,0.742,0.1453,0.4036,0.698,0.1109,0.5903,
0.5342,0.912,0.3212,0.495,0.696,0.289,0.4568,0.524,0.3299,0.4264,0.742,0.1453, 0.4192,0.756,0.1509, 0.415,0.506,0.2668, 0.498,0.942,0.2042,0.452,0.762,0.2385,0.442,0.842,0.1547, 0.415,0.296,0.3255,0.4144,0.82,0.0919,0.3916,0.426,0.2104,0.5705,
0.5088,0.728,0.3275,0.5074,0.516,0.4458,0.4412,0.808,0.1913,0.4036,0.698,0.1109, 0.3952,0.71,0.1271, 0.3874,0.582,0.1563, 0.4812,0.956,0.1934,0.4776,0.36,0.4338,0.4264,0.742,0.1453, 0.3916,0.426,0.2104,0.388,0.286,0.2633,0.3792,0.094,0.287,0.633,
0.5342,0.912,0.3212,0.519,0.124,0.5556,0.4584,0.668,0.2318,0.428,0.628,0.204, 0.415,0.506,0.2668, 0.3952,0.71,0.1271, 0.4568,0.524,0.3299,0.452,0.762,0.2385,0.4412,0.808,0.1913, 0.4382,0.83,0.1787,0.388,0.286,0.2633,0.3792,0.094,0.287,0.4964,
0.5342,0.912,0.3212,0.519,0.124,0.5556,0.4938,0.99,0.22,0.4584,0.668,0.2318, 0.4568,0.524,0.3299, 0.428,0.628,0.204, 0.5088,0.728,0.3275,0.5074,0.516,0.4458,0.4812,0.956,0.1934, 0.4526,0.942,0.1358,0.4264,0.742,0.1453,0.3874,0.582,0.1563,0.6478,
0.495,0.696,0.289,0.4584,0.668,0.2318,0.4568,0.524,0.3299,0.388,0.286,0.2633, 0.3874,0.582,0.1563, 0.3792,0.094,0.287, 0.5342,0.912,0.3212,0.5028,0.628,0.3218,0.4812,0.956,0.1934, 0.4192,0.756,0.1509,0.415,0.506,0.2668,0.401,0.752,0.0812,0.411,
0.4776,0.36,0.4338,0.4584,0.668,0.2318,0.452,0.762,0.2385,0.4412,0.808,0.1913, 0.4264,0.742,0.1453, 0.3916,0.426,0.2104, 0.5342,0.912,0.3212,0.5088,0.728,0.3275,0.5028,0.628,0.3218, 0.442,0.842,0.1547,0.415,0.506,0.2668,0.3874,0.582,0.1563,0.5978,
0.4412,0.808,0.1913,0.4192,0.756,0.1509,0.415,0.506,0.2668,0.415,0.296,0.3255, 0.4036,0.698,0.1109, 0.3874,0.582,0.1563, 0.519,0.124,0.5556,0.5088,0.728,0.3275,0.495,0.696,0.289, 0.452,0.762,0.2385,0.3916,0.426,0.2104,0.3792,0.094,0.287,0.3356,
0.519,0.124,0.5556,0.498,0.942,0.2042,0.495,0.696,0.289,0.4568,0.524,0.3299, 0.442,0.842,0.1547, 0.3916,0.426,0.2104, 0.5342,0.912,0.3212,0.4526,0.942,0.1358,0.4412,0.808,0.1913, 0.4382,0.83,0.1787,0.401,0.752,0.0812,0.3874,0.582,0.1563,0.65,
0.4776,0.36,0.4338,0.4568,0.524,0.3299,0.428,0.628,0.204,0.4192,0.756,0.1509, 0.4144,0.82,0.0919, 0.3874,0.582,0.1563, 0.519,0.124,0.5556,0.5074,0.516,0.4458,0.452,0.762,0.2385, 0.438,0.62,0.2473,0.3916,0.426,0.2104,0.388,0.286,0.2633,0.6443,
0.5088,0.728,0.3275,0.5074,0.516,0.4458,0.495,0.696,0.289,0.4412,0.808,0.1913, 0.4382,0.83,0.1787, 0.3916,0.426,0.2104, 0.4938,0.99,0.22,0.4776,0.36,0.4338,0.4584,0.668,0.2318, 0.4192,0.756,0.1509,0.415,0.506,0.2668,0.3792,0.094,0.287,0.5724,
0.5342,0.912,0.3212,0.5028,0.628,0.3218,0.4526,0.942,0.1358,0.4412,0.808,0.1913, 0.415,0.506,0.2668, 0.3874,0.582,0.1563, 0.519,0.124,0.5556,0.442,0.842,0.1547,0.4192,0.756,0.1509, 0.4036,0.698,0.1109,0.3916,0.426,0.2104,0.3792,0.094,0.287,0.3583,
0.5028,0.628,0.3218,0.498,0.942,0.2042,0.452,0.762,0.2385,0.4264,0.742,0.1453, 0.3916,0.426,0.2104, 0.3792,0.094,0.287, 0.519,0.124,0.5556,0.4938,0.99,0.22,0.4526,0.942,0.1358, 0.442,0.842,0.1547,0.4412,0.808,0.1913,0.415,0.296,0.3255,0.5578,
0.5342,0.912,0.3212,0.5028,0.628,0.3218,0.4568,0.524,0.3299,0.428,0.628,0.204, 0.4264,0.742,0.1453, 0.3952,0.71,0.1271, 0.4938,0.99,0.22,0.4812,0.956,0.1934,0.415,0.296,0.3255, 0.4144,0.82,0.0919,0.401,0.752,0.0812,0.388,0.286,0.2633,0.5594,
0.519,0.124,0.5556,0.498,0.942,0.2042,0.4938,0.99,0.22,0.4812,0.956,0.1934, 0.4568,0.524,0.3299, 0.3952,0.71,0.1271, 0.5088,0.728,0.3275,0.4382,0.83,0.1787,0.438,0.62,0.2473, 0.4264,0.742,0.1453,0.415,0.296,0.3255,0.401,0.752,0.0812,0.3545,
0.4568,0.524,0.3299,0.442,0.842,0.1547,0.4192,0.756,0.1509,0.4144,0.82,0.0919, 0.4036,0.698,0.1109, 0.3792,0.094,0.287, 0.4812,0.956,0.1934,0.4776,0.36,0.4338,0.4584,0.668,0.2318, 0.4412,0.808,0.1913,0.428,0.628,0.204,0.415,0.296,0.3255,0.3658,
0.519,0.124,0.5556,0.4584,0.668,0.2318,0.4526,0.942,0.1358,0.415,0.506,0.2668, 0.4036,0.698,0.1109, 0.388,0.286,0.2633, 0.5342,0.912,0.3212,0.4938,0.99,0.22,0.4812,0.956,0.1934, 0.438,0.62,0.2473,0.4192,0.756,0.1509,0.3916,0.426,0.2104,0.5612,
0.5088,0.728,0.3275,0.5074,0.516,0.4458,0.4776,0.36,0.4338,0.4382,0.83,0.1787, 0.4192,0.756,0.1509, 0.415,0.296,0.3255, 0.519,0.124,0.5556,0.4812,0.956,0.1934,0.442,0.842,0.1547, 0.4264,0.742,0.1453,0.4036,0.698,0.1109,0.401,0.752,0.0812,0.5213,
0.442,0.842,0.1547,0.4412,0.808,0.1913,0.438,0.62,0.2473,0.4144,0.82,0.0919, 0.4036,0.698,0.1109, 0.388,0.286,0.2633, 0.5028,0.628,0.3218,0.495,0.696,0.289,0.4812,0.956,0.1934, 0.4584,0.668,0.2318,0.415,0.296,0.3255,0.401,0.752,0.0812,0.4198,
0.4812,0.956,0.1934,0.4412,0.808,0.1913,0.428,0.628,0.204,0.4036,0.698,0.1109, 0.401,0.752,0.0812, 0.3874,0.582,0.1563, 0.5028,0.628,0.3218,0.495,0.696,0.289,0.4938,0.99,0.22, 0.4192,0.756,0.1509,0.3952,0.71,0.1271,0.388,0.286,0.2633,0.5479,
0.5074,0.516,0.4458,0.4412,0.808,0.1913,0.4382,0.83,0.1787,0.438,0.62,0.2473, 0.4192,0.756,0.1509, 0.388,0.286,0.2633, 0.519,0.124,0.5556,0.498,0.942,0.2042,0.4812,0.956,0.1934, 0.4584,0.668,0.2318,0.4568,0.524,0.3299,0.415,0.506,0.2668,0.5352,
0.519,0.124,0.5556,0.5088,0.728,0.3275,0.5028,0.628,0.3218,0.495,0.696,0.289, 0.4584,0.668,0.2318, 0.4192,0.756,0.1509, 0.4938,0.99,0.22,0.4526,0.942,0.1358,0.452,0.762,0.2385, 0.4382,0.83,0.1787,0.415,0.296,0.3255,0.401,0.752,0.0812,0.4171,
0.5342,0.912,0.3212,0.4192,0.756,0.1509,0.415,0.296,0.3255,0.4036,0.698,0.1109, 0.388,0.286,0.2633, 0.3874,0.582,0.1563, 0.5074,0.516,0.4458,0.4568,0.524,0.3299,0.4382,0.83,0.1787, 0.4264,0.742,0.1453,0.415,0.506,0.2668,0.4144,0.82,0.0919,0.6058,
0.5088,0.728,0.3275,0.4568,0.524,0.3299,0.4192,0.756,0.1509,0.3952,0.71,0.1271, 0.388,0.286,0.2633, 0.3874,0.582,0.1563, 0.5028,0.628,0.3218,0.498,0.942,0.2042,0.4776,0.36,0.4338, 0.4412,0.808,0.1913,0.4144,0.82,0.0919,0.401,0.752,0.0812,0.5796,
0.519,0.124,0.5556,0.5088,0.728,0.3275,0.5074,0.516,0.4458,0.4584,0.668,0.2318, 0.4568,0.524,0.3299, 0.4036,0.698,0.1109, 0.495,0.696,0.289,0.4812,0.956,0.1934,0.4412,0.808,0.1913, 0.4382,0.83,0.1787,0.415,0.506,0.2668,0.415,0.296,0.3255,0.5876,
0.4568,0.524,0.3299,0.4526,0.942,0.1358,0.4412,0.808,0.1913,0.4382,0.83,0.1787, 0.4192,0.756,0.1509, 0.3792,0.094,0.287, 0.5074,0.516,0.4458,0.498,0.942,0.2042,0.495,0.696,0.289, 0.452,0.762,0.2385,0.4264,0.742,0.1453,0.3916,0.426,0.2104,0.5084,
0.5074,0.516,0.4458,0.4412,0.808,0.1913,0.4036,0.698,0.1109,0.401,0.752,0.0812, 0.3952,0.71,0.1271, 0.3792,0.094,0.287, 0.5342,0.912,0.3212,0.4526,0.942,0.1358,0.452,0.762,0.2385, 0.438,0.62,0.2473,0.428,0.628,0.204,0.4192,0.756,0.1509,0.3585,
0.519,0.124,0.5556,0.5088,0.728,0.3275,0.495,0.696,0.289,0.4526,0.942,0.1358, 0.428,0.628,0.204, 0.388,0.286,0.2633, 0.5342,0.912,0.3212,0.438,0.62,0.2473,0.4264,0.742,0.1453, 0.415,0.296,0.3255,0.4144,0.82,0.0919,0.4036,0.698,0.1109,0.5636,
0.498,0.942,0.2042,0.4938,0.99,0.22,0.442,0.842,0.1547,0.428,0.628,0.204, 0.4144,0.82,0.0919, 0.401,0.752,0.0812, 0.5342,0.912,0.3212,0.5028,0.628,0.3218,0.4776,0.36,0.4338, 0.452,0.762,0.2385,0.4192,0.756,0.1509,0.3952,0.71,0.1271,0.5761,
0.5088,0.728,0.3275,0.5028,0.628,0.3218,0.4776,0.36,0.4338,0.4568,0.524,0.3299, 0.428,0.628,0.204, 0.415,0.506,0.2668, 0.5342,0.912,0.3212,0.4812,0.956,0.1934,0.442,0.842,0.1547, 0.4192,0.756,0.1509,0.4036,0.698,0.1109,0.3916,0.426,0.2104,0.5963,
0.5342,0.912,0.3212,0.4584,0.668,0.2318,0.4526,0.942,0.1358,0.452,0.762,0.2385, 0.415,0.296,0.3255, 0.401,0.752,0.0812, 0.519,0.124,0.5556,0.495,0.696,0.289,0.4264,0.742,0.1453, 0.3952,0.71,0.1271,0.3916,0.426,0.2104,0.3792,0.094,0.287,0.596,
0.4776,0.36,0.4338,0.452,0.762,0.2385,0.428,0.628,0.204,0.4192,0.756,0.1509, 0.401,0.752,0.0812, 0.388,0.286,0.2633, 0.5028,0.628,0.3218,0.498,0.942,0.2042,0.4938,0.99,0.22, 0.4584,0.668,0.2318,0.4526,0.942,0.1358,0.415,0.296,0.3255,0.3322,
0.498,0.942,0.2042,0.4776,0.36,0.4338,0.452,0.762,0.2385,0.4412,0.808,0.1913, 0.3952,0.71,0.1271, 0.3792,0.094,0.287, 0.5342,0.912,0.3212,0.5074,0.516,0.4458,0.4584,0.668,0.2318, 0.4568,0.524,0.3299,0.415,0.506,0.2668,0.3874,0.582,0.1563,0.6021,
0.5088,0.728,0.3275,0.498,0.942,0.2042,0.4568,0.524,0.3299,0.428,0.628,0.204, 0.4264,0.742,0.1453, 0.3792,0.094,0.287, 0.5342,0.912,0.3212,0.5074,0.516,0.4458,0.4526,0.942,0.1358, 0.452,0.762,0.2385,0.442,0.842,0.1547,0.438,0.62,0.2473,0.4747,
0.519,0.124,0.5556,0.5028,0.628,0.3218,0.4264,0.742,0.1453,0.415,0.296,0.3255, 0.401,0.752,0.0812, 0.3874,0.582,0.1563, 0.5342,0.912,0.3212,0.4938,0.99,0.22,0.4526,0.942,0.1358, 0.4412,0.808,0.1913,0.428,0.628,0.204,0.4192,0.756,0.1509,0.5281,
0.5342,0.912,0.3212,0.4776,0.36,0.4338,0.442,0.842,0.1547,0.438,0.62,0.2473, 0.4192,0.756,0.1509, 0.415,0.506,0.2668, 0.4938,0.99,0.22,0.4568,0.524,0.3299,0.4412,0.808,0.1913, 0.415,0.296,0.3255,0.4036,0.698,0.1109,0.3792,0.094,0.287,0.5338,
0.519,0.124,0.5556,0.452,0.762,0.2385,0.4382,0.83,0.1787,0.415,0.296,0.3255, 0.401,0.752,0.0812, 0.3952,0.71,0.1271, 0.498,0.942,0.2042,0.442,0.842,0.1547,0.415,0.506,0.2668, 0.4036,0.698,0.1109,0.388,0.286,0.2633,0.3792,0.094,0.287,0.6461,
0.519,0.124,0.5556,0.5028,0.628,0.3218,0.4812,0.956,0.1934,0.4584,0.668,0.2318, 0.4526,0.942,0.1358, 0.428,0.628,0.204, 0.5074,0.516,0.4458,0.4938,0.99,0.22,0.4776,0.36,0.4338, 0.4144,0.82,0.0919,0.388,0.286,0.2633,0.3792,0.094,0.287,0.5879,
0.5342,0.912,0.3212,0.4938,0.99,0.22,0.4568,0.524,0.3299,0.4526,0.942,0.1358, 0.401,0.752,0.0812, 0.3952,0.71,0.1271, 0.498,0.942,0.2042,0.4412,0.808,0.1913,0.438,0.62,0.2473, 0.428,0.628,0.204,0.388,0.286,0.2633,0.3874,0.582,0.1563,0.537,
0.519,0.124,0.5556,0.5028,0.628,0.3218,0.4938,0.99,0.22,0.4568,0.524,0.3299, 0.401,0.752,0.0812, 0.3952,0.71,0.1271, 0.5342,0.912,0.3212,0.5074,0.516,0.4458,0.498,0.942,0.2042, 0.4812,0.956,0.1934,0.4526,0.942,0.1358,0.4144,0.82,0.0919,0.6139,
0.5088,0.728,0.3275,0.5074,0.516,0.4458,0.495,0.696,0.289,0.4526,0.942,0.1358, 0.428,0.628,0.204, 0.4144,0.82,0.0919, 0.4812,0.956,0.1934,0.4776,0.36,0.4338,0.415,0.296,0.3255, 0.415,0.506,0.2668,0.4036,0.698,0.1109,0.388,0.286,0.2633,0.4135,
0.5342,0.912,0.3212,0.498,0.942,0.2042,0.4776,0.36,0.4338,0.4584,0.668,0.2318, 0.438,0.62,0.2473, 0.415,0.506,0.2668, 0.5074,0.516,0.4458,0.4812,0.956,0.1934,0.4412,0.808,0.1913, 0.4264,0.742,0.1453,0.4036,0.698,0.1109,0.3952,0.71,0.1271,0.5007,
0.4776,0.36,0.4338,0.452,0.762,0.2385,0.415,0.296,0.3255,0.401,0.752,0.0812, 0.3952,0.71,0.1271, 0.3792,0.094,0.287, 0.5028,0.628,0.3218,0.495,0.696,0.289,0.4568,0.524,0.3299, 0.442,0.842,0.1547,0.428,0.628,0.204,0.3916,0.426,0.2104,0.4985,
0.5342,0.912,0.3212,0.5088,0.728,0.3275,0.4812,0.956,0.1934,0.4568,0.524,0.3299, 0.4526,0.942,0.1358, 0.4382,0.83,0.1787, 0.5074,0.516,0.4458,0.498,0.942,0.2042,0.4776,0.36,0.4338, 0.4264,0.742,0.1453,0.401,0.752,0.0812,0.3916,0.426,0.2104,0.4317,
0.519,0.124,0.5556,0.5074,0.516,0.4458,0.4938,0.99,0.22,0.4568,0.524,0.3299, 0.4036,0.698,0.1109, 0.401,0.752,0.0812, 0.495,0.696,0.289,0.4776,0.36,0.4338,0.452,0.762,0.2385, 0.438,0.62,0.2473,0.3874,0.582,0.1563,0.3792,0.094,0.287,0.5725,
0.5028,0.628,0.3218,0.4526,0.942,0.1358,0.438,0.62,0.2473,0.4192,0.756,0.1509, 0.401,0.752,0.0812, 0.3792,0.094,0.287, 0.495,0.696,0.289,0.4938,0.99,0.22,0.4812,0.956,0.1934, 0.4776,0.36,0.4338,0.428,0.628,0.204,0.3952,0.71,0.1271,0.3732,
0.519,0.124,0.5556,0.5088,0.728,0.3275,0.4776,0.36,0.4338,0.452,0.762,0.2385, 0.4192,0.756,0.1509, 0.4144,0.82,0.0919, 0.495,0.696,0.289,0.4938,0.99,0.22,0.415,0.296,0.3255, 0.401,0.752,0.0812,0.3952,0.71,0.1271,0.3916,0.426,0.2104,0.3755,
0.5088,0.728,0.3275,0.5074,0.516,0.4458,0.415,0.296,0.3255,0.415,0.506,0.2668, 0.3952,0.71,0.1271, 0.3792,0.094,0.287, 0.519,0.124,0.5556,0.5028,0.628,0.3218,0.4938,0.99,0.22, 0.452,0.762,0.2385,0.4382,0.83,0.1787,0.388,0.286,0.2633,0.54,
0.495,0.696,0.289,0.4812,0.956,0.1934,0.452,0.762,0.2385,0.4412,0.808,0.1913, 0.438,0.62,0.2473, 0.4144,0.82,0.0919, 0.519,0.124,0.5556,0.5074,0.516,0.4458,0.4192,0.756,0.1509, 0.3916,0.426,0.2104,0.388,0.286,0.2633,0.3792,0.094,0.287,0.6216,
0.4938,0.99,0.22,0.452,0.762,0.2385,0.442,0.842,0.1547,0.4264,0.742,0.1453, 0.3952,0.71,0.1271, 0.3874,0.582,0.1563, 0.5028,0.628,0.3218,0.4776,0.36,0.4338,0.4584,0.668,0.2318, 0.4526,0.942,0.1358,0.4412,0.808,0.1913,0.4382,0.83,0.1787,0.5216,
0.498,0.942,0.2042,0.4938,0.99,0.22,0.4526,0.942,0.1358,0.452,0.762,0.2385, 0.4036,0.698,0.1109, 0.3916,0.426,0.2104, 0.5088,0.728,0.3275,0.442,0.842,0.1547,0.428,0.628,0.204, 0.401,0.752,0.0812,0.388,0.286,0.2633,0.3792,0.094,0.287,0.5172,
0.4812,0.956,0.1934,0.4584,0.668,0.2318,0.4382,0.83,0.1787,0.415,0.296,0.3255, 0.415,0.506,0.2668, 0.3952,0.71,0.1271, 0.519,0.124,0.5556,0.5074,0.516,0.4458,0.4938,0.99,0.22, 0.442,0.842,0.1547,0.428,0.628,0.204,0.4036,0.698,0.1109,0.5045,
0.5074,0.516,0.4458,0.495,0.696,0.289,0.4938,0.99,0.22,0.442,0.842,0.1547, 0.428,0.628,0.204, 0.3952,0.71,0.1271, 0.4812,0.956,0.1934,0.4526,0.942,0.1358,0.452,0.762,0.2385, 0.415,0.296,0.3255,0.4036,0.698,0.1109,0.388,0.286,0.2633,0.4922,
0.5342,0.912,0.3212,0.519,0.124,0.5556,0.5088,0.728,0.3275,0.452,0.762,0.2385, 0.442,0.842,0.1547, 0.388,0.286,0.2633, 0.498,0.942,0.2042,0.4812,0.956,0.1934,0.4526,0.942,0.1358, 0.428,0.628,0.204,0.4192,0.756,0.1509,0.4036,0.698,0.1109,0.4525,
0.5342,0.912,0.3212,0.519,0.124,0.5556,0.4526,0.942,0.1358,0.4412,0.808,0.1913, 0.428,0.628,0.204, 0.3874,0.582,0.1563, 0.498,0.942,0.2042,0.4568,0.524,0.3299,0.4192,0.756,0.1509, 0.4144,0.82,0.0919,0.401,0.752,0.0812,0.3792,0.094,0.287,0.3466,
0.5028,0.628,0.3218,0.4776,0.36,0.4338,0.4526,0.942,0.1358,0.442,0.842,0.1547, 0.4144,0.82,0.0919, 0.401,0.752,0.0812, 0.5342,0.912,0.3212,0.498,0.942,0.2042,0.495,0.696,0.289, 0.4938,0.99,0.22,0.438,0.62,0.2473,0.4264,0.742,0.1453,0.3879,
0.5074,0.516,0.4458,0.498,0.942,0.2042,0.4584,0.668,0.2318,0.428,0.628,0.204, 0.415,0.296,0.3255, 0.3874,0.582,0.1563, 0.5342,0.912,0.3212,0.415,0.506,0.2668,0.4144,0.82,0.0919, 0.3952,0.71,0.1271,0.3916,0.426,0.2104,0.388,0.286,0.2633,0.5676,
0.498,0.942,0.2042,0.438,0.62,0.2473,0.415,0.296,0.3255,0.4036,0.698,0.1109, 0.388,0.286,0.2633, 0.3792,0.094,0.287, 0.5088,0.728,0.3275,0.4584,0.668,0.2318,0.4568,0.524,0.3299, 0.4382,0.83,0.1787,0.4192,0.756,0.1509,0.415,0.506,0.2668,0.3746,
0.4812,0.956,0.1934,0.4526,0.942,0.1358,0.438,0.62,0.2473,0.415,0.296,0.3255, 0.388,0.286,0.2633, 0.3792,0.094,0.287, 0.498,0.942,0.2042,0.4938,0.99,0.22,0.4584,0.668,0.2318, 0.452,0.762,0.2385,0.4144,0.82,0.0919,0.3952,0.71,0.1271,0.5444,
0.5342,0.912,0.3212,0.5088,0.728,0.3275,0.5028,0.628,0.3218,0.415,0.296,0.3255, 0.415,0.506,0.2668, 0.4144,0.82,0.0919, 0.4568,0.524,0.3299,0.4526,0.942,0.1358,0.452,0.762,0.2385, 0.4382,0.83,0.1787,0.438,0.62,0.2473,0.3916,0.426,0.2104,0.6051,
0.4938,0.99,0.22,0.4812,0.956,0.1934,0.442,0.842,0.1547,0.401,0.752,0.0812, 0.3916,0.426,0.2104, 0.3874,0.582,0.1563, 0.5088,0.728,0.3275,0.498,0.942,0.2042,0.495,0.696,0.289, 0.4584,0.668,0.2318,0.428,0.628,0.204,0.3952,0.71,0.1271,0.5119,
0.5074,0.516,0.4458,0.4568,0.524,0.3299,0.4382,0.83,0.1787,0.401,0.752,0.0812, 0.3952,0.71,0.1271, 0.3792,0.094,0.287, 0.519,0.124,0.5556,0.5088,0.728,0.3275,0.4584,0.668,0.2318, 0.4412,0.808,0.1913,0.4192,0.756,0.1509,0.388,0.286,0.2633,0.5936,
0.5028,0.628,0.3218,0.498,0.942,0.2042,0.495,0.696,0.289,0.4526,0.942,0.1358, 0.4036,0.698,0.1109, 0.3792,0.094,0.287, 0.4812,0.956,0.1934,0.428,0.628,0.204,0.415,0.506,0.2668, 0.401,0.752,0.0812,0.3952,0.71,0.1271,0.388,0.286,0.2633,0.5036,
0.4938,0.99,0.22,0.4812,0.956,0.1934,0.4776,0.36,0.4338,0.452,0.762,0.2385, 0.442,0.842,0.1547, 0.4264,0.742,0.1453, 0.495,0.696,0.289,0.4584,0.668,0.2318,0.4412,0.808,0.1913, 0.428,0.628,0.204,0.415,0.296,0.3255,0.4144,0.82,0.0919,0.5508,
0.4776,0.36,0.4338,0.442,0.842,0.1547,0.428,0.628,0.204,0.4264,0.742,0.1453, 0.4144,0.82,0.0919, 0.3792,0.094,0.287, 0.498,0.942,0.2042,0.4938,0.99,0.22,0.4568,0.524,0.3299, 0.4526,0.942,0.1358,0.401,0.752,0.0812,0.3874,0.582,0.1563,0.6001,
0.442,0.842,0.1547,0.4412,0.808,0.1913,0.4264,0.742,0.1453,0.4036,0.698,0.1109, 0.3916,0.426,0.2104, 0.388,0.286,0.2633, 0.5028,0.628,0.3218,0.498,0.942,0.2042,0.4568,0.524,0.3299, 0.415,0.506,0.2668,0.415,0.296,0.3255,0.3952,0.71,0.1271,0.384,
0.495,0.696,0.289,0.4938,0.99,0.22,0.4382,0.83,0.1787,0.4264,0.742,0.1453, 0.4144,0.82,0.0919, 0.4036,0.698,0.1109, 0.5342,0.912,0.3212,0.519,0.124,0.5556,0.498,0.942,0.2042, 0.4526,0.942,0.1358,0.3952,0.71,0.1271,0.3916,0.426,0.2104,0.6323,
0.5028,0.628,0.3218,0.4938,0.99,0.22,0.4568,0.524,0.3299,0.452,0.762,0.2385, 0.438,0.62,0.2473, 0.4264,0.742,0.1453, 0.519,0.124,0.5556,0.495,0.696,0.289,0.4382,0.83,0.1787, 0.4192,0.756,0.1509,0.3916,0.426,0.2104,0.388,0.286,0.2633,0.5956,
0.5342,0.912,0.3212,0.495,0.696,0.289,0.452,0.762,0.2385,0.428,0.628,0.204, 0.4036,0.698,0.1109, 0.3874,0.582,0.1563, 0.5088,0.728,0.3275,0.415,0.296,0.3255,0.401,0.752,0.0812, 0.3952,0.71,0.1271,0.388,0.286,0.2633,0.3792,0.094,0.287,0.3492,
0.4938,0.99,0.22,0.4776,0.36,0.4338,0.4412,0.808,0.1913,0.4036,0.698,0.1109, 0.3916,0.426,0.2104, 0.3874,0.582,0.1563, 0.5088,0.728,0.3275,0.5028,0.628,0.3218,0.498,0.942,0.2042, 0.4382,0.83,0.1787,0.415,0.296,0.3255,0.401,0.752,0.0812,0.5982,
0.5074,0.516,0.4458,0.498,0.942,0.2042,0.4938,0.99,0.22,0.428,0.628,0.204, 0.415,0.296,0.3255, 0.4036,0.698,0.1109, 0.4526,0.942,0.1358,0.4412,0.808,0.1913,0.4382,0.83,0.1787, 0.4144,0.82,0.0919,0.3952,0.71,0.1271,0.3916,0.426,0.2104,0.3867,
0.5074,0.516,0.4458,0.4938,0.99,0.22,0.428,0.628,0.204,0.4264,0.742,0.1453, 0.415,0.296,0.3255, 0.3952,0.71,0.1271, 0.4812,0.956,0.1934,0.4776,0.36,0.4338,0.4526,0.942,0.1358, 0.452,0.762,0.2385,0.442,0.842,0.1547,0.4412,0.808,0.1913,0.7439,
0.495,0.696,0.289,0.4526,0.942,0.1358,0.442,0.842,0.1547,0.4412,0.808,0.1913, 0.438,0.62,0.2473, 0.4144,0.82,0.0919, 0.4776,0.36,0.4338,0.4584,0.668,0.2318,0.428,0.628,0.204, 0.415,0.506,0.2668,0.401,0.752,0.0812,0.3952,0.71,0.1271,0.7128,
0.4776,0.36,0.4338,0.4584,0.668,0.2318,0.452,0.762,0.2385,0.442,0.842,0.1547, 0.415,0.296,0.3255, 0.4036,0.698,0.1109, 0.519,0.124,0.5556,0.5074,0.516,0.4458,0.495,0.696,0.289, 0.4264,0.742,0.1453,0.401,0.752,0.0812,0.3916,0.426,0.2104,0.815,
0.495,0.696,0.289,0.4584,0.668,0.2318,0.4526,0.942,0.1358,0.4382,0.83,0.1787, 0.415,0.296,0.3255, 0.3792,0.094,0.287, 0.498,0.942,0.2042,0.4776,0.36,0.4338,0.452,0.762,0.2385, 0.442,0.842,0.1547,0.415,0.506,0.2668,0.3916,0.426,0.2104,0.7845,
0.498,0.942,0.2042,0.452,0.762,0.2385,0.442,0.842,0.1547,0.438,0.62,0.2473, 0.4036,0.698,0.1109, 0.3952,0.71,0.1271, 0.5342,0.912,0.3212,0.495,0.696,0.289,0.428,0.628,0.204, 0.4192,0.756,0.1509,0.415,0.506,0.2668,0.388,0.286,0.2633,0.8331,
0.4568,0.524,0.3299,0.442,0.842,0.1547,0.4412,0.808,0.1913,0.415,0.506,0.2668, 0.3952,0.71,0.1271, 0.3916,0.426,0.2104, 0.5342,0.912,0.3212,0.4382,0.83,0.1787,0.438,0.62,0.2473, 0.4192,0.756,0.1509,0.401,0.752,0.0812,0.388,0.286,0.2633,0.8333,
0.5028,0.628,0.3218,0.4938,0.99,0.22,0.4776,0.36,0.4338,0.442,0.842,0.1547, 0.4264,0.742,0.1453, 0.4144,0.82,0.0919, 0.5342,0.912,0.3212,0.519,0.124,0.5556,0.5088,0.728,0.3275, 0.452,0.762,0.2385,0.3916,0.426,0.2104,0.3874,0.582,0.1563,0.84,
0.5088,0.728,0.3275,0.5074,0.516,0.4458,0.452,0.762,0.2385,0.4412,0.808,0.1913, 0.415,0.296,0.3255, 0.388,0.286,0.2633, 0.519,0.124,0.5556,0.4938,0.99,0.22,0.442,0.842,0.1547, 0.415,0.506,0.2668,0.4144,0.82,0.0919,0.401,0.752,0.0812,0.7901,
0.5342,0.912,0.3212,0.452,0.762,0.2385,0.442,0.842,0.1547,0.4412,0.808,0.1913, 0.4264,0.742,0.1453, 0.388,0.286,0.2633, 0.5074,0.516,0.4458,0.5028,0.628,0.3218,0.4776,0.36,0.4338, 0.4526,0.942,0.1358,0.4036,0.698,0.1109,0.3916,0.426,0.2104,0.8973,
0.495,0.696,0.289,0.4938,0.99,0.22,0.4812,0.956,0.1934,0.415,0.506,0.2668, 0.4144,0.82,0.0919, 0.4036,0.698,0.1109, 0.519,0.124,0.5556,0.5028,0.628,0.3218,0.4584,0.668,0.2318, 0.415,0.296,0.3255,0.401,0.752,0.0812,0.3916,0.426,0.2104,0.8746,
0.495,0.696,0.289,0.4938,0.99,0.22,0.438,0.62,0.2473,0.4192,0.756,0.1509, 0.4144,0.82,0.0919, 0.3792,0.094,0.287, 0.4812,0.956,0.1934,0.4776,0.36,0.4338,0.4568,0.524,0.3299, 0.4412,0.808,0.1913,0.415,0.506,0.2668,0.401,0.752,0.0812,0.7825,
0.5342,0.912,0.3212,0.495,0.696,0.289,0.4776,0.36,0.4338,0.4036,0.698,0.1109, 0.401,0.752,0.0812, 0.3952,0.71,0.1271, 0.4584,0.668,0.2318,0.4526,0.942,0.1358,0.4412,0.808,0.1913, 0.4382,0.83,0.1787,0.438,0.62,0.2473,0.3874,0.582,0.1563,0.808,
0.5028,0.628,0.3218,0.495,0.696,0.289,0.4812,0.956,0.1934,0.4412,0.808,0.1913, 0.4264,0.742,0.1453, 0.3874,0.582,0.1563, 0.519,0.124,0.5556,0.5088,0.728,0.3275,0.498,0.942,0.2042, 0.4584,0.668,0.2318,0.452,0.762,0.2385,0.3952,0.71,0.1271,0.6943,
0.5088,0.728,0.3275,0.4812,0.956,0.1934,0.452,0.762,0.2385,0.438,0.62,0.2473, 0.415,0.296,0.3255, 0.388,0.286,0.2633, 0.5342,0.912,0.3212,0.495,0.696,0.289,0.4526,0.942,0.1358, 0.4264,0.742,0.1453,0.4192,0.756,0.1509,0.415,0.506,0.2668,0.8875,
0.498,0.942,0.2042,0.4568,0.524,0.3299,0.4382,0.83,0.1787,0.4192,0.756,0.1509, 0.4144,0.82,0.0919, 0.3916,0.426,0.2104, 0.5342,0.912,0.3212,0.519,0.124,0.5556,0.438,0.62,0.2473, 0.4264,0.742,0.1453,0.3952,0.71,0.1271,0.3792,0.094,0.287,0.8197,
0.5028,0.628,0.3218,0.452,0.762,0.2385,0.442,0.842,0.1547,0.4382,0.83,0.1787, 0.415,0.506,0.2668, 0.4144,0.82,0.0919, 0.495,0.696,0.289,0.4938,0.99,0.22,0.4812,0.956,0.1934, 0.4776,0.36,0.4338,0.415,0.296,0.3255,0.3792,0.094,0.287,0.7997,
0.5342,0.912,0.3212,0.5088,0.728,0.3275,0.495,0.696,0.289,0.415,0.296,0.3255, 0.3952,0.71,0.1271, 0.3916,0.426,0.2104, 0.5028,0.628,0.3218,0.4812,0.956,0.1934,0.4412,0.808,0.1913, 0.438,0.62,0.2473,0.428,0.628,0.204,0.3792,0.094,0.287,0.7622,
0.519,0.124,0.5556,0.5028,0.628,0.3218,0.4584,0.668,0.2318,0.4526,0.942,0.1358, 0.4264,0.742,0.1453, 0.415,0.506,0.2668, 0.5342,0.912,0.3212,0.4812,0.956,0.1934,0.442,0.842,0.1547, 0.4382,0.83,0.1787,0.401,0.752,0.0812,0.388,0.286,0.2633,0.8088,
0.5028,0.628,0.3218,0.498,0.942,0.2042,0.4776,0.36,0.4338,0.4264,0.742,0.1453, 0.401,0.752,0.0812, 0.3916,0.426,0.2104, 0.5088,0.728,0.3275,0.4938,0.99,0.22,0.438,0.62,0.2473, 0.4036,0.698,0.1109,0.3874,0.582,0.1563,0.3792,0.094,0.287,0.814,
0.5088,0.728,0.3275,0.498,0.942,0.2042,0.4812,0.956,0.1934,0.4584,0.668,0.2318, 0.4412,0.808,0.1913, 0.438,0.62,0.2473, 0.5028,0.628,0.3218,0.4938,0.99,0.22,0.4776,0.36,0.4338, 0.4382,0.83,0.1787,0.4144,0.82,0.0919,0.3874,0.582,0.1563,0.7035,
0.5028,0.628,0.3218,0.4382,0.83,0.1787,0.438,0.62,0.2473,0.4264,0.742,0.1453, 0.4144,0.82,0.0919, 0.3916,0.426,0.2104, 0.4812,0.956,0.1934,0.4584,0.668,0.2318,0.4568,0.524,0.3299, 0.4412,0.808,0.1913,0.415,0.506,0.2668,0.388,0.286,0.2633,0.8088,
0.519,0.124,0.5556,0.498,0.942,0.2042,0.4776,0.36,0.4338,0.4412,0.808,0.1913, 0.388,0.286,0.2633, 0.3874,0.582,0.1563, 0.5074,0.516,0.4458,0.5028,0.628,0.3218,0.4812,0.956,0.1934, 0.4584,0.668,0.2318,0.415,0.506,0.2668,0.3916,0.426,0.2104,0.8651,
0.498,0.942,0.2042,0.4526,0.942,0.1358,0.4412,0.808,0.1913,0.4382,0.83,0.1787, 0.415,0.296,0.3255, 0.388,0.286,0.2633, 0.5088,0.728,0.3275,0.4584,0.668,0.2318,0.438,0.62,0.2473, 0.4264,0.742,0.1453,0.3952,0.71,0.1271,0.3792,0.094,0.287,0.8369,
0.5088,0.728,0.3275,0.4812,0.956,0.1934,0.4776,0.36,0.4338,0.4568,0.524,0.3299, 0.4192,0.756,0.1509, 0.415,0.506,0.2668, 0.519,0.124,0.5556,0.5074,0.516,0.4458,0.4938,0.99,0.22, 0.4584,0.668,0.2318,0.3952,0.71,0.1271,0.3792,0.094,0.287,0.8863,
0.5074,0.516,0.4458,0.5028,0.628,0.3218,0.498,0.942,0.2042,0.4264,0.742,0.1453, 0.4192,0.756,0.1509, 0.415,0.296,0.3255, 0.5342,0.912,0.3212,0.495,0.696,0.289,0.4568,0.524,0.3299, 0.4382,0.83,0.1787,0.4144,0.82,0.0919,0.3792,0.094,0.287,0.8516,
0.5028,0.628,0.3218,0.498,0.942,0.2042,0.442,0.842,0.1547,0.4412,0.808,0.1913, 0.401,0.752,0.0812, 0.3952,0.71,0.1271, 0.495,0.696,0.289,0.4568,0.524,0.3299,0.4264,0.742,0.1453, 0.4192,0.756,0.1509,0.4144,0.82,0.0919,0.4036,0.698,0.1109,0.8055,
0.5028,0.628,0.3218,0.4812,0.956,0.1934,0.428,0.628,0.204,0.4036,0.698,0.1109, 0.3916,0.426,0.2104, 0.3874,0.582,0.1563, 0.4584,0.668,0.2318,0.4568,0.524,0.3299,0.452,0.762,0.2385, 0.4382,0.83,0.1787,0.4264,0.742,0.1453,0.4144,0.82,0.0919,0.7686,
0.495,0.696,0.289,0.4776,0.36,0.4338,0.4584,0.668,0.2318,0.4568,0.524,0.3299, 0.4264,0.742,0.1453, 0.3874,0.582,0.1563, 0.5342,0.912,0.3212,0.452,0.762,0.2385,0.438,0.62,0.2473, 0.4192,0.756,0.1509,0.415,0.296,0.3255,0.3792,0.094,0.287,0.8708,
0.5342,0.912,0.3212,0.4812,0.956,0.1934,0.452,0.762,0.2385,0.428,0.628,0.204, 0.4192,0.756,0.1509, 0.415,0.296,0.3255, 0.5074,0.516,0.4458,0.495,0.696,0.289,0.442,0.842,0.1547, 0.4412,0.808,0.1913,0.4264,0.742,0.1453,0.3792,0.094,0.287,0.8117,
0.519,0.124,0.5556,0.5074,0.516,0.4458,0.498,0.942,0.2042,0.4776,0.36,0.4338, 0.4192,0.756,0.1509, 0.415,0.506,0.2668, 0.5342,0.912,0.3212,0.5028,0.628,0.3218,0.442,0.842,0.1547, 0.4412,0.808,0.1913,0.4382,0.83,0.1787,0.438,0.62,0.2473,0.8565,
0.4938,0.99,0.22,0.4776,0.36,0.4338,0.442,0.842,0.1547,0.4382,0.83,0.1787, 0.4192,0.756,0.1509, 0.415,0.506,0.2668, 0.519,0.124,0.5556,0.4812,0.956,0.1934,0.4584,0.668,0.2318, 0.415,0.296,0.3255,0.3874,0.582,0.1563,0.3792,0.094,0.287,0.7127,
0.495,0.696,0.289,0.4526,0.942,0.1358,0.442,0.842,0.1547,0.4264,0.742,0.1453, 0.4192,0.756,0.1509, 0.401,0.752,0.0812, 0.519,0.124,0.5556,0.5028,0.628,0.3218,0.4776,0.36,0.4338, 0.428,0.628,0.204,0.4036,0.698,0.1109,0.3874,0.582,0.1563,0.7333,
0.5342,0.912,0.3212,0.498,0.942,0.2042,0.452,0.762,0.2385,0.442,0.842,0.1547, 0.401,0.752,0.0812, 0.3874,0.582,0.1563, 0.5074,0.516,0.4458,0.495,0.696,0.289,0.4584,0.668,0.2318, 0.4192,0.756,0.1509,0.415,0.296,0.3255,0.3792,0.094,0.287,0.8712,
0.5088,0.728,0.3275,0.498,0.942,0.2042,0.4526,0.942,0.1358,0.452,0.762,0.2385, 0.438,0.62,0.2473, 0.415,0.506,0.2668, 0.5342,0.912,0.3212,0.5028,0.628,0.3218,0.4812,0.956,0.1934, 0.4776,0.36,0.4338,0.4412,0.808,0.1913,0.4036,0.698,0.1109,0.8233,
0.5342,0.912,0.3212,0.5074,0.516,0.4458,0.498,0.942,0.2042,0.4584,0.668,0.2318, 0.4264,0.742,0.1453, 0.3792,0.094,0.287, 0.4812,0.956,0.1934,0.4776,0.36,0.4338,0.4568,0.524,0.3299, 0.452,0.762,0.2385,0.438,0.62,0.2473,0.3952,0.71,0.1271,0.8536,
0.5342,0.912,0.3212,0.4812,0.956,0.1934,0.428,0.628,0.204,0.4264,0.742,0.1453, 0.401,0.752,0.0812, 0.3952,0.71,0.1271, 0.519,0.124,0.5556,0.5074,0.516,0.4458,0.452,0.762,0.2385, 0.4382,0.83,0.1787,0.388,0.286,0.2633,0.3792,0.094,0.287,0.8684,
0.5088,0.728,0.3275,0.4584,0.668,0.2318,0.4382,0.83,0.1787,0.428,0.628,0.204, 0.401,0.752,0.0812, 0.388,0.286,0.2633, 0.5028,0.628,0.3218,0.495,0.696,0.289,0.438,0.62,0.2473, 0.4264,0.742,0.1453,0.415,0.296,0.3255,0.4036,0.698,0.1109,0.8678,
0.495,0.696,0.289,0.4938,0.99,0.22,0.4412,0.808,0.1913,0.4382,0.83,0.1787, 0.4192,0.756,0.1509, 0.3792,0.094,0.287, 0.5074,0.516,0.4458,0.438,0.62,0.2473,0.415,0.506,0.2668, 0.415,0.296,0.3255,0.4144,0.82,0.0919,0.388,0.286,0.2633,0.8114,
0.519,0.124,0.5556,0.498,0.942,0.2042,0.4584,0.668,0.2318,0.442,0.842,0.1547, 0.401,0.752,0.0812, 0.3792,0.094,0.287, 0.5342,0.912,0.3212,0.495,0.696,0.289,0.4812,0.956,0.1934, 0.4412,0.808,0.1913,0.3916,0.426,0.2104,0.3874,0.582,0.1563,0.7606,
0.5028,0.628,0.3218,0.4938,0.99,0.22,0.4412,0.808,0.1913,0.415,0.506,0.2668, 0.4036,0.698,0.1109, 0.3792,0.094,0.287, 0.519,0.124,0.5556,0.4584,0.668,0.2318,0.4568,0.524,0.3299, 0.442,0.842,0.1547,0.428,0.628,0.204,0.388,0.286,0.2633,0.8464,
0.5342,0.912,0.3212,0.5074,0.516,0.4458,0.4192,0.756,0.1509,0.4144,0.82,0.0919, 0.4036,0.698,0.1109, 0.3874,0.582,0.1563, 0.498,0.942,0.2042,0.452,0.762,0.2385,0.4382,0.83,0.1787, 0.415,0.506,0.2668,0.415,0.296,0.3255,0.401,0.752,0.0812,0.8975,
0.5028,0.628,0.3218,0.495,0.696,0.289,0.4584,0.668,0.2318,0.442,0.842,0.1547, 0.4192,0.756,0.1509, 0.3792,0.094,0.287, 0.519,0.124,0.5556,0.4812,0.956,0.1934,0.4776,0.36,0.4338, 0.4526,0.942,0.1358,0.4382,0.83,0.1787,0.4036,0.698,0.1109,0.6666,
0.5028,0.628,0.3218,0.498,0.942,0.2042,0.4938,0.99,0.22,0.4382,0.83,0.1787, 0.4144,0.82,0.0919, 0.3874,0.582,0.1563, 0.5074,0.516,0.4458,0.4776,0.36,0.4338,0.442,0.842,0.1547, 0.415,0.506,0.2668,0.401,0.752,0.0812,0.3792,0.094,0.287,0.7384,
0.519,0.124,0.5556,0.5028,0.628,0.3218,0.442,0.842,0.1547,0.4382,0.83,0.1787, 0.415,0.296,0.3255, 0.388,0.286,0.2633, 0.5088,0.728,0.3275,0.4938,0.99,0.22,0.4776,0.36,0.4338, 0.452,0.762,0.2385,0.438,0.62,0.2473,0.3792,0.094,0.287,0.7955,
0.4584,0.668,0.2318,0.4526,0.942,0.1358,0.438,0.62,0.2473,0.4192,0.756,0.1509, 0.401,0.752,0.0812, 0.3916,0.426,0.2104, 0.5342,0.912,0.3212,0.4568,0.524,0.3299,0.4382,0.83,0.1787, 0.4144,0.82,0.0919,0.4036,0.698,0.1109,0.3952,0.71,0.1271,0.6923,
0.519,0.124,0.5556,0.5028,0.628,0.3218,0.4526,0.942,0.1358,0.442,0.842,0.1547, 0.3952,0.71,0.1271, 0.3916,0.426,0.2104, 0.5074,0.516,0.4458,0.4938,0.99,0.22,0.4812,0.956,0.1934, 0.4584,0.668,0.2318,0.428,0.628,0.204,0.415,0.296,0.3255,0.6608,
0.4776,0.36,0.4338,0.4412,0.808,0.1913,0.428,0.628,0.204,0.4192,0.756,0.1509, 0.401,0.752,0.0812, 0.3874,0.582,0.1563, 0.519,0.124,0.5556,0.4568,0.524,0.3299,0.442,0.842,0.1547, 0.415,0.506,0.2668,0.4036,0.698,0.1109,0.3792,0.094,0.287,0.8632,
0.5342,0.912,0.3212,0.519,0.124,0.5556,0.4526,0.942,0.1358,0.401,0.752,0.0812, 0.3916,0.426,0.2104, 0.3792,0.094,0.287, 0.5074,0.516,0.4458,0.495,0.696,0.289,0.4776,0.36,0.4338, 0.438,0.62,0.2473,0.415,0.296,0.3255,0.4144,0.82,0.0919,0.6662,
0.5028,0.628,0.3218,0.4412,0.808,0.1913,0.438,0.62,0.2473,0.428,0.628,0.204, 0.415,0.296,0.3255, 0.401,0.752,0.0812, 0.5074,0.516,0.4458,0.495,0.696,0.289,0.452,0.762,0.2385, 0.4382,0.83,0.1787,0.4264,0.742,0.1453,0.3874,0.582,0.1563,0.6886,
0.4938,0.99,0.22,0.4568,0.524,0.3299,0.438,0.62,0.2473,0.4144,0.82,0.0919, 0.3916,0.426,0.2104, 0.3874,0.582,0.1563, 0.519,0.124,0.5556,0.4776,0.36,0.4338,0.452,0.762,0.2385, 0.4264,0.742,0.1453,0.415,0.296,0.3255,0.388,0.286,0.2633,0.7197,
0.495,0.696,0.289,0.4812,0.956,0.1934,0.4568,0.524,0.3299,0.4264,0.742,0.1453, 0.388,0.286,0.2633, 0.3874,0.582,0.1563, 0.5028,0.628,0.3218,0.4526,0.942,0.1358,0.415,0.506,0.2668, 0.4144,0.82,0.0919,0.3916,0.426,0.2104,0.3792,0.094,0.287,0.7185,
0.519,0.124,0.5556,0.4812,0.956,0.1934,0.4776,0.36,0.4338,0.428,0.628,0.204, 0.4192,0.756,0.1509, 0.388,0.286,0.2633, 0.4938,0.99,0.22,0.4584,0.668,0.2318,0.452,0.762,0.2385, 0.415,0.296,0.3255,0.3952,0.71,0.1271,0.3792,0.094,0.287,0.6632,
0.495,0.696,0.289,0.4938,0.99,0.22,0.4812,0.956,0.1934,0.438,0.62,0.2473, 0.4264,0.742,0.1453, 0.388,0.286,0.2633, 0.5342,0.912,0.3212,0.519,0.124,0.5556,0.415,0.296,0.3255, 0.3952,0.71,0.1271,0.3916,0.426,0.2104,0.3792,0.094,0.287,0.7323,
0.498,0.942,0.2042,0.4776,0.36,0.4338,0.4584,0.668,0.2318,0.4382,0.83,0.1787, 0.428,0.628,0.204, 0.4036,0.698,0.1109, 0.5074,0.516,0.4458,0.5028,0.628,0.3218,0.4264,0.742,0.1453, 0.415,0.506,0.2668,0.401,0.752,0.0812,0.3792,0.094,0.287,0.7795,
0.5342,0.912,0.3212,0.5028,0.628,0.3218,0.442,0.842,0.1547,0.4412,0.808,0.1913, 0.4036,0.698,0.1109, 0.401,0.752,0.0812, 0.5088,0.728,0.3275,0.498,0.942,0.2042,0.4938,0.99,0.22, 0.4264,0.742,0.1453,0.4192,0.756,0.1509,0.415,0.296,0.3255,0.841,
0.5088,0.728,0.3275,0.4526,0.942,0.1358,0.438,0.62,0.2473,0.4264,0.742,0.1453, 0.4192,0.756,0.1509, 0.4144,0.82,0.0919, 0.4812,0.956,0.1934,0.452,0.762,0.2385,0.4382,0.83,0.1787, 0.415,0.296,0.3255,0.401,0.752,0.0812,0.3874,0.582,0.1563,0.8292,
0.5088,0.728,0.3275,0.4264,0.742,0.1453,0.4192,0.756,0.1509,0.415,0.506,0.2668, 0.4144,0.82,0.0919, 0.4036,0.698,0.1109, 0.4812,0.956,0.1934,0.4776,0.36,0.4338,0.438,0.62,0.2473, 0.428,0.628,0.204,0.401,0.752,0.0812,0.3916,0.426,0.2104,0.8836,
0.5074,0.516,0.4458,0.4412,0.808,0.1913,0.4382,0.83,0.1787,0.438,0.62,0.2473, 0.3874,0.582,0.1563, 0.3792,0.094,0.287, 0.495,0.696,0.289,0.4776,0.36,0.4338,0.4584,0.668,0.2318, 0.4192,0.756,0.1509,0.415,0.296,0.3255,0.388,0.286,0.2633,0.8959,
0.5342,0.912,0.3212,0.5074,0.516,0.4458,0.4812,0.956,0.1934,0.4412,0.808,0.1913, 0.4382,0.83,0.1787, 0.415,0.506,0.2668, 0.519,0.124,0.5556,0.4938,0.99,0.22,0.4776,0.36,0.4338, 0.4584,0.668,0.2318,0.452,0.762,0.2385,0.4036,0.698,0.1109,0.8332,
0.5342,0.912,0.3212,0.4938,0.99,0.22,0.4584,0.668,0.2318,0.4264,0.742,0.1453, 0.3952,0.71,0.1271, 0.3874,0.582,0.1563, 0.4526,0.942,0.1358,0.452,0.762,0.2385,0.442,0.842,0.1547, 0.4412,0.808,0.1913,0.438,0.62,0.2473,0.3916,0.426,0.2104,0.8219,
0.495,0.696,0.289,0.4584,0.668,0.2318,0.415,0.296,0.3255,0.3916,0.426,0.2104, 0.3874,0.582,0.1563, 0.3792,0.094,0.287, 0.5028,0.628,0.3218,0.4568,0.524,0.3299,0.415,0.506,0.2668, 0.4144,0.82,0.0919,0.4036,0.698,0.1109,0.388,0.286,0.2633,0.7989,
0.519,0.124,0.5556,0.4812,0.956,0.1934,0.452,0.762,0.2385,0.4036,0.698,0.1109, 0.401,0.752,0.0812, 0.3874,0.582,0.1563, 0.5342,0.912,0.3212,0.4938,0.99,0.22,0.4412,0.808,0.1913, 0.415,0.296,0.3255,0.3916,0.426,0.2104,0.388,0.286,0.2633,0.8431,
0.5088,0.728,0.3275,0.4938,0.99,0.22,0.4776,0.36,0.4338,0.4568,0.524,0.3299, 0.3952,0.71,0.1271, 0.388,0.286,0.2633, 0.519,0.124,0.5556,0.5074,0.516,0.4458,0.4812,0.956,0.1934, 0.442,0.842,0.1547,0.415,0.506,0.2668,0.4144,0.82,0.0919,0.8723,
0.5088,0.728,0.3275,0.4812,0.956,0.1934,0.4192,0.756,0.1509,0.415,0.506,0.2668, 0.4144,0.82,0.0919, 0.3874,0.582,0.1563, 0.4776,0.36,0.4338,0.4584,0.668,0.2318,0.4526,0.942,0.1358, 0.452,0.762,0.2385,0.442,0.842,0.1547,0.4412,0.808,0.1913,0.6903,
0.5088,0.728,0.3275,0.4776,0.36,0.4338,0.428,0.628,0.204,0.4264,0.742,0.1453, 0.4144,0.82,0.0919, 0.3792,0.094,0.287, 0.5342,0.912,0.3212,0.5028,0.628,0.3218,0.4412,0.808,0.1913, 0.4036,0.698,0.1109,0.3916,0.426,0.2104,0.3874,0.582,0.1563,0.8956,
0.5028,0.628,0.3218,0.4938,0.99,0.22,0.4568,0.524,0.3299,0.452,0.762,0.2385, 0.415,0.506,0.2668, 0.4036,0.698,0.1109, 0.5342,0.912,0.3212,0.5074,0.516,0.4458,0.442,0.842,0.1547, 0.4382,0.83,0.1787,0.438,0.62,0.2473,0.4144,0.82,0.0919,0.8361,
0.519,0.124,0.5556,0.5074,0.516,0.4458,0.452,0.762,0.2385,0.438,0.62,0.2473, 0.4264,0.742,0.1453, 0.401,0.752,0.0812, 0.4938,0.99,0.22,0.4812,0.956,0.1934,0.4568,0.524,0.3299, 0.415,0.296,0.3255,0.4144,0.82,0.0919,0.3792,0.094,0.287,0.6921,
0.5088,0.728,0.3275,0.4584,0.668,0.2318,0.4568,0.524,0.3299,0.4526,0.942,0.1358, 0.4382,0.83,0.1787, 0.4036,0.698,0.1109, 0.5342,0.912,0.3212,0.498,0.942,0.2042,0.495,0.696,0.289, 0.4192,0.756,0.1509,0.415,0.506,0.2668,0.3874,0.582,0.1563,0.8943,
0.519,0.124,0.5556,0.5088,0.728,0.3275,0.442,0.842,0.1547,0.4382,0.83,0.1787, 0.428,0.628,0.204, 0.4264,0.742,0.1453, 0.5342,0.912,0.3212,0.5028,0.628,0.3218,0.498,0.942,0.2042, 0.4568,0.524,0.3299,0.4192,0.756,0.1509,0.3874,0.582,0.1563,0.8767,
0.495,0.696,0.289,0.4776,0.36,0.4338,0.452,0.762,0.2385,0.4382,0.83,0.1787, 0.4264,0.742,0.1453, 0.3874,0.582,0.1563, 0.5028,0.628,0.3218,0.4812,0.956,0.1934,0.4412,0.808,0.1913, 0.428,0.628,0.204,0.4144,0.82,0.0919,0.3952,0.71,0.1271,0.8908,
0.5088,0.728,0.3275,0.5028,0.628,0.3218,0.452,0.762,0.2385,0.4036,0.698,0.1109, 0.3916,0.426,0.2104, 0.3874,0.582,0.1563, 0.5074,0.516,0.4458,0.4812,0.956,0.1934,0.4584,0.668,0.2318, 0.4568,0.524,0.3299,0.401,0.752,0.0812,0.3792,0.094,0.287,0.8761,
0.4938,0.99,0.22,0.4812,0.956,0.1934,0.4526,0.942,0.1358,0.442,0.842,0.1547, 0.428,0.628,0.204, 0.4264,0.742,0.1453, 0.5074,0.516,0.4458,0.5028,0.628,0.3218,0.4568,0.524,0.3299, 0.415,0.296,0.3255,0.3916,0.426,0.2104,0.3874,0.582,0.1563,0.8756,
0.5028,0.628,0.3218,0.4526,0.942,0.1358,0.4382,0.83,0.1787,0.4264,0.742,0.1453, 0.4192,0.756,0.1509, 0.415,0.296,0.3255, 0.519,0.124,0.5556,0.4812,0.956,0.1934,0.4584,0.668,0.2318, 0.442,0.842,0.1547,0.428,0.628,0.204,0.388,0.286,0.2633,0.8515,
0.498,0.942,0.2042,0.4812,0.956,0.1934,0.4568,0.524,0.3299,0.4382,0.83,0.1787, 0.4036,0.698,0.1109, 0.3916,0.426,0.2104, 0.4776,0.36,0.4338,0.4526,0.942,0.1358,0.4264,0.742,0.1453, 0.4192,0.756,0.1509,0.415,0.296,0.3255,0.415,0.506,0.2668,0.8768,
0.4776,0.36,0.4338,0.4264,0.742,0.1453,0.415,0.506,0.2668,0.415,0.296,0.3255, 0.4144,0.82,0.0919, 0.3952,0.71,0.1271, 0.495,0.696,0.289,0.4584,0.668,0.2318,0.4526,0.942,0.1358, 0.438,0.62,0.2473,0.428,0.628,0.204,0.3916,0.426,0.2104,0.7474,
0.5342,0.912,0.3212,0.5028,0.628,0.3218,0.4938,0.99,0.22,0.428,0.628,0.204, 0.415,0.296,0.3255, 0.4036,0.698,0.1109, 0.5088,0.728,0.3275,0.5074,0.516,0.4458,0.4568,0.524,0.3299, 0.4526,0.942,0.1358,0.3916,0.426,0.2104,0.3874,0.582,0.1563,0.8668,
0.5028,0.628,0.3218,0.4938,0.99,0.22,0.4526,0.942,0.1358,0.442,0.842,0.1547, 0.4264,0.742,0.1453, 0.3916,0.426,0.2104, 0.5342,0.912,0.3212,0.4812,0.956,0.1934,0.4776,0.36,0.4338, 0.452,0.762,0.2385,0.415,0.506,0.2668,0.4144,0.82,0.0919,0.6722,
0.4776,0.36,0.4338,0.438,0.62,0.2473,0.4192,0.756,0.1509,0.415,0.506,0.2668, 0.4144,0.82,0.0919, 0.3792,0.094,0.287, 0.4584,0.668,0.2318,0.442,0.842,0.1547,0.4412,0.808,0.1913, 0.3952,0.71,0.1271,0.388,0.286,0.2633,0.3874,0.582,0.1563,0.893,
0.5088,0.728,0.3275,0.5074,0.516,0.4458,0.452,0.762,0.2385,0.4412,0.808,0.1913, 0.3952,0.71,0.1271, 0.3792,0.094,0.287, 0.5342,0.912,0.3212,0.519,0.124,0.5556,0.5028,0.628,0.3218, 0.4382,0.83,0.1787,0.4192,0.756,0.1509,0.388,0.286,0.2633,0.7391,
0.5088,0.728,0.3275,0.498,0.942,0.2042,0.4776,0.36,0.4338,0.428,0.628,0.204, 0.4264,0.742,0.1453, 0.3916,0.426,0.2104, 0.5028,0.628,0.3218,0.452,0.762,0.2385,0.4412,0.808,0.1913, 0.4382,0.83,0.1787,0.3952,0.71,0.1271,0.388,0.286,0.2633,0.7566,
0.5342,0.912,0.3212,0.4568,0.524,0.3299,0.4526,0.942,0.1358,0.4036,0.698,0.1109, 0.3916,0.426,0.2104, 0.3792,0.094,0.287, 0.4938,0.99,0.22,0.4412,0.808,0.1913,0.415,0.296,0.3255, 0.4144,0.82,0.0919,0.3952,0.71,0.1271,0.3874,0.582,0.1563,0.8746,
0.5342,0.912,0.3212,0.452,0.762,0.2385,0.4382,0.83,0.1787,0.415,0.296,0.3255, 0.388,0.286,0.2633, 0.3874,0.582,0.1563, 0.519,0.124,0.5556,0.498,0.942,0.2042,0.4938,0.99,0.22, 0.442,0.842,0.1547,0.3952,0.71,0.1271,0.3916,0.426,0.2104,0.7497,
0.5028,0.628,0.3218,0.498,0.942,0.2042,0.4812,0.956,0.1934,0.438,0.62,0.2473, 0.4264,0.742,0.1453, 0.4036,0.698,0.1109, 0.5342,0.912,0.3212,0.4938,0.99,0.22,0.442,0.842,0.1547, 0.4382,0.83,0.1787,0.388,0.286,0.2633,0.3792,0.094,0.287,0.8903,
0.5074,0.516,0.4458,0.5028,0.628,0.3218,0.495,0.696,0.289,0.438,0.62,0.2473, 0.4192,0.756,0.1509, 0.401,0.752,0.0812, 0.519,0.124,0.5556,0.5088,0.728,0.3275,0.498,0.942,0.2042, 0.4938,0.99,0.22,0.442,0.842,0.1547,0.388,0.286,0.2633,0.7455,
0.5074,0.516,0.4458,0.495,0.696,0.289,0.452,0.762,0.2385,0.4192,0.756,0.1509, 0.415,0.506,0.2668, 0.415,0.296,0.3255, 0.5088,0.728,0.3275,0.4776,0.36,0.4338,0.4584,0.668,0.2318, 0.4568,0.524,0.3299,0.401,0.752,0.0812,0.388,0.286,0.2633,0.8578,
0.495,0.696,0.289,0.4938,0.99,0.22,0.452,0.762,0.2385,0.442,0.842,0.1547, 0.4382,0.83,0.1787, 0.388,0.286,0.2633, 0.519,0.124,0.5556,0.5088,0.728,0.3275,0.5074,0.516,0.4458, 0.498,0.942,0.2042,0.4144,0.82,0.0919,0.3874,0.582,0.1563,0.697,
0.5028,0.628,0.3218,0.495,0.696,0.289,0.4776,0.36,0.4338,0.4264,0.742,0.1453, 0.415,0.506,0.2668, 0.3952,0.71,0.1271, 0.4812,0.956,0.1934,0.4568,0.524,0.3299,0.452,0.762,0.2385, 0.442,0.842,0.1547,0.3874,0.582,0.1563,0.3792,0.094,0.287,0.707,
0.5342,0.912,0.3212,0.495,0.696,0.289,0.4526,0.942,0.1358,0.4192,0.756,0.1509, 0.415,0.296,0.3255, 0.3952,0.71,0.1271, 0.5088,0.728,0.3275,0.498,0.942,0.2042,0.4938,0.99,0.22, 0.4584,0.668,0.2318,0.4382,0.83,0.1787,0.4144,0.82,0.0919,0.7452,
0.4938,0.99,0.22,0.4776,0.36,0.4338,0.4568,0.524,0.3299,0.401,0.752,0.0812, 0.3916,0.426,0.2104, 0.3874,0.582,0.1563, 0.519,0.124,0.5556,0.4812,0.956,0.1934,0.4382,0.83,0.1787, 0.4264,0.742,0.1453,0.4192,0.756,0.1509,0.4036,0.698,0.1109,0.8405,
0.519,0.124,0.5556,0.5028,0.628,0.3218,0.4526,0.942,0.1358,0.401,0.752,0.0812, 0.3952,0.71,0.1271, 0.3792,0.094,0.287, 0.498,0.942,0.2042,0.4776,0.36,0.4338,0.442,0.842,0.1547, 0.438,0.62,0.2473,0.4144,0.82,0.0919,0.3916,0.426,0.2104,0.8693,
0.5342,0.912,0.3212,0.5074,0.516,0.4458,0.438,0.62,0.2473,0.4264,0.742,0.1453, 0.4192,0.756,0.1509, 0.4036,0.698,0.1109, 0.5088,0.728,0.3275,0.4938,0.99,0.22,0.4812,0.956,0.1934, 0.4412,0.808,0.1913,0.4382,0.83,0.1787,0.415,0.296,0.3255,0.7991,
0.5088,0.728,0.3275,0.4412,0.808,0.1913,0.4192,0.756,0.1509,0.415,0.506,0.2668, 0.388,0.286,0.2633, 0.3792,0.094,0.287, 0.498,0.942,0.2042,0.4938,0.99,0.22,0.4382,0.83,0.1787, 0.415,0.296,0.3255,0.3916,0.426,0.2104,0.3874,0.582,0.1563,0.7862,
0.5088,0.728,0.3275,0.4584,0.668,0.2318,0.415,0.506,0.2668,0.401,0.752,0.0812, 0.3952,0.71,0.1271, 0.388,0.286,0.2633, 0.5342,0.912,0.3212,0.4568,0.524,0.3299,0.438,0.62,0.2473, 0.4264,0.742,0.1453,0.4144,0.82,0.0919,0.3874,0.582,0.1563,0.7087,
0.5074,0.516,0.4458,0.495,0.696,0.289,0.4938,0.99,0.22,0.4526,0.942,0.1358, 0.452,0.762,0.2385, 0.3952,0.71,0.1271, 0.5342,0.912,0.3212,0.498,0.942,0.2042,0.4568,0.524,0.3299, 0.428,0.628,0.204,0.4192,0.756,0.1509,0.415,0.296,0.3255,0.8256,
0.5088,0.728,0.3275,0.495,0.696,0.289,0.4776,0.36,0.4338,0.428,0.628,0.204, 0.4144,0.82,0.0919, 0.3792,0.094,0.287, 0.5074,0.516,0.4458,0.498,0.942,0.2042,0.4938,0.99,0.22, 0.4412,0.808,0.1913,0.3916,0.426,0.2104,0.3874,0.582,0.1563,0.8371,
0.4938,0.99,0.22,0.4776,0.36,0.4338,0.4412,0.808,0.1913,0.415,0.506,0.2668, 0.4144,0.82,0.0919, 0.401,0.752,0.0812, 0.5342,0.912,0.3212,0.4812,0.956,0.1934,0.442,0.842,0.1547, 0.4382,0.83,0.1787,0.438,0.62,0.2473,0.3952,0.71,0.1271,0.7391,
0.5342,0.912,0.3212,0.5028,0.628,0.3218,0.498,0.942,0.2042,0.4264,0.742,0.1453, 0.415,0.296,0.3255, 0.401,0.752,0.0812, 0.5074,0.516,0.4458,0.4584,0.668,0.2318,0.4412,0.808,0.1913, 0.428,0.628,0.204,0.415,0.506,0.2668,0.3916,0.426,0.2104,0.7452,
0.4938,0.99,0.22,0.4812,0.956,0.1934,0.452,0.762,0.2385,0.442,0.842,0.1547, 0.4264,0.742,0.1453, 0.3952,0.71,0.1271, 0.5088,0.728,0.3275,0.4776,0.36,0.4338,0.4584,0.668,0.2318, 0.428,0.628,0.204,0.4192,0.756,0.1509,0.3792,0.094,0.287,0.8737,
0.4938,0.99,0.22,0.4568,0.524,0.3299,0.4412,0.808,0.1913,0.4192,0.756,0.1509, 0.415,0.296,0.3255, 0.4144,0.82,0.0919, 0.5028,0.628,0.3218,0.4584,0.668,0.2318,0.442,0.842,0.1547, 0.438,0.62,0.2473,0.3952,0.71,0.1271,0.3792,0.094,0.287,0.7984,
0.5028,0.628,0.3218,0.498,0.942,0.2042,0.4938,0.99,0.22,0.428,0.628,0.204, 0.401,0.752,0.0812, 0.388,0.286,0.2633, 0.5088,0.728,0.3275,0.4584,0.668,0.2318,0.452,0.762,0.2385, 0.4192,0.756,0.1509,0.3952,0.71,0.1271,0.3874,0.582,0.1563,0.8394,
0.5028,0.628,0.3218,0.4938,0.99,0.22,0.4812,0.956,0.1934,0.4584,0.668,0.2318, 0.4192,0.756,0.1509, 0.415,0.506,0.2668, 0.5342,0.912,0.3212,0.519,0.124,0.5556,0.4568,0.524,0.3299, 0.4526,0.942,0.1358,0.3874,0.582,0.1563,0.3792,0.094,0.287,0.8627,
0.5342,0.912,0.3212,0.498,0.942,0.2042,0.4776,0.36,0.4338,0.452,0.762,0.2385, 0.388,0.286,0.2633, 0.3874,0.582,0.1563, 0.4938,0.99,0.22,0.4812,0.956,0.1934,0.4382,0.83,0.1787, 0.428,0.628,0.204,0.415,0.506,0.2668,0.4036,0.698,0.1109,0.7655,
0.5342,0.912,0.3212,0.5088,0.728,0.3275,0.442,0.842,0.1547,0.4382,0.83,0.1787, 0.4264,0.742,0.1453, 0.415,0.506,0.2668, 0.5074,0.516,0.4458,0.4812,0.956,0.1934,0.4776,0.36,0.4338, 0.4412,0.808,0.1913,0.428,0.628,0.204,0.3792,0.094,0.287,0.8621,
0.5028,0.628,0.3218,0.4812,0.956,0.1934,0.4584,0.668,0.2318,0.4526,0.942,0.1358, 0.438,0.62,0.2473, 0.4192,0.756,0.1509, 0.5074,0.516,0.4458,0.498,0.942,0.2042,0.452,0.762,0.2385, 0.442,0.842,0.1547,0.3952,0.71,0.1271,0.3916,0.426,0.2104,0.8943,
0.5342,0.912,0.3212,0.498,0.942,0.2042,0.452,0.762,0.2385,0.4412,0.808,0.1913, 0.438,0.62,0.2473, 0.428,0.628,0.204, 0.5088,0.728,0.3275,0.5028,0.628,0.3218,0.495,0.696,0.289, 0.4568,0.524,0.3299,0.4144,0.82,0.0919,0.3952,0.71,0.1271,0.8498,
0.495,0.696,0.289,0.4568,0.524,0.3299,0.452,0.762,0.2385,0.428,0.628,0.204, 0.415,0.506,0.2668, 0.3792,0.094,0.287, 0.5088,0.728,0.3275,0.4812,0.956,0.1934,0.4776,0.36,0.4338, 0.415,0.296,0.3255,0.4144,0.82,0.0919,0.3916,0.426,0.2104,0.8292,
0.5088,0.728,0.3275,0.498,0.942,0.2042,0.4776,0.36,0.4338,0.4382,0.83,0.1787, 0.4192,0.756,0.1509, 0.3952,0.71,0.1271, 0.5028,0.628,0.3218,0.495,0.696,0.289,0.4526,0.942,0.1358, 0.442,0.842,0.1547,0.428,0.628,0.204,0.4144,0.82,0.0919,0.859,
0.5088,0.728,0.3275,0.5074,0.516,0.4458,0.428,0.628,0.204,0.415,0.506,0.2668, 0.4036,0.698,0.1109, 0.3952,0.71,0.1271, 0.519,0.124,0.5556,0.495,0.696,0.289,0.4776,0.36,0.4338, 0.442,0.842,0.1547,0.438,0.62,0.2473,0.4264,0.742,0.1453,0.6673,
0.5088,0.728,0.3275,0.495,0.696,0.289,0.4776,0.36,0.4338,0.4526,0.942,0.1358, 0.438,0.62,0.2473, 0.3916,0.426,0.2104, 0.5342,0.912,0.3212,0.519,0.124,0.5556,0.5028,0.628,0.3218, 0.498,0.942,0.2042,0.4264,0.742,0.1453,0.4192,0.756,0.1509,0.6843,
0.5342,0.912,0.3212,0.4776,0.36,0.4338,0.4568,0.524,0.3299,0.4526,0.942,0.1358, 0.428,0.628,0.204, 0.4192,0.756,0.1509, 0.5074,0.516,0.4458,0.5028,0.628,0.3218,0.4412,0.808,0.1913, 0.438,0.62,0.2473,0.415,0.506,0.2668,0.3874,0.582,0.1563,0.8039,
0.5028,0.628,0.3218,0.4812,0.956,0.1934,0.4526,0.942,0.1358,0.452,0.762,0.2385, 0.4144,0.82,0.0919, 0.3874,0.582,0.1563, 0.4584,0.668,0.2318,0.442,0.842,0.1547,0.4382,0.83,0.1787, 0.438,0.62,0.2473,0.4192,0.756,0.1509,0.415,0.296,0.3255,0.8173,
0.5342,0.912,0.3212,0.519,0.124,0.5556,0.4812,0.956,0.1934,0.428,0.628,0.204, 0.401,0.752,0.0812, 0.3916,0.426,0.2104, 0.5074,0.516,0.4458,0.5028,0.628,0.3218,0.452,0.762,0.2385, 0.438,0.62,0.2473,0.4036,0.698,0.1109,0.3874,0.582,0.1563,0.8941,
0.5028,0.628,0.3218,0.4584,0.668,0.2318,0.4412,0.808,0.1913,0.438,0.62,0.2473, 0.4264,0.742,0.1453, 0.4192,0.756,0.1509, 0.5074,0.516,0.4458,0.495,0.696,0.289,0.4812,0.956,0.1934, 0.4526,0.942,0.1358,0.415,0.506,0.2668,0.3916,0.426,0.2104,0.7579,
0.5342,0.912,0.3212,0.4776,0.36,0.4338,0.4568,0.524,0.3299,0.452,0.762,0.2385, 0.415,0.296,0.3255, 0.3874,0.582,0.1563, 0.5088,0.728,0.3275,0.5074,0.516,0.4458,0.4382,0.83,0.1787, 0.4264,0.742,0.1453,0.4036,0.698,0.1109,0.401,0.752,0.0812,0.7577,
0.5074,0.516,0.4458,0.4938,0.99,0.22,0.4192,0.756,0.1509,0.4144,0.82,0.0919, 0.4036,0.698,0.1109, 0.388,0.286,0.2633, 0.519,0.124,0.5556,0.495,0.696,0.289,0.4526,0.942,0.1358, 0.428,0.628,0.204,0.4264,0.742,0.1453,0.415,0.506,0.2668,0.7372,
0.5342,0.912,0.3212,0.4938,0.99,0.22,0.442,0.842,0.1547,0.401,0.752,0.0812, 0.3874,0.582,0.1563, 0.3792,0.094,0.287, 0.519,0.124,0.5556,0.5088,0.728,0.3275,0.4264,0.742,0.1453, 0.415,0.296,0.3255,0.415,0.506,0.2668,0.3952,0.71,0.1271,0.8305,
0.519,0.124,0.5556,0.498,0.942,0.2042,0.4526,0.942,0.1358,0.415,0.296,0.3255, 0.388,0.286,0.2633, 0.3874,0.582,0.1563, 0.5088,0.728,0.3275,0.5028,0.628,0.3218,0.4568,0.524,0.3299, 0.4382,0.83,0.1787,0.3952,0.71,0.1271,0.3916,0.426,0.2104,0.8593,
0.5088,0.728,0.3275,0.498,0.942,0.2042,0.4776,0.36,0.4338,0.4584,0.668,0.2318, 0.415,0.296,0.3255, 0.4144,0.82,0.0919, 0.519,0.124,0.5556,0.4938,0.99,0.22,0.4192,0.756,0.1509, 0.415,0.506,0.2668,0.4036,0.698,0.1109,0.3952,0.71,0.1271,0.6787,
0.498,0.942,0.2042,0.4776,0.36,0.4338,0.4382,0.83,0.1787,0.415,0.296,0.3255, 0.4144,0.82,0.0919, 0.3874,0.582,0.1563, 0.5342,0.912,0.3212,0.519,0.124,0.5556,0.4412,0.808,0.1913, 0.4192,0.756,0.1509,0.4036,0.698,0.1109,0.401,0.752,0.0812,0.8094,
0.5342,0.912,0.3212,0.495,0.696,0.289,0.4776,0.36,0.4338,0.4192,0.756,0.1509, 0.415,0.296,0.3255, 0.3916,0.426,0.2104, 0.4938,0.99,0.22,0.4812,0.956,0.1934,0.442,0.842,0.1547, 0.415,0.506,0.2668,0.4144,0.82,0.0919,0.3874,0.582,0.1563,0.7223,
0.5074,0.516,0.4458,0.5028,0.628,0.3218,0.4568,0.524,0.3299,0.438,0.62,0.2473, 0.4264,0.742,0.1453, 0.3874,0.582,0.1563, 0.5088,0.728,0.3275,0.4812,0.956,0.1934,0.442,0.842,0.1547, 0.4412,0.808,0.1913,0.401,0.752,0.0812,0.3952,0.71,0.1271,0.8233,
0.5074,0.516,0.4458,0.4938,0.99,0.22,0.4584,0.668,0.2318,0.4526,0.942,0.1358, 0.452,0.762,0.2385, 0.3952,0.71,0.1271, 0.519,0.124,0.5556,0.5088,0.728,0.3275,0.4812,0.956,0.1934, 0.4192,0.756,0.1509,0.415,0.296,0.3255,0.3874,0.582,0.1563,0.8517,
0.519,0.124,0.5556,0.5074,0.516,0.4458,0.4938,0.99,0.22,0.4412,0.808,0.1913, 0.428,0.628,0.204, 0.401,0.752,0.0812, 0.495,0.696,0.289,0.4568,0.524,0.3299,0.4526,0.942,0.1358, 0.442,0.842,0.1547,0.4382,0.83,0.1787,0.4144,0.82,0.0919,0.7041,
0.519,0.124,0.5556,0.5028,0.628,0.3218,0.4526,0.942,0.1358,0.4144,0.82,0.0919, 0.388,0.286,0.2633, 0.3874,0.582,0.1563, 0.498,0.942,0.2042,0.4938,0.99,0.22,0.428,0.628,0.204, 0.4264,0.742,0.1453,0.415,0.506,0.2668,0.415,0.296,0.3255,0.876,
0.5088,0.728,0.3275,0.4776,0.36,0.4338,0.4584,0.668,0.2318,0.442,0.842,0.1547, 0.4382,0.83,0.1787, 0.3952,0.71,0.1271, 0.519,0.124,0.5556,0.498,0.942,0.2042,0.495,0.696,0.289, 0.4568,0.524,0.3299,0.428,0.628,0.204,0.388,0.286,0.2633,0.8947,
0.5342,0.912,0.3212,0.5028,0.628,0.3218,0.452,0.762,0.2385,0.428,0.628,0.204, 0.401,0.752,0.0812, 0.3952,0.71,0.1271, 0.519,0.124,0.5556,0.498,0.942,0.2042,0.442,0.842,0.1547, 0.4192,0.756,0.1509,0.3916,0.426,0.2104,0.388,0.286,0.2633,0.8088,
0.495,0.696,0.289,0.4526,0.942,0.1358,0.415,0.506,0.2668,0.415,0.296,0.3255, 0.4144,0.82,0.0919, 0.401,0.752,0.0812, 0.5028,0.628,0.3218,0.498,0.942,0.2042,0.4412,0.808,0.1913, 0.4192,0.756,0.1509,0.3952,0.71,0.1271,0.3792,0.094,0.287,0.893,
0.5074,0.516,0.4458,0.4584,0.668,0.2318,0.4568,0.524,0.3299,0.442,0.842,0.1547, 0.4192,0.756,0.1509, 0.3952,0.71,0.1271, 0.5342,0.912,0.3212,0.4938,0.99,0.22,0.452,0.762,0.2385, 0.4382,0.83,0.1787,0.4264,0.742,0.1453,0.3916,0.426,0.2104,0.8267,
0.519,0.124,0.5556,0.4812,0.956,0.1934,0.4584,0.668,0.2318,0.4526,0.942,0.1358, 0.4264,0.742,0.1453, 0.401,0.752,0.0812, 0.498,0.942,0.2042,0.495,0.696,0.289,0.428,0.628,0.204, 0.415,0.296,0.3255,0.415,0.506,0.2668,0.4036,0.698,0.1109,0.8167,
0.498,0.942,0.2042,0.4776,0.36,0.4338,0.4526,0.942,0.1358,0.452,0.762,0.2385, 0.3916,0.426,0.2104, 0.388,0.286,0.2633, 0.5074,0.516,0.4458,0.4938,0.99,0.22,0.4584,0.668,0.2318, 0.442,0.842,0.1547,0.415,0.506,0.2668,0.4036,0.698,0.1109,0.8074,
0.4812,0.956,0.1934,0.4776,0.36,0.4338,0.4526,0.942,0.1358,0.452,0.762,0.2385, 0.415,0.296,0.3255, 0.4036,0.698,0.1109, 0.498,0.942,0.2042,0.495,0.696,0.289,0.442,0.842,0.1547, 0.4264,0.742,0.1453,0.3952,0.71,0.1271,0.3874,0.582,0.1563,0.7881,
0.5028,0.628,0.3218,0.498,0.942,0.2042,0.4812,0.956,0.1934,0.438,0.62,0.2473, 0.4144,0.82,0.0919, 0.388,0.286,0.2633, 0.5342,0.912,0.3212,0.495,0.696,0.289,0.4526,0.942,0.1358, 0.4264,0.742,0.1453,0.4192,0.756,0.1509,0.415,0.296,0.3255,0.8998,
0.519,0.124,0.5556,0.498,0.942,0.2042,0.4776,0.36,0.4338,0.4412,0.808,0.1913, 0.428,0.628,0.204, 0.4192,0.756,0.1509, 0.5028,0.628,0.3218,0.4938,0.99,0.22,0.4568,0.524,0.3299, 0.452,0.762,0.2385,0.3952,0.71,0.1271,0.3916,0.426,0.2104,0.7752,
0.5342,0.912,0.3212,0.498,0.942,0.2042,0.442,0.842,0.1547,0.438,0.62,0.2473, 0.3874,0.582,0.1563, 0.3792,0.094,0.287, 0.5088,0.728,0.3275,0.4584,0.668,0.2318,0.4264,0.742,0.1453, 0.415,0.296,0.3255,0.401,0.752,0.0812,0.3952,0.71,0.1271,0.7576,
0.5074,0.516,0.4458,0.4812,0.956,0.1934,0.4776,0.36,0.4338,0.442,0.842,0.1547, 0.4264,0.742,0.1453, 0.3916,0.426,0.2104, 0.5088,0.728,0.3275,0.495,0.696,0.289,0.4412,0.808,0.1913, 0.438,0.62,0.2473,0.4144,0.82,0.0919,0.3874,0.582,0.1563,0.8329,
0.498,0.942,0.2042,0.4526,0.942,0.1358,0.4412,0.808,0.1913,0.4264,0.742,0.1453, 0.4036,0.698,0.1109, 0.3916,0.426,0.2104, 0.519,0.124,0.5556,0.495,0.696,0.289,0.442,0.842,0.1547, 0.4144,0.82,0.0919,0.401,0.752,0.0812,0.3952,0.71,0.1271,0.8756,
0.4938,0.99,0.22,0.4526,0.942,0.1358,0.442,0.842,0.1547,0.4412,0.808,0.1913, 0.415,0.296,0.3255, 0.3792,0.094,0.287, 0.4812,0.956,0.1934,0.4584,0.668,0.2318,0.452,0.762,0.2385, 0.3952,0.71,0.1271,0.388,0.286,0.2633,0.3874,0.582,0.1563,0.8315,
0.519,0.124,0.5556,0.5088,0.728,0.3275,0.4776,0.36,0.4338,0.4568,0.524,0.3299, 0.428,0.628,0.204, 0.3792,0.094,0.287, 0.5028,0.628,0.3218,0.498,0.942,0.2042,0.495,0.696,0.289, 0.4526,0.942,0.1358,0.4036,0.698,0.1109,0.3916,0.426,0.2104,0.811,
0.5074,0.516,0.4458,0.495,0.696,0.289,0.4812,0.956,0.1934,0.4036,0.698,0.1109, 0.3952,0.71,0.1271, 0.3792,0.094,0.287, 0.4938,0.99,0.22,0.452,0.762,0.2385,0.4382,0.83,0.1787, 0.401,0.752,0.0812,0.3916,0.426,0.2104,0.3874,0.582,0.1563,0.7862,
0.5028,0.628,0.3218,0.4568,0.524,0.3299,0.4192,0.756,0.1509,0.415,0.506,0.2668, 0.3916,0.426,0.2104, 0.388,0.286,0.2633, 0.5342,0.912,0.3212,0.4938,0.99,0.22,0.4412,0.808,0.1913, 0.415,0.296,0.3255,0.3952,0.71,0.1271,0.3874,0.582,0.1563,0.6688,
0.498,0.942,0.2042,0.4776,0.36,0.4338,0.4568,0.524,0.3299,0.452,0.762,0.2385, 0.4264,0.742,0.1453, 0.3792,0.094,0.287, 0.5342,0.912,0.3212,0.495,0.696,0.289,0.4812,0.956,0.1934, 0.4584,0.668,0.2318,0.3916,0.426,0.2104,0.388,0.286,0.2633,0.8764,
0.4812,0.956,0.1934,0.4584,0.668,0.2318,0.4568,0.524,0.3299,0.4412,0.808,0.1913, 0.428,0.628,0.204, 0.3916,0.426,0.2104, 0.5028,0.628,0.3218,0.4526,0.942,0.1358,0.4382,0.83,0.1787, 0.4264,0.742,0.1453,0.415,0.506,0.2668,0.388,0.286,0.2633,0.8881,
0.519,0.124,0.5556,0.5028,0.628,0.3218,0.4938,0.99,0.22,0.428,0.628,0.204, 0.4144,0.82,0.0919, 0.388,0.286,0.2633, 0.5074,0.516,0.4458,0.498,0.942,0.2042,0.4776,0.36,0.4338, 0.4412,0.808,0.1913,0.4192,0.756,0.1509,0.4036,0.698,0.1109,0.892,
0.5074,0.516,0.4458,0.4584,0.668,0.2318,0.4568,0.524,0.3299,0.438,0.62,0.2473, 0.428,0.628,0.204, 0.3916,0.426,0.2104, 0.519,0.124,0.5556,0.452,0.762,0.2385,0.4192,0.756,0.1509, 0.415,0.506,0.2668,0.401,0.752,0.0812,0.3952,0.71,0.1271,0.7574,
0.519,0.124,0.5556,0.5074,0.516,0.4458,0.4812,0.956,0.1934,0.438,0.62,0.2473, 0.4264,0.742,0.1453, 0.401,0.752,0.0812, 0.5342,0.912,0.3212,0.5088,0.728,0.3275,0.4776,0.36,0.4338, 0.452,0.762,0.2385,0.428,0.628,0.204,0.4144,0.82,0.0919,0.8221,
0.4812,0.956,0.1934,0.4776,0.36,0.4338,0.4584,0.668,0.2318,0.4526,0.942,0.1358, 0.4382,0.83,0.1787, 0.3792,0.094,0.287, 0.5074,0.516,0.4458,0.495,0.696,0.289,0.415,0.296,0.3255, 0.4144,0.82,0.0919,0.3952,0.71,0.1271,0.388,0.286,0.2633,0.8126,
0.5074,0.516,0.4458,0.498,0.942,0.2042,0.4938,0.99,0.22,0.4776,0.36,0.4338, 0.3952,0.71,0.1271, 0.3792,0.094,0.287, 0.5088,0.728,0.3275,0.5028,0.628,0.3218,0.495,0.696,0.289, 0.4264,0.742,0.1453,0.415,0.296,0.3255,0.3874,0.582,0.1563,0.8541,
0.519,0.124,0.5556,0.4812,0.956,0.1934,0.4776,0.36,0.4338,0.4412,0.808,0.1913, 0.438,0.62,0.2473, 0.4264,0.742,0.1453, 0.5088,0.728,0.3275,0.5074,0.516,0.4458,0.498,0.942,0.2042, 0.4192,0.756,0.1509,0.415,0.296,0.3255,0.388,0.286,0.2633,0.8713,
0.5088,0.728,0.3275,0.4568,0.524,0.3299,0.4526,0.942,0.1358,0.3952,0.71,0.1271, 0.3916,0.426,0.2104, 0.3792,0.094,0.287, 0.5074,0.516,0.4458,0.5028,0.628,0.3218,0.4264,0.742,0.1453, 0.4144,0.82,0.0919,0.4036,0.698,0.1109,0.3874,0.582,0.1563,0.8771,
0.498,0.942,0.2042,0.4812,0.956,0.1934,0.4568,0.524,0.3299,0.442,0.842,0.1547, 0.4412,0.808,0.1913, 0.4382,0.83,0.1787, 0.5342,0.912,0.3212,0.4938,0.99,0.22,0.438,0.62,0.2473, 0.428,0.628,0.204,0.415,0.506,0.2668,0.388,0.286,0.2633,0.85,
0.5028,0.628,0.3218,0.4938,0.99,0.22,0.4568,0.524,0.3299,0.4192,0.756,0.1509, 0.4036,0.698,0.1109, 0.388,0.286,0.2633, 0.519,0.124,0.5556,0.4812,0.956,0.1934,0.4776,0.36,0.4338, 0.4382,0.83,0.1787,0.4264,0.742,0.1453,0.4144,0.82,0.0919,0.7242,
0.519,0.124,0.5556,0.5074,0.516,0.4458,0.4776,0.36,0.4338,0.4192,0.756,0.1509, 0.388,0.286,0.2633, 0.3792,0.094,0.287, 0.5088,0.728,0.3275,0.452,0.762,0.2385,0.442,0.842,0.1547, 0.4382,0.83,0.1787,0.4036,0.698,0.1109,0.401,0.752,0.0812,0.8387,
0.5342,0.912,0.3212,0.5028,0.628,0.3218,0.4412,0.808,0.1913,0.4192,0.756,0.1509, 0.4144,0.82,0.0919, 0.3952,0.71,0.1271, 0.5074,0.516,0.4458,0.495,0.696,0.289,0.4584,0.668,0.2318, 0.4568,0.524,0.3299,0.452,0.762,0.2385,0.4036,0.698,0.1109,0.7807,
0.5074,0.516,0.4458,0.4938,0.99,0.22,0.442,0.842,0.1547,0.4192,0.756,0.1509, 0.4144,0.82,0.0919, 0.3952,0.71,0.1271, 0.5028,0.628,0.3218,0.4812,0.956,0.1934,0.4584,0.668,0.2318, 0.4526,0.942,0.1358,0.452,0.762,0.2385,0.4264,0.742,0.1453,0.7982,
0.5028,0.628,0.3218,0.4938,0.99,0.22,0.4776,0.36,0.4338,0.4412,0.808,0.1913, 0.438,0.62,0.2473, 0.401,0.752,0.0812, 0.5342,0.912,0.3212,0.4812,0.956,0.1934,0.4584,0.668,0.2318, 0.442,0.842,0.1547,0.3952,0.71,0.1271,0.3792,0.094,0.287,0.7646,
0.498,0.942,0.2042,0.4812,0.956,0.1934,0.4776,0.36,0.4338,0.4526,0.942,0.1358, 0.415,0.296,0.3255, 0.3952,0.71,0.1271, 0.5088,0.728,0.3275,0.4584,0.668,0.2318,0.442,0.842,0.1547, 0.438,0.62,0.2473,0.4192,0.756,0.1509,0.4144,0.82,0.0919,0.8309,
0.519,0.124,0.5556,0.4938,0.99,0.22,0.4584,0.668,0.2318,0.438,0.62,0.2473, 0.4264,0.742,0.1453, 0.4036,0.698,0.1109, 0.5088,0.728,0.3275,0.5028,0.628,0.3218,0.452,0.762,0.2385, 0.4412,0.808,0.1913,0.3952,0.71,0.1271,0.3792,0.094,0.287,0.8804,
0.4938,0.99,0.22,0.4776,0.36,0.4338,0.4412,0.808,0.1913,0.415,0.506,0.2668, 0.415,0.296,0.3255, 0.3792,0.094,0.287, 0.498,0.942,0.2042,0.495,0.696,0.289,0.4812,0.956,0.1934, 0.442,0.842,0.1547,0.4144,0.82,0.0919,0.3874,0.582,0.1563,0.8698,
0.5342,0.912,0.3212,0.519,0.124,0.5556,0.4938,0.99,0.22,0.4264,0.742,0.1453, 0.415,0.506,0.2668, 0.3916,0.426,0.2104, 0.4776,0.36,0.4338,0.4568,0.524,0.3299,0.452,0.762,0.2385, 0.438,0.62,0.2473,0.428,0.628,0.204,0.415,0.296,0.3255,0.7561,
0.5028,0.628,0.3218,0.4568,0.524,0.3299,0.4382,0.83,0.1787,0.428,0.628,0.204, 0.4264,0.742,0.1453, 0.4144,0.82,0.0919, 0.5074,0.516,0.4458,0.452,0.762,0.2385,0.438,0.62,0.2473, 0.415,0.506,0.2668,0.4036,0.698,0.1109,0.3792,0.094,0.287,0.8874,
0.5028,0.628,0.3218,0.498,0.942,0.2042,0.4526,0.942,0.1358,0.438,0.62,0.2473, 0.4264,0.742,0.1453, 0.3916,0.426,0.2104, 0.5088,0.728,0.3275,0.495,0.696,0.289,0.4568,0.524,0.3299, 0.4412,0.808,0.1913,0.4382,0.83,0.1787,0.401,0.752,0.0812,0.8213,
0.519,0.124,0.5556,0.4812,0.956,0.1934,0.452,0.762,0.2385,0.415,0.506,0.2668, 0.4036,0.698,0.1109, 0.3952,0.71,0.1271, 0.5088,0.728,0.3275,0.5074,0.516,0.4458,0.4776,0.36,0.4338, 0.4584,0.668,0.2318,0.428,0.628,0.204,0.401,0.752,0.0812,0.6919,
0.4938,0.99,0.22,0.4812,0.956,0.1934,0.4526,0.942,0.1358,0.452,0.762,0.2385, 0.4192,0.756,0.1509, 0.3874,0.582,0.1563, 0.5088,0.728,0.3275,0.5028,0.628,0.3218,0.498,0.942,0.2042, 0.442,0.842,0.1547,0.438,0.62,0.2473,0.3916,0.426,0.2104,0.8347,
0.5074,0.516,0.4458,0.4938,0.99,0.22,0.4776,0.36,0.4338,0.428,0.628,0.204, 0.4036,0.698,0.1109, 0.388,0.286,0.2633, 0.5342,0.912,0.3212,0.4568,0.524,0.3299,0.415,0.296,0.3255, 0.415,0.506,0.2668,0.401,0.752,0.0812,0.3792,0.094,0.287,0.6888,
0.5342,0.912,0.3212,0.5028,0.628,0.3218,0.4938,0.99,0.22,0.4584,0.668,0.2318, 0.415,0.296,0.3255, 0.3874,0.582,0.1563, 0.519,0.124,0.5556,0.5074,0.516,0.4458,0.4412,0.808,0.1913, 0.428,0.628,0.204,0.4264,0.742,0.1453,0.3952,0.71,0.1271,0.8127,
0.5342,0.912,0.3212,0.495,0.696,0.289,0.4568,0.524,0.3299,0.415,0.506,0.2668, 0.401,0.752,0.0812, 0.3874,0.582,0.1563, 0.498,0.942,0.2042,0.4412,0.808,0.1913,0.438,0.62,0.2473, 0.4264,0.742,0.1453,0.4144,0.82,0.0919,0.3952,0.71,0.1271,0.7377,
0.5342,0.912,0.3212,0.4812,0.956,0.1934,0.4192,0.756,0.1509,0.3952,0.71,0.1271, 0.3916,0.426,0.2104, 0.388,0.286,0.2633, 0.519,0.124,0.5556,0.5088,0.728,0.3275,0.5028,0.628,0.3218, 0.4412,0.808,0.1913,0.401,0.752,0.0812,0.3792,0.094,0.287,0.7012,
0.519,0.124,0.5556,0.5028,0.628,0.3218,0.4776,0.36,0.4338,0.4568,0.524,0.3299, 0.442,0.842,0.1547, 0.4412,0.808,0.1913, 0.5088,0.728,0.3275,0.498,0.942,0.2042,0.4584,0.668,0.2318, 0.452,0.762,0.2385,0.4382,0.83,0.1787,0.415,0.296,0.3255,0.8026,
0.519,0.124,0.5556,0.4526,0.942,0.1358,0.452,0.762,0.2385,0.442,0.842,0.1547, 0.4264,0.742,0.1453, 0.401,0.752,0.0812, 0.498,0.942,0.2042,0.495,0.696,0.289,0.4412,0.808,0.1913, 0.415,0.296,0.3255,0.3952,0.71,0.1271,0.388,0.286,0.2633,0.869,
0.5028,0.628,0.3218,0.495,0.696,0.289,0.4584,0.668,0.2318,0.4382,0.83,0.1787, 0.438,0.62,0.2473, 0.4036,0.698,0.1109, 0.5088,0.728,0.3275,0.4776,0.36,0.4338,0.4192,0.756,0.1509, 0.415,0.296,0.3255,0.3952,0.71,0.1271,0.388,0.286,0.2633,0.74,
0.5342,0.912,0.3212,0.4812,0.956,0.1934,0.442,0.842,0.1547,0.438,0.62,0.2473, 0.4264,0.742,0.1453, 0.415,0.296,0.3255, 0.519,0.124,0.5556,0.498,0.942,0.2042,0.452,0.762,0.2385, 0.4382,0.83,0.1787,0.388,0.286,0.2633,0.3792,0.094,0.287,0.7788,
0.5074,0.516,0.4458,0.4584,0.668,0.2318,0.438,0.62,0.2473,0.4192,0.756,0.1509, 0.3952,0.71,0.1271, 0.3792,0.094,0.287, 0.5088,0.728,0.3275,0.495,0.696,0.289,0.4526,0.942,0.1358, 0.4264,0.742,0.1453,0.415,0.506,0.2668,0.4036,0.698,0.1109,0.7551,
0.519,0.124,0.5556,0.5074,0.516,0.4458,0.495,0.696,0.289,0.438,0.62,0.2473, 0.4192,0.756,0.1509, 0.3874,0.582,0.1563, 0.498,0.942,0.2042,0.4776,0.36,0.4338,0.452,0.762,0.2385, 0.442,0.842,0.1547,0.415,0.506,0.2668,0.4144,0.82,0.0919,0.8299,
0.4938,0.99,0.22,0.4812,0.956,0.1934,0.4776,0.36,0.4338,0.452,0.762,0.2385, 0.3916,0.426,0.2104, 0.388,0.286,0.2633, 0.5342,0.912,0.3212,0.5074,0.516,0.4458,0.5028,0.628,0.3218, 0.438,0.62,0.2473,0.415,0.506,0.2668,0.3792,0.094,0.287,0.766,
0.5088,0.728,0.3275,0.4938,0.99,0.22,0.4776,0.36,0.4338,0.4412,0.808,0.1913, 0.415,0.296,0.3255, 0.4036,0.698,0.1109, 0.519,0.124,0.5556,0.498,0.942,0.2042,0.4584,0.668,0.2318, 0.4526,0.942,0.1358,0.3952,0.71,0.1271,0.388,0.286,0.2633,0.8019,
0.4938,0.99,0.22,0.4584,0.668,0.2318,0.4382,0.83,0.1787,0.4036,0.698,0.1109, 0.3916,0.426,0.2104, 0.3792,0.094,0.287, 0.519,0.124,0.5556,0.5074,0.516,0.4458,0.428,0.628,0.204, 0.4144,0.82,0.0919,0.401,0.752,0.0812,0.3874,0.582,0.1563,0.718,
0.4812,0.956,0.1934,0.4412,0.808,0.1913,0.4382,0.83,0.1787,0.4192,0.756,0.1509, 0.415,0.296,0.3255, 0.3874,0.582,0.1563, 0.498,0.942,0.2042,0.442,0.842,0.1547,0.428,0.628,0.204, 0.415,0.506,0.2668,0.388,0.286,0.2633,0.3792,0.094,0.287,0.8033,
0.5028,0.628,0.3218,0.4812,0.956,0.1934,0.452,0.762,0.2385,0.4264,0.742,0.1453, 0.3874,0.582,0.1563, 0.3792,0.094,0.287, 0.498,0.942,0.2042,0.4938,0.99,0.22,0.4584,0.668,0.2318, 0.428,0.628,0.204,0.415,0.506,0.2668,0.3916,0.426,0.2104,0.8009,
0.5342,0.912,0.3212,0.495,0.696,0.289,0.4382,0.83,0.1787,0.428,0.628,0.204, 0.4192,0.756,0.1509, 0.415,0.506,0.2668, 0.519,0.124,0.5556,0.4938,0.99,0.22,0.438,0.62,0.2473, 0.415,0.296,0.3255,0.4036,0.698,0.1109,0.3792,0.094,0.287,0.69,
0.5074,0.516,0.4458,0.4938,0.99,0.22,0.428,0.628,0.204,0.415,0.506,0.2668, 0.4144,0.82,0.0919, 0.401,0.752,0.0812, 0.498,0.942,0.2042,0.495,0.696,0.289,0.4568,0.524,0.3299, 0.4382,0.83,0.1787,0.438,0.62,0.2473,0.4264,0.742,0.1453,0.7693,
0.4938,0.99,0.22,0.4812,0.956,0.1934,0.4776,0.36,0.4338,0.4382,0.83,0.1787, 0.415,0.296,0.3255, 0.3916,0.426,0.2104, 0.519,0.124,0.5556,0.495,0.696,0.289,0.452,0.762,0.2385, 0.401,0.752,0.0812,0.388,0.286,0.2633,0.3792,0.094,0.287,0.6606,
0.5342,0.912,0.3212,0.498,0.942,0.2042,0.4938,0.99,0.22,0.452,0.762,0.2385, 0.4144,0.82,0.0919, 0.3792,0.094,0.287, 0.519,0.124,0.5556,0.4812,0.956,0.1934,0.4568,0.524,0.3299, 0.438,0.62,0.2473,0.415,0.506,0.2668,0.3952,0.71,0.1271,0.8859,
0.519,0.124,0.5556,0.498,0.942,0.2042,0.452,0.762,0.2385,0.4192,0.756,0.1509, 0.4036,0.698,0.1109, 0.3792,0.094,0.287, 0.4938,0.99,0.22,0.4776,0.36,0.4338,0.4584,0.668,0.2318, 0.4568,0.524,0.3299,0.428,0.628,0.204,0.415,0.296,0.3255,0.7096,
0.519,0.124,0.5556,0.498,0.942,0.2042,0.4568,0.524,0.3299,0.4264,0.742,0.1453, 0.4036,0.698,0.1109, 0.3916,0.426,0.2104, 0.5088,0.728,0.3275,0.5028,0.628,0.3218,0.4938,0.99,0.22, 0.4412,0.808,0.1913,0.401,0.752,0.0812,0.3874,0.582,0.1563,0.8316,
0.498,0.942,0.2042,0.4526,0.942,0.1358,0.452,0.762,0.2385,0.428,0.628,0.204, 0.388,0.286,0.2633, 0.3874,0.582,0.1563, 0.5028,0.628,0.3218,0.4938,0.99,0.22,0.442,0.842,0.1547, 0.4412,0.808,0.1913,0.415,0.296,0.3255,0.401,0.752,0.0812,0.7527,
0.5074,0.516,0.4458,0.5028,0.628,0.3218,0.495,0.696,0.289,0.3916,0.426,0.2104, 0.388,0.286,0.2633, 0.3874,0.582,0.1563, 0.5088,0.728,0.3275,0.4812,0.956,0.1934,0.4584,0.668,0.2318, 0.438,0.62,0.2473,0.415,0.506,0.2668,0.415,0.296,0.3255,0.81,
0.5074,0.516,0.4458,0.4938,0.99,0.22,0.4264,0.742,0.1453,0.4192,0.756,0.1509, 0.415,0.296,0.3255, 0.388,0.286,0.2633, 0.498,0.942,0.2042,0.495,0.696,0.289,0.4812,0.956,0.1934, 0.4584,0.668,0.2318,0.442,0.842,0.1547,0.401,0.752,0.0812,0.7945,
0.498,0.942,0.2042,0.4812,0.956,0.1934,0.415,0.506,0.2668,0.4144,0.82,0.0919, 0.3952,0.71,0.1271, 0.3916,0.426,0.2104, 0.5342,0.912,0.3212,0.452,0.762,0.2385,0.438,0.62,0.2473, 0.4264,0.742,0.1453,0.4192,0.756,0.1509,0.415,0.296,0.3255,0.6777,
0.519,0.124,0.5556,0.498,0.942,0.2042,0.4938,0.99,0.22,0.415,0.506,0.2668, 0.4036,0.698,0.1109, 0.388,0.286,0.2633, 0.495,0.696,0.289,0.4568,0.524,0.3299,0.452,0.762,0.2385, 0.442,0.842,0.1547,0.4192,0.756,0.1509,0.3874,0.582,0.1563,0.8645,
0.5074,0.516,0.4458,0.4938,0.99,0.22,0.4776,0.36,0.4338,0.428,0.628,0.204, 0.388,0.286,0.2633, 0.3792,0.094,0.287, 0.519,0.124,0.5556,0.5088,0.728,0.3275,0.495,0.696,0.289, 0.442,0.842,0.1547,0.415,0.506,0.2668,0.3916,0.426,0.2104,0.7847,
0.5074,0.516,0.4458,0.498,0.942,0.2042,0.4568,0.524,0.3299,0.4412,0.808,0.1913, 0.4382,0.83,0.1787, 0.388,0.286,0.2633, 0.495,0.696,0.289,0.4776,0.36,0.4338,0.4584,0.668,0.2318, 0.438,0.62,0.2473,0.4036,0.698,0.1109,0.3916,0.426,0.2104,0.6802,
0.5342,0.912,0.3212,0.4812,0.956,0.1934,0.4776,0.36,0.4338,0.428,0.628,0.204, 0.4036,0.698,0.1109, 0.3952,0.71,0.1271, 0.5074,0.516,0.4458,0.4938,0.99,0.22,0.4526,0.942,0.1358, 0.4412,0.808,0.1913,0.401,0.752,0.0812,0.3792,0.094,0.287,0.8653,
0.5342,0.912,0.3212,0.5074,0.516,0.4458,0.4412,0.808,0.1913,0.415,0.506,0.2668, 0.3952,0.71,0.1271, 0.3874,0.582,0.1563, 0.519,0.124,0.5556,0.442,0.842,0.1547,0.438,0.62,0.2473, 0.428,0.628,0.204,0.415,0.296,0.3255,0.4036,0.698,0.1109,0.7449,
0.5074,0.516,0.4458,0.4382,0.83,0.1787,0.438,0.62,0.2473,0.428,0.628,0.204, 0.4192,0.756,0.1509, 0.3874,0.582,0.1563, 0.495,0.696,0.289,0.4776,0.36,0.4338,0.4584,0.668,0.2318, 0.4568,0.524,0.3299,0.452,0.762,0.2385,0.4144,0.82,0.0919,0.6704,
0.5342,0.912,0.3212,0.4776,0.36,0.4338,0.4526,0.942,0.1358,0.4412,0.808,0.1913, 0.4144,0.82,0.0919, 0.388,0.286,0.2633, 0.498,0.942,0.2042,0.4812,0.956,0.1934,0.4568,0.524,0.3299, 0.415,0.296,0.3255,0.3952,0.71,0.1271,0.3792,0.094,0.287,0.72,
0.4812,0.956,0.1934,0.4776,0.36,0.4338,0.4526,0.942,0.1358,0.4412,0.808,0.1913, 0.415,0.296,0.3255, 0.4036,0.698,0.1109, 0.519,0.124,0.5556,0.5088,0.728,0.3275,0.5028,0.628,0.3218, 0.442,0.842,0.1547,0.428,0.628,0.204,0.3874,0.582,0.1563,0.7521,
0.519,0.124,0.5556,0.442,0.842,0.1547,0.428,0.628,0.204,0.415,0.296,0.3255, 0.415,0.506,0.2668, 0.401,0.752,0.0812, 0.495,0.696,0.289,0.4776,0.36,0.4338,0.4144,0.82,0.0919, 0.3952,0.71,0.1271,0.388,0.286,0.2633,0.3792,0.094,0.287,0.7654,
0.5028,0.628,0.3218,0.4938,0.99,0.22,0.4526,0.942,0.1358,0.4036,0.698,0.1109, 0.3874,0.582,0.1563, 0.3792,0.094,0.287, 0.4812,0.956,0.1934,0.452,0.762,0.2385,0.4412,0.808,0.1913, 0.415,0.296,0.3255,0.415,0.506,0.2668,0.3952,0.71,0.1271,0.8699,
0.5342,0.912,0.3212,0.5088,0.728,0.3275,0.4568,0.524,0.3299,0.4526,0.942,0.1358, 0.388,0.286,0.2633, 0.3792,0.094,0.287, 0.5028,0.628,0.3218,0.498,0.942,0.2042,0.452,0.762,0.2385, 0.415,0.296,0.3255,0.415,0.506,0.2668,0.3916,0.426,0.2104,0.8851,
0.5088,0.728,0.3275,0.4584,0.668,0.2318,0.4568,0.524,0.3299,0.4382,0.83,0.1787, 0.4144,0.82,0.0919, 0.4036,0.698,0.1109, 0.498,0.942,0.2042,0.4938,0.99,0.22,0.4192,0.756,0.1509, 0.415,0.506,0.2668,0.388,0.286,0.2633,0.3792,0.094,0.287,0.7743,
0.519,0.124,0.5556,0.498,0.942,0.2042,0.4776,0.36,0.4338,0.4584,0.668,0.2318, 0.415,0.296,0.3255, 0.4144,0.82,0.0919, 0.495,0.696,0.289,0.4812,0.956,0.1934,0.4568,0.524,0.3299, 0.4412,0.808,0.1913,0.4264,0.742,0.1453,0.3874,0.582,0.1563,0.7798,
0.498,0.942,0.2042,0.4812,0.956,0.1934,0.4776,0.36,0.4338,0.438,0.62,0.2473, 0.4264,0.742,0.1453, 0.4036,0.698,0.1109, 0.5342,0.912,0.3212,0.452,0.762,0.2385,0.4382,0.83,0.1787, 0.4192,0.756,0.1509,0.3916,0.426,0.2104,0.3874,0.582,0.1563,0.8,
0.519,0.124,0.5556,0.5074,0.516,0.4458,0.4938,0.99,0.22,0.4382,0.83,0.1787, 0.4144,0.82,0.0919, 0.4036,0.698,0.1109, 0.5342,0.912,0.3212,0.5088,0.728,0.3275,0.495,0.696,0.289, 0.4192,0.756,0.1509,0.401,0.752,0.0812,0.3916,0.426,0.2104,0.8602,
0.498,0.942,0.2042,0.4584,0.668,0.2318,0.4382,0.83,0.1787,0.4192,0.756,0.1509, 0.3916,0.426,0.2104, 0.3874,0.582,0.1563, 0.5342,0.912,0.3212,0.5028,0.628,0.3218,0.438,0.62,0.2473, 0.4264,0.742,0.1453,0.415,0.296,0.3255,0.388,0.286,0.2633,0.6662,
0.5088,0.728,0.3275,0.495,0.696,0.289,0.4568,0.524,0.3299,0.4382,0.83,0.1787, 0.415,0.506,0.2668, 0.401,0.752,0.0812, 0.5342,0.912,0.3212,0.5074,0.516,0.4458,0.5028,0.628,0.3218, 0.452,0.762,0.2385,0.415,0.296,0.3255,0.4036,0.698,0.1109,0.6931,
0.5028,0.628,0.3218,0.4938,0.99,0.22,0.4382,0.83,0.1787,0.415,0.296,0.3255, 0.4036,0.698,0.1109, 0.401,0.752,0.0812, 0.4812,0.956,0.1934,0.4584,0.668,0.2318,0.442,0.842,0.1547, 0.4264,0.742,0.1453,0.4144,0.82,0.0919,0.3874,0.582,0.1563,0.8468,
0.5342,0.912,0.3212,0.4584,0.668,0.2318,0.428,0.628,0.204,0.3952,0.71,0.1271, 0.3916,0.426,0.2104, 0.388,0.286,0.2633, 0.5028,0.628,0.3218,0.4812,0.956,0.1934,0.4412,0.808,0.1913, 0.438,0.62,0.2473,0.415,0.296,0.3255,0.4144,0.82,0.0919,0.7026,
0.5342,0.912,0.3212,0.519,0.124,0.5556,0.498,0.942,0.2042,0.4812,0.956,0.1934, 0.3874,0.582,0.1563, 0.3792,0.094,0.287, 0.5028,0.628,0.3218,0.4584,0.668,0.2318,0.4568,0.524,0.3299, 0.4526,0.942,0.1358,0.428,0.628,0.204,0.415,0.296,0.3255,0.7742,
0.5028,0.628,0.3218,0.4776,0.36,0.4338,0.452,0.762,0.2385,0.4412,0.808,0.1913, 0.4264,0.742,0.1453, 0.4192,0.756,0.1509, 0.5088,0.728,0.3275,0.498,0.942,0.2042,0.4526,0.942,0.1358, 0.428,0.628,0.204,0.415,0.506,0.2668,0.3874,0.582,0.1563,0.8857,
0.5028,0.628,0.3218,0.4584,0.668,0.2318,0.401,0.752,0.0812,0.3952,0.71,0.1271, 0.3916,0.426,0.2104, 0.388,0.286,0.2633, 0.4812,0.956,0.1934,0.452,0.762,0.2385,0.4382,0.83,0.1787, 0.415,0.506,0.2668,0.4144,0.82,0.0919,0.3792,0.094,0.287,0.7494,
0.519,0.124,0.5556,0.5088,0.728,0.3275,0.4776,0.36,0.4338,0.4264,0.742,0.1453, 0.4036,0.698,0.1109, 0.3916,0.426,0.2104, 0.5342,0.912,0.3212,0.498,0.942,0.2042,0.4568,0.524,0.3299, 0.4526,0.942,0.1358,0.452,0.762,0.2385,0.3792,0.094,0.287,0.8092,
0.495,0.696,0.289,0.4776,0.36,0.4338,0.415,0.296,0.3255,0.3952,0.71,0.1271, 0.3916,0.426,0.2104, 0.388,0.286,0.2633, 0.4412,0.808,0.1913,0.438,0.62,0.2473,0.4192,0.756,0.1509, 0.4144,0.82,0.0919,0.401,0.752,0.0812,0.3874,0.582,0.1563,0.7951,
0.498,0.942,0.2042,0.4568,0.524,0.3299,0.442,0.842,0.1547,0.4264,0.742,0.1453, 0.415,0.296,0.3255, 0.415,0.506,0.2668, 0.519,0.124,0.5556,0.4938,0.99,0.22,0.4812,0.956,0.1934, 0.4526,0.942,0.1358,0.4412,0.808,0.1913,0.3792,0.094,0.287,0.7064,
0.5342,0.912,0.3212,0.4812,0.956,0.1934,0.4584,0.668,0.2318,0.4412,0.808,0.1913, 0.438,0.62,0.2473, 0.4192,0.756,0.1509, 0.5074,0.516,0.4458,0.495,0.696,0.289,0.4568,0.524,0.3299, 0.442,0.842,0.1547,0.4144,0.82,0.0919,0.3874,0.582,0.1563,0.785,
0.495,0.696,0.289,0.4812,0.956,0.1934,0.4776,0.36,0.4338,0.415,0.296,0.3255, 0.401,0.752,0.0812, 0.388,0.286,0.2633, 0.5342,0.912,0.3212,0.5088,0.728,0.3275,0.4938,0.99,0.22, 0.428,0.628,0.204,0.4192,0.756,0.1509,0.3792,0.094,0.287,0.6845,
0.5342,0.912,0.3212,0.519,0.124,0.5556,0.4812,0.956,0.1934,0.452,0.762,0.2385, 0.4036,0.698,0.1109, 0.401,0.752,0.0812, 0.498,0.942,0.2042,0.4584,0.668,0.2318,0.4568,0.524,0.3299, 0.442,0.842,0.1547,0.438,0.62,0.2473,0.4192,0.756,0.1509,0.7949,
0.5074,0.516,0.4458,0.495,0.696,0.289,0.442,0.842,0.1547,0.4382,0.83,0.1787, 0.438,0.62,0.2473, 0.401,0.752,0.0812, 0.498,0.942,0.2042,0.4938,0.99,0.22,0.452,0.762,0.2385, 0.4412,0.808,0.1913,0.4264,0.742,0.1453,0.3792,0.094,0.287,0.8895,
0.4938,0.99,0.22,0.4776,0.36,0.4338,0.442,0.842,0.1547,0.428,0.628,0.204, 0.4264,0.742,0.1453, 0.3874,0.582,0.1563, 0.5342,0.912,0.3212,0.4812,0.956,0.1934,0.4584,0.668,0.2318, 0.438,0.62,0.2473,0.415,0.506,0.2668,0.388,0.286,0.2633,0.8042,
0.4938,0.99,0.22,0.4526,0.942,0.1358,0.442,0.842,0.1547,0.428,0.628,0.204, 0.4264,0.742,0.1453, 0.3874,0.582,0.1563, 0.519,0.124,0.5556,0.5028,0.628,0.3218,0.452,0.762,0.2385, 0.415,0.506,0.2668,0.4144,0.82,0.0919,0.3952,0.71,0.1271,0.7872,
0.5074,0.516,0.4458,0.498,0.942,0.2042,0.495,0.696,0.289,0.4938,0.99,0.22, 0.4144,0.82,0.0919, 0.3792,0.094,0.287, 0.5088,0.728,0.3275,0.4812,0.956,0.1934,0.4776,0.36,0.4338, 0.452,0.762,0.2385,0.442,0.842,0.1547,0.4412,0.808,0.1913,0.8343,
0.519,0.124,0.5556,0.495,0.696,0.289,0.4776,0.36,0.4338,0.4568,0.524,0.3299, 0.4382,0.83,0.1787, 0.438,0.62,0.2473, 0.5342,0.912,0.3212,0.5088,0.728,0.3275,0.4812,0.956,0.1934, 0.452,0.762,0.2385,0.3874,0.582,0.1563,0.3792,0.094,0.287,0.7379,
0.495,0.696,0.289,0.4938,0.99,0.22,0.4776,0.36,0.4338,0.452,0.762,0.2385, 0.4264,0.742,0.1453, 0.3792,0.094,0.287, 0.5074,0.516,0.4458,0.498,0.942,0.2042,0.4568,0.524,0.3299, 0.4526,0.942,0.1358,0.4382,0.83,0.1787,0.415,0.506,0.2668,0.7773,
0.5342,0.912,0.3212,0.519,0.124,0.5556,0.452,0.762,0.2385,0.438,0.62,0.2473, 0.3874,0.582,0.1563, 0.3792,0.094,0.287, 0.5088,0.728,0.3275,0.4584,0.668,0.2318,0.4382,0.83,0.1787, 0.428,0.628,0.204,0.415,0.296,0.3255,0.3952,0.71,0.1271,0.8097,
0.498,0.942,0.2042,0.4568,0.524,0.3299,0.452,0.762,0.2385,0.442,0.842,0.1547, 0.438,0.62,0.2473, 0.4036,0.698,0.1109, 0.4938,0.99,0.22,0.4584,0.668,0.2318,0.4526,0.942,0.1358, 0.4412,0.808,0.1913,0.3952,0.71,0.1271,0.3792,0.094,0.287,0.7714,
0.519,0.124,0.5556,0.4776,0.36,0.4338,0.4382,0.83,0.1787,0.4264,0.742,0.1453, 0.4036,0.698,0.1109, 0.401,0.752,0.0812, 0.4938,0.99,0.22,0.4568,0.524,0.3299,0.438,0.62,0.2473, 0.428,0.628,0.204,0.3916,0.426,0.2104,0.388,0.286,0.2633,0.8879,
0.498,0.942,0.2042,0.4584,0.668,0.2318,0.4412,0.808,0.1913,0.428,0.628,0.204, 0.415,0.506,0.2668, 0.388,0.286,0.2633, 0.5342,0.912,0.3212,0.5074,0.516,0.4458,0.4526,0.942,0.1358, 0.4192,0.756,0.1509,0.3916,0.426,0.2104,0.3874,0.582,0.1563,0.7664,
0.519,0.124,0.5556,0.442,0.842,0.1547,0.4264,0.742,0.1453,0.415,0.506,0.2668, 0.3952,0.71,0.1271, 0.3792,0.094,0.287, 0.5088,0.728,0.3275,0.498,0.942,0.2042,0.4776,0.36,0.4338, 0.4036,0.698,0.1109,0.3916,0.426,0.2104,0.3874,0.582,0.1563,0.7338,
0.4776,0.36,0.4338,0.4526,0.942,0.1358,0.428,0.628,0.204,0.4264,0.742,0.1453, 0.415,0.296,0.3255, 0.4144,0.82,0.0919, 0.5088,0.728,0.3275,0.495,0.696,0.289,0.4938,0.99,0.22, 0.4382,0.83,0.1787,0.4036,0.698,0.1109,0.3792,0.094,0.287,0.7258,
0.4776,0.36,0.4338,0.4412,0.808,0.1913,0.4144,0.82,0.0919,0.401,0.752,0.0812, 0.3952,0.71,0.1271, 0.3916,0.426,0.2104, 0.4938,0.99,0.22,0.4568,0.524,0.3299,0.4264,0.742,0.1453, 0.415,0.296,0.3255,0.4036,0.698,0.1109,0.388,0.286,0.2633,0.8056,
0.498,0.942,0.2042,0.4812,0.956,0.1934,0.4584,0.668,0.2318,0.4526,0.942,0.1358, 0.4382,0.83,0.1787, 0.3874,0.582,0.1563, 0.519,0.124,0.5556,0.5088,0.728,0.3275,0.5074,0.516,0.4458, 0.428,0.628,0.204,0.4192,0.756,0.1509,0.3952,0.71,0.1271,0.7743,
0.5342,0.912,0.3212,0.4938,0.99,0.22,0.4776,0.36,0.4338,0.415,0.506,0.2668, 0.4144,0.82,0.0919, 0.3874,0.582,0.1563, 0.5074,0.516,0.4458,0.4568,0.524,0.3299,0.4412,0.808,0.1913, 0.428,0.628,0.204,0.401,0.752,0.0812,0.388,0.286,0.2633,0.6796,
0.5074,0.516,0.4458,0.495,0.696,0.289,0.4568,0.524,0.3299,0.4526,0.942,0.1358, 0.415,0.506,0.2668, 0.3952,0.71,0.1271, 0.5088,0.728,0.3275,0.4938,0.99,0.22,0.4812,0.956,0.1934, 0.415,0.296,0.3255,0.401,0.752,0.0812,0.3792,0.094,0.287,0.768,
0.519,0.124,0.5556,0.495,0.696,0.289,0.4584,0.668,0.2318,0.438,0.62,0.2473, 0.415,0.506,0.2668, 0.4144,0.82,0.0919, 0.498,0.942,0.2042,0.4776,0.36,0.4338,0.442,0.842,0.1547, 0.4412,0.808,0.1913,0.428,0.628,0.204,0.3792,0.094,0.287,0.809,
0.5342,0.912,0.3212,0.4938,0.99,0.22,0.428,0.628,0.204,0.415,0.506,0.2668, 0.3952,0.71,0.1271, 0.3916,0.426,0.2104, 0.4584,0.668,0.2318,0.4568,0.524,0.3299,0.4526,0.942,0.1358, 0.438,0.62,0.2473,0.4192,0.756,0.1509,0.401,0.752,0.0812,0.8293,
0.5088,0.728,0.3275,0.4812,0.956,0.1934,0.4526,0.942,0.1358,0.415,0.506,0.2668, 0.4144,0.82,0.0919, 0.4036,0.698,0.1109, 0.519,0.124,0.5556,0.5074,0.516,0.4458,0.442,0.842,0.1547, 0.438,0.62,0.2473,0.4192,0.756,0.1509,0.3874,0.582,0.1563,0.8321,
0.5074,0.516,0.4458,0.4584,0.668,0.2318,0.4382,0.83,0.1787,0.438,0.62,0.2473, 0.401,0.752,0.0812, 0.3916,0.426,0.2104, 0.5342,0.912,0.3212,0.498,0.942,0.2042,0.4776,0.36,0.4338, 0.4412,0.808,0.1913,0.4264,0.742,0.1453,0.3792,0.094,0.287,0.673,
0.4526,0.942,0.1358,0.452,0.762,0.2385,0.4412,0.808,0.1913,0.438,0.62,0.2473, 0.4264,0.742,0.1453, 0.401,0.752,0.0812, 0.519,0.124,0.5556,0.4568,0.524,0.3299,0.415,0.296,0.3255, 0.388,0.286,0.2633,0.3874,0.582,0.1563,0.3792,0.094,0.287,0.7924,
0.5028,0.628,0.3218,0.4584,0.668,0.2318,0.4526,0.942,0.1358,0.442,0.842,0.1547, 0.4382,0.83,0.1787, 0.415,0.296,0.3255, 0.5342,0.912,0.3212,0.4812,0.956,0.1934,0.4776,0.36,0.4338, 0.452,0.762,0.2385,0.401,0.752,0.0812,0.3874,0.582,0.1563,0.8551,
0.5342,0.912,0.3212,0.495,0.696,0.289,0.4812,0.956,0.1934,0.4192,0.756,0.1509, 0.415,0.506,0.2668, 0.3792,0.094,0.287, 0.519,0.124,0.5556,0.5028,0.628,0.3218,0.4584,0.668,0.2318, 0.4568,0.524,0.3299,0.4526,0.942,0.1358,0.3916,0.426,0.2104,0.8937,
0.5028,0.628,0.3218,0.495,0.696,0.289,0.4264,0.742,0.1453,0.4036,0.698,0.1109, 0.401,0.752,0.0812, 0.3792,0.094,0.287, 0.519,0.124,0.5556,0.4812,0.956,0.1934,0.4382,0.83,0.1787, 0.4192,0.756,0.1509,0.4144,0.82,0.0919,0.3916,0.426,0.2104,0.6856,
0.495,0.696,0.289,0.4938,0.99,0.22,0.4812,0.956,0.1934,0.4264,0.742,0.1453, 0.3916,0.426,0.2104, 0.3874,0.582,0.1563, 0.5088,0.728,0.3275,0.5028,0.628,0.3218,0.4526,0.942,0.1358, 0.438,0.62,0.2473,0.415,0.296,0.3255,0.401,0.752,0.0812,0.8922,
0.4812,0.956,0.1934,0.438,0.62,0.2473,0.4144,0.82,0.0919,0.4036,0.698,0.1109, 0.401,0.752,0.0812, 0.3916,0.426,0.2104, 0.5028,0.628,0.3218,0.4776,0.36,0.4338,0.428,0.628,0.204, 0.4192,0.756,0.1509,0.3952,0.71,0.1271,0.3792,0.094,0.287,0.7492,
0.5088,0.728,0.3275,0.452,0.762,0.2385,0.4264,0.742,0.1453,0.415,0.506,0.2668, 0.4036,0.698,0.1109, 0.3916,0.426,0.2104, 0.5074,0.516,0.4458,0.4584,0.668,0.2318,0.4568,0.524,0.3299, 0.4382,0.83,0.1787,0.388,0.286,0.2633,0.3792,0.094,0.287,0.8862,
0.519,0.124,0.5556,0.4938,0.99,0.22,0.4584,0.668,0.2318,0.428,0.628,0.204, 0.4192,0.756,0.1509, 0.415,0.506,0.2668, 0.498,0.942,0.2042,0.4812,0.956,0.1934,0.4382,0.83,0.1787, 0.438,0.62,0.2473,0.415,0.296,0.3255,0.3916,0.426,0.2104,0.8083,
0.519,0.124,0.5556,0.4938,0.99,0.22,0.442,0.842,0.1547,0.4264,0.742,0.1453, 0.415,0.506,0.2668, 0.3952,0.71,0.1271, 0.5074,0.516,0.4458,0.4526,0.942,0.1358,0.4412,0.808,0.1913, 0.4144,0.82,0.0919,0.401,0.752,0.0812,0.3916,0.426,0.2104,0.735,
0.5028,0.628,0.3218,0.4568,0.524,0.3299,0.452,0.762,0.2385,0.442,0.842,0.1547, 0.438,0.62,0.2473, 0.3916,0.426,0.2104, 0.5088,0.728,0.3275,0.4938,0.99,0.22,0.4812,0.956,0.1934, 0.4584,0.668,0.2318,0.415,0.506,0.2668,0.3874,0.582,0.1563,0.8099,
0.519,0.124,0.5556,0.4584,0.668,0.2318,0.4526,0.942,0.1358,0.442,0.842,0.1547, 0.415,0.296,0.3255, 0.401,0.752,0.0812, 0.4938,0.99,0.22,0.4812,0.956,0.1934,0.4776,0.36,0.4338, 0.4382,0.83,0.1787,0.4192,0.756,0.1509,0.388,0.286,0.2633,0.8267,
0.495,0.696,0.289,0.4938,0.99,0.22,0.4568,0.524,0.3299,0.438,0.62,0.2473, 0.428,0.628,0.204, 0.415,0.506,0.2668, 0.519,0.124,0.5556,0.5028,0.628,0.3218,0.4584,0.668,0.2318, 0.442,0.842,0.1547,0.3916,0.426,0.2104,0.3874,0.582,0.1563,0.7878,
0.5342,0.912,0.3212,0.495,0.696,0.289,0.4192,0.756,0.1509,0.4036,0.698,0.1109, 0.3952,0.71,0.1271, 0.3916,0.426,0.2104, 0.5028,0.628,0.3218,0.498,0.942,0.2042,0.442,0.842,0.1547, 0.4382,0.83,0.1787,0.438,0.62,0.2473,0.415,0.296,0.3255,0.6969,
0.519,0.124,0.5556,0.4568,0.524,0.3299,0.4526,0.942,0.1358,0.4412,0.808,0.1913, 0.415,0.506,0.2668, 0.4036,0.698,0.1109, 0.5342,0.912,0.3212,0.5074,0.516,0.4458,0.4812,0.956,0.1934, 0.4776,0.36,0.4338,0.401,0.752,0.0812,0.388,0.286,0.2633,0.6828,
0.4938,0.99,0.22,0.452,0.762,0.2385,0.438,0.62,0.2473,0.4192,0.756,0.1509, 0.415,0.296,0.3255, 0.4144,0.82,0.0919, 0.519,0.124,0.5556,0.4568,0.524,0.3299,0.4412,0.808,0.1913, 0.428,0.628,0.204,0.401,0.752,0.0812,0.3792,0.094,0.287,0.8751,
0.519,0.124,0.5556,0.4938,0.99,0.22,0.438,0.62,0.2473,0.4264,0.742,0.1453, 0.415,0.506,0.2668, 0.388,0.286,0.2633, 0.4584,0.668,0.2318,0.4526,0.942,0.1358,0.452,0.762,0.2385, 0.442,0.842,0.1547,0.4144,0.82,0.0919,0.3792,0.094,0.287,0.6823,
0.4938,0.99,0.22,0.4812,0.956,0.1934,0.452,0.762,0.2385,0.442,0.842,0.1547, 0.3952,0.71,0.1271, 0.388,0.286,0.2633, 0.5088,0.728,0.3275,0.4776,0.36,0.4338,0.4412,0.808,0.1913, 0.428,0.628,0.204,0.4264,0.742,0.1453,0.415,0.296,0.3255,0.8936,
0.5074,0.516,0.4458,0.4938,0.99,0.22,0.4776,0.36,0.4338,0.4568,0.524,0.3299, 0.4264,0.742,0.1453, 0.401,0.752,0.0812, 0.5088,0.728,0.3275,0.5028,0.628,0.3218,0.4382,0.83,0.1787, 0.4192,0.756,0.1509,0.415,0.506,0.2668,0.4036,0.698,0.1109,0.7233,
0.5088,0.728,0.3275,0.4812,0.956,0.1934,0.4776,0.36,0.4338,0.442,0.842,0.1547, 0.438,0.62,0.2473, 0.4144,0.82,0.0919, 0.5028,0.628,0.3218,0.498,0.942,0.2042,0.452,0.762,0.2385, 0.4412,0.808,0.1913,0.4382,0.83,0.1787,0.3874,0.582,0.1563,0.8846,
0.5074,0.516,0.4458,0.4812,0.956,0.1934,0.4584,0.668,0.2318,0.4382,0.83,0.1787, 0.428,0.628,0.204, 0.3952,0.71,0.1271, 0.5028,0.628,0.3218,0.495,0.696,0.289,0.4938,0.99,0.22, 0.452,0.762,0.2385,0.438,0.62,0.2473,0.4144,0.82,0.0919,0.8068,
0.5342,0.912,0.3212,0.5088,0.728,0.3275,0.4776,0.36,0.4338,0.4568,0.524,0.3299, 0.388,0.286,0.2633, 0.3874,0.582,0.1563, 0.5028,0.628,0.3218,0.4812,0.956,0.1934,0.4382,0.83,0.1787, 0.438,0.62,0.2473,0.415,0.296,0.3255,0.4036,0.698,0.1109,0.71,
0.5074,0.516,0.4458,0.4812,0.956,0.1934,0.428,0.628,0.204,0.415,0.296,0.3255, 0.4144,0.82,0.0919, 0.3916,0.426,0.2104, 0.495,0.696,0.289,0.4938,0.99,0.22,0.4526,0.942,0.1358, 0.438,0.62,0.2473,0.4264,0.742,0.1453,0.401,0.752,0.0812,0.8709,
0.5074,0.516,0.4458,0.5028,0.628,0.3218,0.4412,0.808,0.1913,0.438,0.62,0.2473, 0.388,0.286,0.2633, 0.3792,0.094,0.287, 0.5342,0.912,0.3212,0.498,0.942,0.2042,0.495,0.696,0.289, 0.4568,0.524,0.3299,0.4036,0.698,0.1109,0.3874,0.582,0.1563,0.7009,
0.4812,0.956,0.1934,0.4776,0.36,0.4338,0.4568,0.524,0.3299,0.452,0.762,0.2385, 0.4412,0.808,0.1913, 0.4144,0.82,0.0919, 0.5074,0.516,0.4458,0.4584,0.668,0.2318,0.4526,0.942,0.1358, 0.428,0.628,0.204,0.4264,0.742,0.1453,0.3952,0.71,0.1271,0.7467,
0.5342,0.912,0.3212,0.5088,0.728,0.3275,0.4776,0.36,0.4338,0.452,0.762,0.2385, 0.4264,0.742,0.1453, 0.4144,0.82,0.0919, 0.498,0.942,0.2042,0.495,0.696,0.289,0.4938,0.99,0.22, 0.4412,0.808,0.1913,0.415,0.506,0.2668,0.3916,0.426,0.2104,0.7611,
0.4938,0.99,0.22,0.4526,0.942,0.1358,0.452,0.762,0.2385,0.415,0.296,0.3255, 0.4036,0.698,0.1109, 0.3792,0.094,0.287, 0.5088,0.728,0.3275,0.495,0.696,0.289,0.438,0.62,0.2473, 0.4264,0.742,0.1453,0.4192,0.756,0.1509,0.3874,0.582,0.1563,0.7946,
0.5028,0.628,0.3218,0.495,0.696,0.289,0.4568,0.524,0.3299,0.438,0.62,0.2473, 0.4144,0.82,0.0919, 0.3874,0.582,0.1563, 0.519,0.124,0.5556,0.5088,0.728,0.3275,0.498,0.942,0.2042, 0.4584,0.668,0.2318,0.3952,0.71,0.1271,0.3792,0.094,0.287,0.8653,
0.4812,0.956,0.1934,0.4776,0.36,0.4338,0.4568,0.524,0.3299,0.4526,0.942,0.1358, 0.415,0.296,0.3255, 0.4144,0.82,0.0919, 0.519,0.124,0.5556,0.5074,0.516,0.4458,0.4264,0.742,0.1453, 0.4192,0.756,0.1509,0.3952,0.71,0.1271,0.3916,0.426,0.2104,0.8518,
0.5028,0.628,0.3218,0.4812,0.956,0.1934,0.452,0.762,0.2385,0.415,0.506,0.2668, 0.3916,0.426,0.2104, 0.388,0.286,0.2633, 0.5342,0.912,0.3212,0.4938,0.99,0.22,0.4568,0.524,0.3299, 0.438,0.62,0.2473,0.401,0.752,0.0812,0.3952,0.71,0.1271,0.7252,
0.519,0.124,0.5556,0.4568,0.524,0.3299,0.4192,0.756,0.1509,0.415,0.506,0.2668, 0.4144,0.82,0.0919, 0.3952,0.71,0.1271, 0.495,0.696,0.289,0.4938,0.99,0.22,0.4584,0.668,0.2318, 0.4412,0.808,0.1913,0.4264,0.742,0.1453,0.4036,0.698,0.1109,0.7993,
0.5342,0.912,0.3212,0.4776,0.36,0.4338,0.4584,0.668,0.2318,0.442,0.842,0.1547, 0.3952,0.71,0.1271, 0.3916,0.426,0.2104, 0.5074,0.516,0.4458,0.4382,0.83,0.1787,0.438,0.62,0.2473, 0.415,0.296,0.3255,0.388,0.286,0.2633,0.3874,0.582,0.1563,0.7176,
0.495,0.696,0.289,0.4584,0.668,0.2318,0.4526,0.942,0.1358,0.428,0.628,0.204, 0.415,0.296,0.3255, 0.4144,0.82,0.0919, 0.5342,0.912,0.3212,0.4776,0.36,0.4338,0.4412,0.808,0.1913, 0.4264,0.742,0.1453,0.3952,0.71,0.1271,0.3916,0.426,0.2104,0.8806,
0.5074,0.516,0.4458,0.428,0.628,0.204,0.4192,0.756,0.1509,0.415,0.296,0.3255, 0.401,0.752,0.0812, 0.3952,0.71,0.1271, 0.5028,0.628,0.3218,0.452,0.762,0.2385,0.4382,0.83,0.1787, 0.415,0.506,0.2668,0.4036,0.698,0.1109,0.3874,0.582,0.1563,0.8978,
0.5342,0.912,0.3212,0.495,0.696,0.289,0.4938,0.99,0.22,0.4812,0.956,0.1934, 0.401,0.752,0.0812, 0.3874,0.582,0.1563, 0.5028,0.628,0.3218,0.4526,0.942,0.1358,0.452,0.762,0.2385, 0.442,0.842,0.1547,0.4412,0.808,0.1913,0.415,0.506,0.2668,0.8109,
0.5342,0.912,0.3212,0.5088,0.728,0.3275,0.4584,0.668,0.2318,0.4382,0.83,0.1787, 0.4192,0.756,0.1509, 0.4144,0.82,0.0919, 0.519,0.124,0.5556,0.5028,0.628,0.3218,0.498,0.942,0.2042, 0.4776,0.36,0.4338,0.4412,0.808,0.1913,0.4264,0.742,0.1453,0.7743,
0.519,0.124,0.5556,0.4812,0.956,0.1934,0.452,0.762,0.2385,0.4412,0.808,0.1913, 0.428,0.628,0.204, 0.415,0.296,0.3255, 0.5342,0.912,0.3212,0.5088,0.728,0.3275,0.4382,0.83,0.1787, 0.415,0.506,0.2668,0.4036,0.698,0.1109,0.3916,0.426,0.2104,0.8593,
0.519,0.124,0.5556,0.4812,0.956,0.1934,0.4526,0.942,0.1358,0.452,0.762,0.2385, 0.4382,0.83,0.1787, 0.3916,0.426,0.2104, 0.5074,0.516,0.4458,0.498,0.942,0.2042,0.4938,0.99,0.22, 0.4584,0.668,0.2318,0.4568,0.524,0.3299,0.428,0.628,0.204,0.6832,
0.519,0.124,0.5556,0.495,0.696,0.289,0.4526,0.942,0.1358,0.438,0.62,0.2473, 0.4036,0.698,0.1109, 0.3792,0.094,0.287, 0.5088,0.728,0.3275,0.4938,0.99,0.22,0.4776,0.36,0.4338, 0.442,0.842,0.1547,0.3952,0.71,0.1271,0.3916,0.426,0.2104,0.7998,
0.4938,0.99,0.22,0.4776,0.36,0.4338,0.4526,0.942,0.1358,0.4412,0.808,0.1913, 0.428,0.628,0.204, 0.401,0.752,0.0812, 0.495,0.696,0.289,0.4584,0.668,0.2318,0.452,0.762,0.2385, 0.442,0.842,0.1547,0.415,0.506,0.2668,0.3874,0.582,0.1563,0.8676,
0.4938,0.99,0.22,0.4812,0.956,0.1934,0.4776,0.36,0.4338,0.4382,0.83,0.1787, 0.4036,0.698,0.1109, 0.3792,0.094,0.287, 0.5074,0.516,0.4458,0.438,0.62,0.2473,0.428,0.628,0.204, 0.4264,0.742,0.1453,0.401,0.752,0.0812,0.3952,0.71,0.1271,0.7643,
0.519,0.124,0.5556,0.5074,0.516,0.4458,0.452,0.762,0.2385,0.438,0.62,0.2473, 0.4144,0.82,0.0919, 0.3874,0.582,0.1563, 0.5028,0.628,0.3218,0.4938,0.99,0.22,0.4526,0.942,0.1358, 0.4412,0.808,0.1913,0.4264,0.742,0.1453,0.3916,0.426,0.2104,0.8963,
0.498,0.942,0.2042,0.4776,0.36,0.4338,0.452,0.762,0.2385,0.428,0.628,0.204, 0.4144,0.82,0.0919, 0.3916,0.426,0.2104, 0.519,0.124,0.5556,0.4812,0.956,0.1934,0.4568,0.524,0.3299, 0.4526,0.942,0.1358,0.442,0.842,0.1547,0.3874,0.582,0.1563,0.7678,
0.5088,0.728,0.3275,0.498,0.942,0.2042,0.4526,0.942,0.1358,0.428,0.628,0.204, 0.415,0.296,0.3255, 0.401,0.752,0.0812, 0.519,0.124,0.5556,0.4568,0.524,0.3299,0.438,0.62,0.2473, 0.4144,0.82,0.0919,0.3916,0.426,0.2104,0.388,0.286,0.2633,0.7665,
0.519,0.124,0.5556,0.4776,0.36,0.4338,0.4584,0.668,0.2318,0.452,0.762,0.2385, 0.428,0.628,0.204, 0.3874,0.582,0.1563, 0.5074,0.516,0.4458,0.4568,0.524,0.3299,0.4264,0.742,0.1453, 0.4192,0.756,0.1509,0.4144,0.82,0.0919,0.4036,0.698,0.1109,0.7095,
0.498,0.942,0.2042,0.4776,0.36,0.4338,0.4526,0.942,0.1358,0.428,0.628,0.204, 0.4192,0.756,0.1509, 0.3792,0.094,0.287, 0.5028,0.628,0.3218,0.4568,0.524,0.3299,0.452,0.762,0.2385, 0.401,0.752,0.0812,0.3952,0.71,0.1271,0.3874,0.582,0.1563,0.8681,
0.495,0.696,0.289,0.4812,0.956,0.1934,0.438,0.62,0.2473,0.401,0.752,0.0812, 0.3952,0.71,0.1271, 0.388,0.286,0.2633, 0.5342,0.912,0.3212,0.4938,0.99,0.22,0.4568,0.524,0.3299, 0.415,0.296,0.3255,0.4036,0.698,0.1109,0.3792,0.094,0.287,0.7123,
0.519,0.124,0.5556,0.495,0.696,0.289,0.442,0.842,0.1547,0.4412,0.808,0.1913, 0.4382,0.83,0.1787, 0.4192,0.756,0.1509, 0.498,0.942,0.2042,0.4938,0.99,0.22,0.452,0.762,0.2385, 0.4264,0.742,0.1453,0.415,0.296,0.3255,0.4036,0.698,0.1109,0.7988,
0.5028,0.628,0.3218,0.4584,0.668,0.2318,0.442,0.842,0.1547,0.4412,0.808,0.1913, 0.4382,0.83,0.1787, 0.415,0.506,0.2668, 0.5088,0.728,0.3275,0.498,0.942,0.2042,0.495,0.696,0.289, 0.4938,0.99,0.22,0.4036,0.698,0.1109,0.3874,0.582,0.1563,0.8155,
0.4812,0.956,0.1934,0.442,0.842,0.1547,0.4412,0.808,0.1913,0.428,0.628,0.204, 0.415,0.296,0.3255, 0.388,0.286,0.2633, 0.5088,0.728,0.3275,0.4526,0.942,0.1358,0.452,0.762,0.2385, 0.438,0.62,0.2473,0.4264,0.742,0.1453,0.4144,0.82,0.0919,0.75,
0.519,0.124,0.5556,0.4584,0.668,0.2318,0.4382,0.83,0.1787,0.438,0.62,0.2473, 0.4144,0.82,0.0919, 0.388,0.286,0.2633, 0.4776,0.36,0.4338,0.4526,0.942,0.1358,0.442,0.842,0.1547, 0.4264,0.742,0.1453,0.3952,0.71,0.1271,0.3874,0.582,0.1563,0.8209,
0.519,0.124,0.5556,0.4812,0.956,0.1934,0.4526,0.942,0.1358,0.4382,0.83,0.1787, 0.415,0.506,0.2668, 0.4036,0.698,0.1109, 0.5342,0.912,0.3212,0.5088,0.728,0.3275,0.4584,0.668,0.2318, 0.452,0.762,0.2385,0.4412,0.808,0.1913,0.3874,0.582,0.1563,0.7506,
0.5342,0.912,0.3212,0.4412,0.808,0.1913,0.438,0.62,0.2473,0.4192,0.756,0.1509, 0.415,0.506,0.2668, 0.4144,0.82,0.0919, 0.5074,0.516,0.4458,0.5028,0.628,0.3218,0.4382,0.83,0.1787, 0.415,0.296,0.3255,0.3874,0.582,0.1563,0.3792,0.094,0.287,0.8603,
0.5088,0.728,0.3275,0.4938,0.99,0.22,0.4264,0.742,0.1453,0.4192,0.756,0.1509, 0.3952,0.71,0.1271, 0.3874,0.582,0.1563, 0.5028,0.628,0.3218,0.4812,0.956,0.1934,0.4568,0.524,0.3299, 0.442,0.842,0.1547,0.415,0.506,0.2668,0.4144,0.82,0.0919,0.7741,
0.519,0.124,0.5556,0.4584,0.668,0.2318,0.4412,0.808,0.1913,0.4382,0.83,0.1787, 0.428,0.628,0.204, 0.4192,0.756,0.1509, 0.5342,0.912,0.3212,0.4776,0.36,0.4338,0.4568,0.524,0.3299, 0.442,0.842,0.1547,0.415,0.296,0.3255,0.4144,0.82,0.0919,0.8417,
0.4812,0.956,0.1934,0.4568,0.524,0.3299,0.442,0.842,0.1547,0.3952,0.71,0.1271, 0.388,0.286,0.2633, 0.3792,0.094,0.287, 0.4776,0.36,0.4338,0.4412,0.808,0.1913,0.428,0.628,0.204, 0.415,0.296,0.3255,0.4144,0.82,0.0919,0.4036,0.698,0.1109,0.8863,
0.5088,0.728,0.3275,0.4938,0.99,0.22,0.4776,0.36,0.4338,0.4584,0.668,0.2318, 0.3916,0.426,0.2104, 0.3792,0.094,0.287, 0.5342,0.912,0.3212,0.4812,0.956,0.1934,0.4568,0.524,0.3299, 0.452,0.762,0.2385,0.438,0.62,0.2473,0.4144,0.82,0.0919,0.723,
0.4776,0.36,0.4338,0.442,0.842,0.1547,0.4412,0.808,0.1913,0.428,0.628,0.204, 0.4192,0.756,0.1509, 0.3952,0.71,0.1271, 0.4938,0.99,0.22,0.4812,0.956,0.1934,0.4526,0.942,0.1358, 0.438,0.62,0.2473,0.415,0.506,0.2668,0.415,0.296,0.3255,0.7033,
0.4776,0.36,0.4338,0.4568,0.524,0.3299,0.4412,0.808,0.1913,0.4382,0.83,0.1787, 0.388,0.286,0.2633, 0.3792,0.094,0.287, 0.5074,0.516,0.4458,0.4526,0.942,0.1358,0.415,0.296,0.3255, 0.3952,0.71,0.1271,0.3916,0.426,0.2104,0.3874,0.582,0.1563,0.8987,
0.519,0.124,0.5556,0.4584,0.668,0.2318,0.438,0.62,0.2473,0.415,0.506,0.2668, 0.415,0.296,0.3255, 0.388,0.286,0.2633, 0.5342,0.912,0.3212,0.5074,0.516,0.4458,0.495,0.696,0.289, 0.4412,0.808,0.1913,0.3874,0.582,0.1563,0.3792,0.094,0.287,0.6732,
0.5074,0.516,0.4458,0.4938,0.99,0.22,0.4776,0.36,0.4338,0.4526,0.942,0.1358, 0.4412,0.808,0.1913, 0.438,0.62,0.2473, 0.519,0.124,0.5556,0.5028,0.628,0.3218,0.4812,0.956,0.1934, 0.4568,0.524,0.3299,0.4382,0.83,0.1787,0.3874,0.582,0.1563,0.8144,
0.5342,0.912,0.3212,0.5088,0.728,0.3275,0.498,0.942,0.2042,0.442,0.842,0.1547, 0.438,0.62,0.2473, 0.415,0.296,0.3255, 0.519,0.124,0.5556,0.495,0.696,0.289,0.4938,0.99,0.22, 0.4812,0.956,0.1934,0.4192,0.756,0.1509,0.3792,0.094,0.287,0.7952,
0.5028,0.628,0.3218,0.4812,0.956,0.1934,0.4776,0.36,0.4338,0.4568,0.524,0.3299, 0.4264,0.742,0.1453, 0.3792,0.094,0.287, 0.498,0.942,0.2042,0.495,0.696,0.289,0.442,0.842,0.1547, 0.4412,0.808,0.1913,0.4192,0.756,0.1509,0.388,0.286,0.2633,0.8862,
0.4938,0.99,0.22,0.4812,0.956,0.1934,0.4776,0.36,0.4338,0.442,0.842,0.1547, 0.4382,0.83,0.1787, 0.415,0.506,0.2668, 0.519,0.124,0.5556,0.498,0.942,0.2042,0.495,0.696,0.289, 0.438,0.62,0.2473,0.4144,0.82,0.0919,0.4036,0.698,0.1109,0.8526,
0.519,0.124,0.5556,0.4584,0.668,0.2318,0.4264,0.742,0.1453,0.4192,0.756,0.1509, 0.3916,0.426,0.2104, 0.388,0.286,0.2633, 0.4938,0.99,0.22,0.4776,0.36,0.4338,0.438,0.62,0.2473, 0.428,0.628,0.204,0.415,0.296,0.3255,0.401,0.752,0.0812,0.753,
0.5342,0.912,0.3212,0.4776,0.36,0.4338,0.442,0.842,0.1547,0.438,0.62,0.2473, 0.4192,0.756,0.1509, 0.3874,0.582,0.1563, 0.5028,0.628,0.3218,0.4812,0.956,0.1934,0.4526,0.942,0.1358, 0.415,0.296,0.3255,0.4144,0.82,0.0919,0.401,0.752,0.0812,0.7747,
0.452,0.762,0.2385,0.442,0.842,0.1547,0.4264,0.742,0.1453,0.415,0.296,0.3255, 0.4144,0.82,0.0919, 0.4036,0.698,0.1109, 0.5088,0.728,0.3275,0.4526,0.942,0.1358,0.4382,0.83,0.1787, 0.4192,0.756,0.1509,0.415,0.506,0.2668,0.388,0.286,0.2633,0.7174,
0.5342,0.912,0.3212,0.495,0.696,0.289,0.4938,0.99,0.22,0.4812,0.956,0.1934, 0.4036,0.698,0.1109, 0.401,0.752,0.0812, 0.5074,0.516,0.4458,0.5028,0.628,0.3218,0.498,0.942,0.2042, 0.4584,0.668,0.2318,0.442,0.842,0.1547,0.4412,0.808,0.1913,0.8499,
0.5342,0.912,0.3212,0.5028,0.628,0.3218,0.4812,0.956,0.1934,0.4264,0.742,0.1453, 0.401,0.752,0.0812, 0.388,0.286,0.2633, 0.519,0.124,0.5556,0.5088,0.728,0.3275,0.4776,0.36,0.4338, 0.438,0.62,0.2473,0.428,0.628,0.204,0.3874,0.582,0.1563,0.8392,
0.498,0.942,0.2042,0.4526,0.942,0.1358,0.438,0.62,0.2473,0.4144,0.82,0.0919, 0.4036,0.698,0.1109, 0.3792,0.094,0.287, 0.5088,0.728,0.3275,0.4812,0.956,0.1934,0.4192,0.756,0.1509, 0.415,0.296,0.3255,0.401,0.752,0.0812,0.3916,0.426,0.2104,0.833,
0.519,0.124,0.5556,0.5028,0.628,0.3218,0.4776,0.36,0.4338,0.4584,0.668,0.2318, 0.4264,0.742,0.1453, 0.3874,0.582,0.1563, 0.495,0.696,0.289,0.4938,0.99,0.22,0.452,0.762,0.2385, 0.415,0.296,0.3255,0.415,0.506,0.2668,0.4144,0.82,0.0919,0.8629,
0.4938,0.99,0.22,0.442,0.842,0.1547,0.428,0.628,0.204,0.4192,0.756,0.1509, 0.4144,0.82,0.0919, 0.401,0.752,0.0812, 0.519,0.124,0.5556,0.498,0.942,0.2042,0.4776,0.36,0.4338, 0.4036,0.698,0.1109,0.3874,0.582,0.1563,0.3792,0.094,0.287,0.8338,
0.5342,0.912,0.3212,0.5088,0.728,0.3275,0.4776,0.36,0.4338,0.3916,0.426,0.2104, 0.3874,0.582,0.1563, 0.3792,0.094,0.287, 0.498,0.942,0.2042,0.4412,0.808,0.1913,0.438,0.62,0.2473, 0.415,0.296,0.3255,0.4036,0.698,0.1109,0.388,0.286,0.2633,0.7168,
0.5342,0.912,0.3212,0.5028,0.628,0.3218,0.4526,0.942,0.1358,0.4382,0.83,0.1787, 0.415,0.296,0.3255, 0.3916,0.426,0.2104, 0.519,0.124,0.5556,0.4568,0.524,0.3299,0.452,0.762,0.2385, 0.442,0.842,0.1547,0.4144,0.82,0.0919,0.3792,0.094,0.287,0.7678,
0.5342,0.912,0.3212,0.498,0.942,0.2042,0.4412,0.808,0.1913,0.4382,0.83,0.1787, 0.388,0.286,0.2633, 0.3792,0.094,0.287, 0.4812,0.956,0.1934,0.4526,0.942,0.1358,0.442,0.842,0.1547, 0.438,0.62,0.2473,0.4264,0.742,0.1453,0.401,0.752,0.0812,0.8425,
0.519,0.124,0.5556,0.4938,0.99,0.22,0.4568,0.524,0.3299,0.442,0.842,0.1547, 0.4412,0.808,0.1913, 0.415,0.506,0.2668, 0.5074,0.516,0.4458,0.495,0.696,0.289,0.4584,0.668,0.2318, 0.438,0.62,0.2473,0.4192,0.756,0.1509,0.3874,0.582,0.1563,0.7569,
0.5088,0.728,0.3275,0.4938,0.99,0.22,0.442,0.842,0.1547,0.438,0.62,0.2473, 0.3916,0.426,0.2104, 0.3792,0.094,0.287, 0.5342,0.912,0.3212,0.4776,0.36,0.4338,0.4568,0.524,0.3299, 0.4264,0.742,0.1453,0.4144,0.82,0.0919,0.3952,0.71,0.1271,0.8084,
0.5028,0.628,0.3218,0.498,0.942,0.2042,0.4776,0.36,0.4338,0.4568,0.524,0.3299, 0.452,0.762,0.2385, 0.428,0.628,0.204, 0.5342,0.912,0.3212,0.5088,0.728,0.3275,0.4812,0.956,0.1934, 0.4382,0.83,0.1787,0.3916,0.426,0.2104,0.388,0.286,0.2633,0.7992,
0.5028,0.628,0.3218,0.4776,0.36,0.4338,0.4568,0.524,0.3299,0.4412,0.808,0.1913, 0.3952,0.71,0.1271, 0.3792,0.094,0.287, 0.5074,0.516,0.4458,0.498,0.942,0.2042,0.415,0.506,0.2668, 0.4144,0.82,0.0919,0.3916,0.426,0.2104,0.3874,0.582,0.1563,0.896,
0.519,0.124,0.5556,0.498,0.942,0.2042,0.4584,0.668,0.2318,0.4526,0.942,0.1358, 0.442,0.842,0.1547, 0.401,0.752,0.0812, 0.5088,0.728,0.3275,0.4938,0.99,0.22,0.4382,0.83,0.1787, 0.438,0.62,0.2473,0.3952,0.71,0.1271,0.3916,0.426,0.2104,0.855,
0.5074,0.516,0.4458,0.498,0.942,0.2042,0.495,0.696,0.289,0.4938,0.99,0.22, 0.4036,0.698,0.1109, 0.3792,0.094,0.287, 0.5342,0.912,0.3212,0.5088,0.728,0.3275,0.5028,0.628,0.3218, 0.4584,0.668,0.2318,0.4192,0.756,0.1509,0.401,0.752,0.0812,0.8847,
0.5342,0.912,0.3212,0.5028,0.628,0.3218,0.4584,0.668,0.2318,0.452,0.762,0.2385, 0.442,0.842,0.1547, 0.4036,0.698,0.1109, 0.519,0.124,0.5556,0.4812,0.956,0.1934,0.4776,0.36,0.4338, 0.438,0.62,0.2473,0.388,0.286,0.2633,0.3874,0.582,0.1563,0.7758,
0.4938,0.99,0.22,0.4812,0.956,0.1934,0.438,0.62,0.2473,0.4036,0.698,0.1109, 0.3874,0.582,0.1563, 0.3792,0.094,0.287, 0.5074,0.516,0.4458,0.4568,0.524,0.3299,0.428,0.628,0.204, 0.415,0.506,0.2668,0.415,0.296,0.3255,0.388,0.286,0.2633,0.7964,
0.498,0.942,0.2042,0.4526,0.942,0.1358,0.438,0.62,0.2473,0.4264,0.742,0.1453, 0.415,0.506,0.2668, 0.3916,0.426,0.2104, 0.4938,0.99,0.22,0.4776,0.36,0.4338,0.452,0.762,0.2385, 0.4382,0.83,0.1787,0.4036,0.698,0.1109,0.3792,0.094,0.287,0.8846,
0.519,0.124,0.5556,0.5028,0.628,0.3218,0.4568,0.524,0.3299,0.3952,0.71,0.1271, 0.388,0.286,0.2633, 0.3874,0.582,0.1563, 0.5074,0.516,0.4458,0.495,0.696,0.289,0.4526,0.942,0.1358, 0.438,0.62,0.2473,0.415,0.296,0.3255,0.4036,0.698,0.1109,0.7945,
0.5088,0.728,0.3275,0.498,0.942,0.2042,0.4812,0.956,0.1934,0.4264,0.742,0.1453, 0.4192,0.756,0.1509, 0.3874,0.582,0.1563, 0.4938,0.99,0.22,0.4584,0.668,0.2318,0.4526,0.942,0.1358, 0.4412,0.808,0.1913,0.415,0.506,0.2668,0.401,0.752,0.0812,0.8752,
0.4938,0.99,0.22,0.4526,0.942,0.1358,0.452,0.762,0.2385,0.415,0.506,0.2668, 0.4144,0.82,0.0919, 0.3874,0.582,0.1563, 0.4776,0.36,0.4338,0.438,0.62,0.2473,0.4192,0.756,0.1509, 0.415,0.296,0.3255,0.401,0.752,0.0812,0.3952,0.71,0.1271,0.7718,
0.498,0.942,0.2042,0.4812,0.956,0.1934,0.4584,0.668,0.2318,0.4192,0.756,0.1509, 0.415,0.506,0.2668, 0.3916,0.426,0.2104, 0.5088,0.728,0.3275,0.4568,0.524,0.3299,0.4412,0.808,0.1913, 0.415,0.296,0.3255,0.4144,0.82,0.0919,0.3792,0.094,0.287,0.8787,
0.5342,0.912,0.3212,0.4938,0.99,0.22,0.4776,0.36,0.4338,0.4568,0.524,0.3299, 0.438,0.62,0.2473, 0.401,0.752,0.0812, 0.5028,0.628,0.3218,0.498,0.942,0.2042,0.4526,0.942,0.1358, 0.4412,0.808,0.1913,0.4382,0.83,0.1787,0.4264,0.742,0.1453,0.7767,
0.5028,0.628,0.3218,0.442,0.842,0.1547,0.415,0.296,0.3255,0.4144,0.82,0.0919, 0.401,0.752,0.0812, 0.3952,0.71,0.1271, 0.495,0.696,0.289,0.4938,0.99,0.22,0.428,0.628,0.204, 0.415,0.506,0.2668,0.3916,0.426,0.2104,0.388,0.286,0.2633,0.8011,
0.5342,0.912,0.3212,0.452,0.762,0.2385,0.415,0.506,0.2668,0.3916,0.426,0.2104, 0.388,0.286,0.2633, 0.3792,0.094,0.287, 0.4812,0.956,0.1934,0.4584,0.668,0.2318,0.442,0.842,0.1547, 0.4412,0.808,0.1913,0.415,0.296,0.3255,0.3952,0.71,0.1271,0.8052,
0.5342,0.912,0.3212,0.519,0.124,0.5556,0.498,0.942,0.2042,0.4192,0.756,0.1509, 0.415,0.296,0.3255, 0.4036,0.698,0.1109, 0.5088,0.728,0.3275,0.4938,0.99,0.22,0.442,0.842,0.1547, 0.438,0.62,0.2473,0.415,0.506,0.2668,0.401,0.752,0.0812,0.8051,
0.4584,0.668,0.2318,0.442,0.842,0.1547,0.4412,0.808,0.1913,0.4382,0.83,0.1787, 0.428,0.628,0.204, 0.401,0.752,0.0812, 0.4812,0.956,0.1934,0.4526,0.942,0.1358,0.452,0.762,0.2385, 0.438,0.62,0.2473,0.415,0.296,0.3255,0.4036,0.698,0.1109,0.8519,
0.5342,0.912,0.3212,0.519,0.124,0.5556,0.4938,0.99,0.22,0.415,0.506,0.2668, 0.415,0.296,0.3255, 0.3952,0.71,0.1271, 0.498,0.942,0.2042,0.4776,0.36,0.4338,0.4584,0.668,0.2318, 0.4568,0.524,0.3299,0.4144,0.82,0.0919,0.4036,0.698,0.1109,0.7008,
0.5088,0.728,0.3275,0.495,0.696,0.289,0.4938,0.99,0.22,0.4412,0.808,0.1913, 0.415,0.296,0.3255, 0.4144,0.82,0.0919, 0.519,0.124,0.5556,0.4776,0.36,0.4338,0.4382,0.83,0.1787, 0.428,0.628,0.204,0.4264,0.742,0.1453,0.3952,0.71,0.1271,0.7615,
0.5342,0.912,0.3212,0.4776,0.36,0.4338,0.4584,0.668,0.2318,0.442,0.842,0.1547, 0.4264,0.742,0.1453, 0.3792,0.094,0.287, 0.5074,0.516,0.4458,0.498,0.942,0.2042,0.4382,0.83,0.1787, 0.401,0.752,0.0812,0.3952,0.71,0.1271,0.3916,0.426,0.2104,0.7964,
0.5074,0.516,0.4458,0.4584,0.668,0.2318,0.4526,0.942,0.1358,0.415,0.296,0.3255, 0.4036,0.698,0.1109, 0.401,0.752,0.0812, 0.5088,0.728,0.3275,0.4812,0.956,0.1934,0.4776,0.36,0.4338, 0.438,0.62,0.2473,0.4144,0.82,0.0919,0.3952,0.71,0.1271,0.7121,
0.4776,0.36,0.4338,0.4584,0.668,0.2318,0.4526,0.942,0.1358,0.401,0.752,0.0812, 0.3916,0.426,0.2104, 0.3792,0.094,0.287, 0.4812,0.956,0.1934,0.4568,0.524,0.3299,0.438,0.62,0.2473, 0.415,0.296,0.3255,0.4144,0.82,0.0919,0.4036,0.698,0.1109,0.7804,
0.5028,0.628,0.3218,0.498,0.942,0.2042,0.4526,0.942,0.1358,0.415,0.296,0.3255, 0.415,0.506,0.2668, 0.388,0.286,0.2633, 0.5074,0.516,0.4458,0.495,0.696,0.289,0.4776,0.36,0.4338, 0.428,0.628,0.204,0.4264,0.742,0.1453,0.4036,0.698,0.1109,0.807,
0.5028,0.628,0.3218,0.498,0.942,0.2042,0.495,0.696,0.289,0.4776,0.36,0.4338, 0.452,0.762,0.2385, 0.388,0.286,0.2633, 0.5088,0.728,0.3275,0.5074,0.516,0.4458,0.4526,0.942,0.1358, 0.442,0.842,0.1547,0.415,0.506,0.2668,0.3874,0.582,0.1563,0.8018,
0.5342,0.912,0.3212,0.442,0.842,0.1547,0.4412,0.808,0.1913,0.438,0.62,0.2473, 0.4264,0.742,0.1453, 0.415,0.296,0.3255, 0.519,0.124,0.5556,0.5088,0.728,0.3275,0.5028,0.628,0.3218, 0.4812,0.956,0.1934,0.3874,0.582,0.1563,0.3792,0.094,0.287,0.8776,
0.498,0.942,0.2042,0.4812,0.956,0.1934,0.4526,0.942,0.1358,0.442,0.842,0.1547, 0.4192,0.756,0.1509, 0.4036,0.698,0.1109, 0.5074,0.516,0.4458,0.5028,0.628,0.3218,0.4568,0.524,0.3299, 0.4382,0.83,0.1787,0.428,0.628,0.204,0.4264,0.742,0.1453,0.7368,
0.4584,0.668,0.2318,0.4568,0.524,0.3299,0.452,0.762,0.2385,0.428,0.628,0.204, 0.415,0.296,0.3255, 0.3952,0.71,0.1271, 0.5088,0.728,0.3275,0.498,0.942,0.2042,0.4812,0.956,0.1934, 0.442,0.842,0.1547,0.3916,0.426,0.2104,0.3874,0.582,0.1563,0.7738,
0.5088,0.728,0.3275,0.415,0.506,0.2668,0.415,0.296,0.3255,0.3952,0.71,0.1271, 0.3874,0.582,0.1563, 0.3792,0.094,0.287, 0.4812,0.956,0.1934,0.4776,0.36,0.4338,0.438,0.62,0.2473, 0.428,0.628,0.204,0.401,0.752,0.0812,0.388,0.286,0.2633,0.6967,
0.5074,0.516,0.4458,0.4776,0.36,0.4338,0.452,0.762,0.2385,0.415,0.506,0.2668, 0.3952,0.71,0.1271, 0.3874,0.582,0.1563, 0.5342,0.912,0.3212,0.4938,0.99,0.22,0.4412,0.808,0.1913, 0.4036,0.698,0.1109,0.401,0.752,0.0812,0.3792,0.094,0.287,0.8683,
0.4938,0.99,0.22,0.4776,0.36,0.4338,0.438,0.62,0.2473,0.428,0.628,0.204, 0.4192,0.756,0.1509, 0.3916,0.426,0.2104, 0.519,0.124,0.5556,0.4812,0.956,0.1934,0.4264,0.742,0.1453, 0.415,0.296,0.3255,0.401,0.752,0.0812,0.388,0.286,0.2633,0.8463,
0.5088,0.728,0.3275,0.498,0.942,0.2042,0.452,0.762,0.2385,0.4192,0.756,0.1509, 0.415,0.296,0.3255, 0.4036,0.698,0.1109, 0.519,0.124,0.5556,0.5028,0.628,0.3218,0.442,0.842,0.1547, 0.4264,0.742,0.1453,0.415,0.506,0.2668,0.3792,0.094,0.287,0.8942,
0.519,0.124,0.5556,0.498,0.942,0.2042,0.4812,0.956,0.1934,0.4526,0.942,0.1358, 0.452,0.762,0.2385, 0.3916,0.426,0.2104, 0.5088,0.728,0.3275,0.5074,0.516,0.4458,0.4938,0.99,0.22, 0.442,0.842,0.1547,0.428,0.628,0.204,0.415,0.506,0.2668,0.8967,
0.519,0.124,0.5556,0.5028,0.628,0.3218,0.4812,0.956,0.1934,0.438,0.62,0.2473, 0.4264,0.742,0.1453, 0.401,0.752,0.0812, 0.5088,0.728,0.3275,0.5074,0.516,0.4458,0.498,0.942,0.2042, 0.4144,0.82,0.0919,0.3952,0.71,0.1271,0.3792,0.094,0.287,0.8691,
0.519,0.124,0.5556,0.5074,0.516,0.4458,0.4584,0.668,0.2318,0.442,0.842,0.1547, 0.415,0.296,0.3255, 0.3792,0.094,0.287, 0.5342,0.912,0.3212,0.5028,0.628,0.3218,0.4264,0.742,0.1453, 0.4192,0.756,0.1509,0.3952,0.71,0.1271,0.3916,0.426,0.2104,0.8373,
0.5074,0.516,0.4458,0.5028,0.628,0.3218,0.4568,0.524,0.3299,0.415,0.296,0.3255, 0.3916,0.426,0.2104, 0.3874,0.582,0.1563, 0.5342,0.912,0.3212,0.498,0.942,0.2042,0.4776,0.36,0.4338, 0.4526,0.942,0.1358,0.401,0.752,0.0812,0.3952,0.71,0.1271,0.7716,
0.495,0.696,0.289,0.4568,0.524,0.3299,0.452,0.762,0.2385,0.415,0.296,0.3255, 0.401,0.752,0.0812, 0.388,0.286,0.2633, 0.498,0.942,0.2042,0.4938,0.99,0.22,0.4812,0.956,0.1934, 0.4192,0.756,0.1509,0.3874,0.582,0.1563,0.3792,0.094,0.287,0.8881,
0.5074,0.516,0.4458,0.4938,0.99,0.22,0.442,0.842,0.1547,0.4412,0.808,0.1913, 0.415,0.296,0.3255, 0.401,0.752,0.0812, 0.4776,0.36,0.4338,0.4568,0.524,0.3299,0.4526,0.942,0.1358, 0.452,0.762,0.2385,0.4264,0.742,0.1453,0.3792,0.094,0.287,0.8036,
0.5074,0.516,0.4458,0.4776,0.36,0.4338,0.4382,0.83,0.1787,0.428,0.628,0.204, 0.4192,0.756,0.1509, 0.415,0.296,0.3255, 0.5028,0.628,0.3218,0.495,0.696,0.289,0.4584,0.668,0.2318, 0.415,0.506,0.2668,0.401,0.752,0.0812,0.3874,0.582,0.1563,0.7495,
0.5028,0.628,0.3218,0.498,0.942,0.2042,0.4776,0.36,0.4338,0.4412,0.808,0.1913, 0.4144,0.82,0.0919, 0.4036,0.698,0.1109, 0.5342,0.912,0.3212,0.4584,0.668,0.2318,0.4568,0.524,0.3299, 0.4264,0.742,0.1453,0.401,0.752,0.0812,0.3874,0.582,0.1563,0.8099,
0.4938,0.99,0.22,0.4776,0.36,0.4338,0.4584,0.668,0.2318,0.4526,0.942,0.1358, 0.4412,0.808,0.1913, 0.3792,0.094,0.287, 0.495,0.696,0.289,0.4812,0.956,0.1934,0.428,0.628,0.204, 0.415,0.506,0.2668,0.3952,0.71,0.1271,0.3874,0.582,0.1563,0.7169,
0.5088,0.728,0.3275,0.498,0.942,0.2042,0.4938,0.99,0.22,0.4568,0.524,0.3299, 0.438,0.62,0.2473, 0.4036,0.698,0.1109, 0.5342,0.912,0.3212,0.4812,0.956,0.1934,0.452,0.762,0.2385, 0.442,0.842,0.1547,0.415,0.506,0.2668,0.3874,0.582,0.1563,0.8257,
0.498,0.942,0.2042,0.4938,0.99,0.22,0.4776,0.36,0.4338,0.4264,0.742,0.1453, 0.3916,0.426,0.2104, 0.388,0.286,0.2633, 0.5028,0.628,0.3218,0.4412,0.808,0.1913,0.4382,0.83,0.1787, 0.415,0.296,0.3255,0.4144,0.82,0.0919,0.3792,0.094,0.287,0.7334,
0.5088,0.728,0.3275,0.498,0.942,0.2042,0.4776,0.36,0.4338,0.4584,0.668,0.2318, 0.4382,0.83,0.1787, 0.415,0.296,0.3255, 0.5342,0.912,0.3212,0.4812,0.956,0.1934,0.4526,0.942,0.1358, 0.4412,0.808,0.1913,0.4144,0.82,0.0919,0.388,0.286,0.2633,0.7484,
0.519,0.124,0.5556,0.498,0.942,0.2042,0.4776,0.36,0.4338,0.428,0.628,0.204, 0.4144,0.82,0.0919, 0.3952,0.71,0.1271, 0.5342,0.912,0.3212,0.4584,0.668,0.2318,0.442,0.842,0.1547, 0.4264,0.742,0.1453,0.401,0.752,0.0812,0.3874,0.582,0.1563,0.7338,
0.498,0.942,0.2042,0.4938,0.99,0.22,0.4812,0.956,0.1934,0.4144,0.82,0.0919, 0.3952,0.71,0.1271, 0.3916,0.426,0.2104, 0.4584,0.668,0.2318,0.438,0.62,0.2473,0.428,0.628,0.204, 0.4264,0.742,0.1453,0.415,0.296,0.3255,0.4036,0.698,0.1109,0.6662,
0.519,0.124,0.5556,0.4776,0.36,0.4338,0.4382,0.83,0.1787,0.415,0.506,0.2668, 0.401,0.752,0.0812, 0.3916,0.426,0.2104, 0.5028,0.628,0.3218,0.498,0.942,0.2042,0.4938,0.99,0.22, 0.442,0.842,0.1547,0.428,0.628,0.204,0.4264,0.742,0.1453,0.6626,
0.495,0.696,0.289,0.4812,0.956,0.1934,0.4568,0.524,0.3299,0.4526,0.942,0.1358, 0.4382,0.83,0.1787, 0.4144,0.82,0.0919, 0.5088,0.728,0.3275,0.498,0.942,0.2042,0.4776,0.36,0.4338, 0.4264,0.742,0.1453,0.3952,0.71,0.1271,0.3874,0.582,0.1563,0.8668,
0.519,0.124,0.5556,0.5088,0.728,0.3275,0.4776,0.36,0.4338,0.415,0.296,0.3255, 0.401,0.752,0.0812, 0.3792,0.094,0.287, 0.5028,0.628,0.3218,0.4584,0.668,0.2318,0.4526,0.942,0.1358, 0.415,0.506,0.2668,0.3952,0.71,0.1271,0.3916,0.426,0.2104,0.7702,
0.5074,0.516,0.4458,0.4938,0.99,0.22,0.452,0.762,0.2385,0.4192,0.756,0.1509, 0.3952,0.71,0.1271, 0.3792,0.094,0.287, 0.4812,0.956,0.1934,0.4776,0.36,0.4338,0.4526,0.942,0.1358, 0.415,0.296,0.3255,0.3916,0.426,0.2104,0.3874,0.582,0.1563,0.8448,
0.519,0.124,0.5556,0.495,0.696,0.289,0.4812,0.956,0.1934,0.452,0.762,0.2385, 0.415,0.296,0.3255, 0.388,0.286,0.2633, 0.5074,0.516,0.4458,0.5028,0.628,0.3218,0.4584,0.668,0.2318, 0.4526,0.942,0.1358,0.4412,0.808,0.1913,0.428,0.628,0.204,0.8933,
0.519,0.124,0.5556,0.5088,0.728,0.3275,0.495,0.696,0.289,0.438,0.62,0.2473, 0.428,0.628,0.204, 0.3952,0.71,0.1271, 0.498,0.942,0.2042,0.4938,0.99,0.22,0.4568,0.524,0.3299, 0.4382,0.83,0.1787,0.3874,0.582,0.1563,0.3792,0.094,0.287,0.6661,
0.5028,0.628,0.3218,0.4776,0.36,0.4338,0.4382,0.83,0.1787,0.4192,0.756,0.1509, 0.401,0.752,0.0812, 0.3874,0.582,0.1563, 0.5088,0.728,0.3275,0.495,0.696,0.289,0.4812,0.956,0.1934, 0.428,0.628,0.204,0.4036,0.698,0.1109,0.388,0.286,0.2633,0.8246,
0.5074,0.516,0.4458,0.5028,0.628,0.3218,0.4568,0.524,0.3299,0.442,0.842,0.1547, 0.4144,0.82,0.0919, 0.3792,0.094,0.287, 0.519,0.124,0.5556,0.495,0.696,0.289,0.4776,0.36,0.4338, 0.452,0.762,0.2385,0.428,0.628,0.204,0.4192,0.756,0.1509,0.7079,
0.4938,0.99,0.22,0.4812,0.956,0.1934,0.4776,0.36,0.4338,0.452,0.762,0.2385, 0.3916,0.426,0.2104, 0.388,0.286,0.2633, 0.5028,0.628,0.3218,0.495,0.696,0.289,0.438,0.62,0.2473, 0.4264,0.742,0.1453,0.415,0.506,0.2668,0.3952,0.71,0.1271,0.8718,
0.4938,0.99,0.22,0.452,0.762,0.2385,0.4264,0.742,0.1453,0.415,0.296,0.3255, 0.415,0.506,0.2668, 0.4144,0.82,0.0919, 0.5342,0.912,0.3212,0.5088,0.728,0.3275,0.4776,0.36,0.4338, 0.4192,0.756,0.1509,0.4036,0.698,0.1109,0.388,0.286,0.2633,0.7066,
0.5074,0.516,0.4458,0.495,0.696,0.289,0.4938,0.99,0.22,0.4382,0.83,0.1787, 0.415,0.506,0.2668, 0.3792,0.094,0.287, 0.5028,0.628,0.3218,0.4584,0.668,0.2318,0.452,0.762,0.2385, 0.4192,0.756,0.1509,0.415,0.296,0.3255,0.3916,0.426,0.2104,0.666,
0.5342,0.912,0.3212,0.415,0.506,0.2668,0.4036,0.698,0.1109,0.401,0.752,0.0812, 0.3916,0.426,0.2104, 0.3792,0.094,0.287, 0.4938,0.99,0.22,0.4526,0.942,0.1358,0.442,0.842,0.1547, 0.428,0.628,0.204,0.4144,0.82,0.0919,0.3952,0.71,0.1271,0.6637,
0.519,0.124,0.5556,0.4776,0.36,0.4338,0.4568,0.524,0.3299,0.442,0.842,0.1547, 0.4192,0.756,0.1509, 0.388,0.286,0.2633, 0.5342,0.912,0.3212,0.498,0.942,0.2042,0.4938,0.99,0.22, 0.4412,0.808,0.1913,0.4264,0.742,0.1453,0.401,0.752,0.0812,0.7877,
0.519,0.124,0.5556,0.442,0.842,0.1547,0.438,0.62,0.2473,0.428,0.628,0.204, 0.4264,0.742,0.1453, 0.388,0.286,0.2633, 0.495,0.696,0.289,0.4938,0.99,0.22,0.4568,0.524,0.3299, 0.4412,0.808,0.1913,0.3952,0.71,0.1271,0.3874,0.582,0.1563,0.8282,
0.5342,0.912,0.3212,0.4526,0.942,0.1358,0.4412,0.808,0.1913,0.4382,0.83,0.1787, 0.4264,0.742,0.1453, 0.388,0.286,0.2633, 0.5088,0.728,0.3275,0.495,0.696,0.289,0.4776,0.36,0.4338, 0.4036,0.698,0.1109,0.3916,0.426,0.2104,0.3874,0.582,0.1563,0.8894,
0.498,0.942,0.2042,0.4938,0.99,0.22,0.442,0.842,0.1547,0.4412,0.808,0.1913, 0.4036,0.698,0.1109, 0.3792,0.094,0.287, 0.519,0.124,0.5556,0.5028,0.628,0.3218,0.4584,0.668,0.2318, 0.438,0.62,0.2473,0.415,0.296,0.3255,0.401,0.752,0.0812,0.8108,
0.5342,0.912,0.3212,0.4812,0.956,0.1934,0.428,0.628,0.204,0.415,0.296,0.3255, 0.401,0.752,0.0812, 0.3874,0.582,0.1563, 0.519,0.124,0.5556,0.5074,0.516,0.4458,0.4776,0.36,0.4338, 0.438,0.62,0.2473,0.3952,0.71,0.1271,0.388,0.286,0.2633,0.6966,
0.4938,0.99,0.22,0.4812,0.956,0.1934,0.4584,0.668,0.2318,0.452,0.762,0.2385, 0.4192,0.756,0.1509, 0.415,0.296,0.3255, 0.4776,0.36,0.4338,0.4568,0.524,0.3299,0.4526,0.942,0.1358, 0.442,0.842,0.1547,0.4382,0.83,0.1787,0.4036,0.698,0.1109,0.8479,
0.4526,0.942,0.1358,0.452,0.762,0.2385,0.4192,0.756,0.1509,0.415,0.506,0.2668, 0.4144,0.82,0.0919, 0.3792,0.094,0.287, 0.5088,0.728,0.3275,0.5028,0.628,0.3218,0.4412,0.808,0.1913, 0.4264,0.742,0.1453,0.3916,0.426,0.2104,0.388,0.286,0.2633,0.6831,
0.498,0.942,0.2042,0.4776,0.36,0.4338,0.438,0.62,0.2473,0.415,0.506,0.2668, 0.3916,0.426,0.2104, 0.388,0.286,0.2633, 0.4584,0.668,0.2318,0.442,0.842,0.1547,0.4412,0.808,0.1913, 0.4382,0.83,0.1787,0.4264,0.742,0.1453,0.3792,0.094,0.287,0.8566,
0.5028,0.628,0.3218,0.4938,0.99,0.22,0.4812,0.956,0.1934,0.4526,0.942,0.1358, 0.442,0.842,0.1547, 0.4264,0.742,0.1453, 0.5342,0.912,0.3212,0.519,0.124,0.5556,0.498,0.942,0.2042, 0.4568,0.524,0.3299,0.4382,0.83,0.1787,0.4144,0.82,0.0919,0.7831,
0.519,0.124,0.5556,0.5074,0.516,0.4458,0.498,0.942,0.2042,0.4382,0.83,0.1787, 0.4264,0.742,0.1453, 0.401,0.752,0.0812, 0.5342,0.912,0.3212,0.5028,0.628,0.3218,0.442,0.842,0.1547, 0.438,0.62,0.2473,0.415,0.296,0.3255,0.388,0.286,0.2633,0.8323,
0.5074,0.516,0.4458,0.4938,0.99,0.22,0.442,0.842,0.1547,0.4382,0.83,0.1787, 0.428,0.628,0.204, 0.3952,0.71,0.1271, 0.519,0.124,0.5556,0.5028,0.628,0.3218,0.495,0.696,0.289, 0.4812,0.956,0.1934,0.452,0.762,0.2385,0.401,0.752,0.0812,0.7287,
0.5074,0.516,0.4458,0.495,0.696,0.289,0.4776,0.36,0.4338,0.4584,0.668,0.2318, 0.4526,0.942,0.1358, 0.415,0.506,0.2668, 0.5342,0.912,0.3212,0.5088,0.728,0.3275,0.498,0.942,0.2042, 0.428,0.628,0.204,0.4144,0.82,0.0919,0.3792,0.094,0.287,0.7529,
0.498,0.942,0.2042,0.4938,0.99,0.22,0.4526,0.942,0.1358,0.442,0.842,0.1547, 0.3952,0.71,0.1271, 0.3916,0.426,0.2104, 0.5088,0.728,0.3275,0.5028,0.628,0.3218,0.4584,0.668,0.2318, 0.4412,0.808,0.1913,0.4192,0.756,0.1509,0.3874,0.582,0.1563,0.8836,
0.519,0.124,0.5556,0.498,0.942,0.2042,0.4776,0.36,0.4338,0.442,0.842,0.1547, 0.438,0.62,0.2473, 0.3916,0.426,0.2104, 0.5342,0.912,0.3212,0.5028,0.628,0.3218,0.415,0.506,0.2668, 0.415,0.296,0.3255,0.4144,0.82,0.0919,0.4036,0.698,0.1109,0.7557,
0.498,0.942,0.2042,0.4938,0.99,0.22,0.4568,0.524,0.3299,0.4192,0.756,0.1509, 0.3952,0.71,0.1271, 0.3916,0.426,0.2104, 0.519,0.124,0.5556,0.4382,0.83,0.1787,0.428,0.628,0.204, 0.415,0.296,0.3255,0.388,0.286,0.2633,0.3792,0.094,0.287,0.7008,
0.5088,0.728,0.3275,0.4938,0.99,0.22,0.4382,0.83,0.1787,0.438,0.62,0.2473, 0.415,0.506,0.2668, 0.388,0.286,0.2633, 0.5074,0.516,0.4458,0.5028,0.628,0.3218,0.4776,0.36,0.4338, 0.4526,0.942,0.1358,0.4412,0.808,0.1913,0.3792,0.094,0.287,0.8385,
0.5342,0.912,0.3212,0.5074,0.516,0.4458,0.4584,0.668,0.2318,0.4568,0.524,0.3299, 0.4382,0.83,0.1787, 0.388,0.286,0.2633, 0.5088,0.728,0.3275,0.498,0.942,0.2042,0.4526,0.942,0.1358, 0.4192,0.756,0.1509,0.415,0.296,0.3255,0.4144,0.82,0.0919,0.6705,
0.519,0.124,0.5556,0.5074,0.516,0.4458,0.4526,0.942,0.1358,0.452,0.762,0.2385, 0.4192,0.756,0.1509, 0.3916,0.426,0.2104, 0.5342,0.912,0.3212,0.4812,0.956,0.1934,0.4412,0.808,0.1913, 0.428,0.628,0.204,0.4036,0.698,0.1109,0.3874,0.582,0.1563,0.7708,
0.5074,0.516,0.4458,0.495,0.696,0.289,0.4776,0.36,0.4338,0.442,0.842,0.1547, 0.428,0.628,0.204, 0.3792,0.094,0.287, 0.5028,0.628,0.3218,0.498,0.942,0.2042,0.4382,0.83,0.1787, 0.4144,0.82,0.0919,0.401,0.752,0.0812,0.3952,0.71,0.1271,0.6905,
0.495,0.696,0.289,0.4812,0.956,0.1934,0.4382,0.83,0.1787,0.4036,0.698,0.1109, 0.3952,0.71,0.1271, 0.388,0.286,0.2633, 0.5028,0.628,0.3218,0.4776,0.36,0.4338,0.4584,0.668,0.2318, 0.4264,0.742,0.1453,0.4192,0.756,0.1509,0.4144,0.82,0.0919,0.765,
0.5342,0.912,0.3212,0.4938,0.99,0.22,0.4412,0.808,0.1913,0.438,0.62,0.2473, 0.4192,0.756,0.1509, 0.4144,0.82,0.0919, 0.5028,0.628,0.3218,0.4812,0.956,0.1934,0.442,0.842,0.1547, 0.4382,0.83,0.1787,0.3952,0.71,0.1271,0.3874,0.582,0.1563,0.6812,
0.5028,0.628,0.3218,0.4938,0.99,0.22,0.4776,0.36,0.4338,0.3952,0.71,0.1271, 0.388,0.286,0.2633, 0.3792,0.094,0.287, 0.519,0.124,0.5556,0.4812,0.956,0.1934,0.4412,0.808,0.1913, 0.4382,0.83,0.1787,0.401,0.752,0.0812,0.3874,0.582,0.1563,0.8961,
0.5342,0.912,0.3212,0.4776,0.36,0.4338,0.438,0.62,0.2473,0.4264,0.742,0.1453, 0.4192,0.756,0.1509, 0.4036,0.698,0.1109, 0.519,0.124,0.5556,0.5028,0.628,0.3218,0.442,0.842,0.1547, 0.428,0.628,0.204,0.3874,0.582,0.1563,0.3792,0.094,0.287,0.7832,
0.498,0.942,0.2042,0.4938,0.99,0.22,0.4584,0.668,0.2318,0.4412,0.808,0.1913, 0.401,0.752,0.0812, 0.3874,0.582,0.1563, 0.5088,0.728,0.3275,0.5028,0.628,0.3218,0.495,0.696,0.289, 0.415,0.506,0.2668,0.415,0.296,0.3255,0.3952,0.71,0.1271,0.8169,
0.5028,0.628,0.3218,0.495,0.696,0.289,0.4382,0.83,0.1787,0.4264,0.742,0.1453, 0.4192,0.756,0.1509, 0.3916,0.426,0.2104, 0.5088,0.728,0.3275,0.5074,0.516,0.4458,0.4938,0.99,0.22, 0.4526,0.942,0.1358,0.401,0.752,0.0812,0.3952,0.71,0.1271,0.663,
0.5088,0.728,0.3275,0.498,0.942,0.2042,0.4938,0.99,0.22,0.415,0.506,0.2668, 0.3952,0.71,0.1271, 0.3916,0.426,0.2104, 0.519,0.124,0.5556,0.495,0.696,0.289,0.4812,0.956,0.1934, 0.4526,0.942,0.1358,0.428,0.628,0.204,0.4144,0.82,0.0919,0.8495,
0.5342,0.912,0.3212,0.4938,0.99,0.22,0.4812,0.956,0.1934,0.4526,0.942,0.1358, 0.442,0.842,0.1547, 0.388,0.286,0.2633, 0.5028,0.628,0.3218,0.4776,0.36,0.4338,0.4568,0.524,0.3299, 0.438,0.62,0.2473,0.428,0.628,0.204,0.3916,0.426,0.2104,0.7087,
0.4812,0.956,0.1934,0.4584,0.668,0.2318,0.4526,0.942,0.1358,0.415,0.296,0.3255, 0.401,0.752,0.0812, 0.3916,0.426,0.2104, 0.519,0.124,0.5556,0.4382,0.83,0.1787,0.415,0.506,0.2668, 0.4036,0.698,0.1109,0.3874,0.582,0.1563,0.3792,0.094,0.287,0.8676,
0.5028,0.628,0.3218,0.498,0.942,0.2042,0.4264,0.742,0.1453,0.415,0.506,0.2668, 0.415,0.296,0.3255, 0.4144,0.82,0.0919, 0.519,0.124,0.5556,0.5088,0.728,0.3275,0.4938,0.99,0.22, 0.4568,0.524,0.3299,0.401,0.752,0.0812,0.3792,0.094,0.287,0.7381,
0.4776,0.36,0.4338,0.4584,0.668,0.2318,0.4264,0.742,0.1453,0.415,0.296,0.3255, 0.401,0.752,0.0812, 0.3792,0.094,0.287, 0.519,0.124,0.5556,0.4938,0.99,0.22,0.438,0.62,0.2473, 0.4036,0.698,0.1109,0.3916,0.426,0.2104,0.3874,0.582,0.1563,0.7305,
0.519,0.124,0.5556,0.4812,0.956,0.1934,0.4568,0.524,0.3299,0.4412,0.808,0.1913, 0.3952,0.71,0.1271, 0.388,0.286,0.2633, 0.5028,0.628,0.3218,0.498,0.942,0.2042,0.4526,0.942,0.1358, 0.428,0.628,0.204,0.4144,0.82,0.0919,0.4036,0.698,0.1109,0.8948,
0.498,0.942,0.2042,0.4938,0.99,0.22,0.4776,0.36,0.4338,0.438,0.62,0.2473, 0.415,0.506,0.2668, 0.3874,0.582,0.1563, 0.5074,0.516,0.4458,0.4568,0.524,0.3299,0.4382,0.83,0.1787, 0.428,0.628,0.204,0.4192,0.756,0.1509,0.3792,0.094,0.287,0.7424,
0.5074,0.516,0.4458,0.4584,0.668,0.2318,0.452,0.762,0.2385,0.415,0.296,0.3255, 0.3952,0.71,0.1271, 0.3916,0.426,0.2104, 0.5028,0.628,0.3218,0.498,0.942,0.2042,0.495,0.696,0.289, 0.4412,0.808,0.1913,0.415,0.506,0.2668,0.4144,0.82,0.0919,0.6841,
0.5028,0.628,0.3218,0.428,0.628,0.204,0.415,0.506,0.2668,0.415,0.296,0.3255, 0.3916,0.426,0.2104, 0.388,0.286,0.2633, 0.5088,0.728,0.3275,0.4568,0.524,0.3299,0.452,0.762,0.2385, 0.442,0.842,0.1547,0.4036,0.698,0.1109,0.3792,0.094,0.287,0.7121,
0.5028,0.628,0.3218,0.4812,0.956,0.1934,0.452,0.762,0.2385,0.4412,0.808,0.1913, 0.428,0.628,0.204, 0.4192,0.756,0.1509, 0.519,0.124,0.5556,0.4938,0.99,0.22,0.4264,0.742,0.1453, 0.415,0.296,0.3255,0.4144,0.82,0.0919,0.3916,0.426,0.2104,0.7569,
0.5088,0.728,0.3275,0.4938,0.99,0.22,0.4584,0.668,0.2318,0.438,0.62,0.2473, 0.3952,0.71,0.1271, 0.3916,0.426,0.2104, 0.5074,0.516,0.4458,0.5028,0.628,0.3218,0.4568,0.524,0.3299, 0.442,0.842,0.1547,0.4192,0.756,0.1509,0.4036,0.698,0.1109,0.8708,
0.519,0.124,0.5556,0.4776,0.36,0.4338,0.4192,0.756,0.1509,0.415,0.296,0.3255, 0.3916,0.426,0.2104, 0.388,0.286,0.2633, 0.5088,0.728,0.3275,0.5074,0.516,0.4458,0.4526,0.942,0.1358, 0.428,0.628,0.204,0.415,0.506,0.2668,0.3792,0.094,0.287,0.7546,
0.5088,0.728,0.3275,0.495,0.696,0.289,0.4264,0.742,0.1453,0.415,0.506,0.2668, 0.4036,0.698,0.1109, 0.401,0.752,0.0812, 0.498,0.942,0.2042,0.4812,0.956,0.1934,0.4776,0.36,0.4338, 0.4192,0.756,0.1509,0.415,0.296,0.3255,0.3916,0.426,0.2104,0.8144,
0.519,0.124,0.5556,0.5074,0.516,0.4458,0.4568,0.524,0.3299,0.4412,0.808,0.1913, 0.4144,0.82,0.0919, 0.4036,0.698,0.1109, 0.4776,0.36,0.4338,0.4526,0.942,0.1358,0.452,0.762,0.2385, 0.4382,0.83,0.1787,0.438,0.62,0.2473,0.3874,0.582,0.1563,0.7957,
0.519,0.124,0.5556,0.4412,0.808,0.1913,0.428,0.628,0.204,0.4192,0.756,0.1509, 0.415,0.296,0.3255, 0.3874,0.582,0.1563, 0.498,0.942,0.2042,0.495,0.696,0.289,0.4568,0.524,0.3299, 0.442,0.842,0.1547,0.401,0.752,0.0812,0.3952,0.71,0.1271,0.8424,
0.5088,0.728,0.3275,0.495,0.696,0.289,0.4584,0.668,0.2318,0.4568,0.524,0.3299, 0.4382,0.83,0.1787, 0.4192,0.756,0.1509, 0.5342,0.912,0.3212,0.5074,0.516,0.4458,0.415,0.296,0.3255, 0.415,0.506,0.2668,0.3952,0.71,0.1271,0.3792,0.094,0.287,0.6974,
0.5342,0.912,0.3212,0.5028,0.628,0.3218,0.4412,0.808,0.1913,0.401,0.752,0.0812, 0.3952,0.71,0.1271, 0.3916,0.426,0.2104, 0.519,0.124,0.5556,0.4812,0.956,0.1934,0.4526,0.942,0.1358, 0.452,0.762,0.2385,0.4264,0.742,0.1453,0.415,0.296,0.3255,0.7339,
0.5342,0.912,0.3212,0.5028,0.628,0.3218,0.4812,0.956,0.1934,0.4776,0.36,0.4338, 0.4264,0.742,0.1453, 0.4036,0.698,0.1109, 0.5074,0.516,0.4458,0.495,0.696,0.289,0.452,0.762,0.2385, 0.4192,0.756,0.1509,0.415,0.506,0.2668,0.3874,0.582,0.1563,0.6918,
0.452,0.762,0.2385,0.4412,0.808,0.1913,0.428,0.628,0.204,0.4264,0.742,0.1453, 0.4036,0.698,0.1109, 0.3952,0.71,0.1271, 0.5028,0.628,0.3218,0.4812,0.956,0.1934,0.4776,0.36,0.4338, 0.3916,0.426,0.2104,0.388,0.286,0.2633,0.3792,0.094,0.287,0.8326,
0.5074,0.516,0.4458,0.4776,0.36,0.4338,0.4412,0.808,0.1913,0.4264,0.742,0.1453, 0.4144,0.82,0.0919, 0.401,0.752,0.0812, 0.4938,0.99,0.22,0.4584,0.668,0.2318,0.4568,0.524,0.3299, 0.4526,0.942,0.1358,0.442,0.842,0.1547,0.428,0.628,0.204,0.8261,
0.5342,0.912,0.3212,0.519,0.124,0.5556,0.4812,0.956,0.1934,0.452,0.762,0.2385, 0.4264,0.742,0.1453, 0.3916,0.426,0.2104, 0.498,0.942,0.2042,0.4776,0.36,0.4338,0.4526,0.942,0.1358, 0.4412,0.808,0.1913,0.428,0.628,0.204,0.415,0.296,0.3255,0.7586,
0.5342,0.912,0.3212,0.5088,0.728,0.3275,0.438,0.62,0.2473,0.415,0.506,0.2668, 0.4036,0.698,0.1109, 0.388,0.286,0.2633, 0.5074,0.516,0.4458,0.498,0.942,0.2042,0.442,0.842,0.1547, 0.4412,0.808,0.1913,0.4382,0.83,0.1787,0.4144,0.82,0.0919,0.8388,
0.519,0.124,0.5556,0.5028,0.628,0.3218,0.4938,0.99,0.22,0.4036,0.698,0.1109, 0.388,0.286,0.2633, 0.3874,0.582,0.1563, 0.5088,0.728,0.3275,0.5074,0.516,0.4458,0.495,0.696,0.289, 0.428,0.628,0.204,0.415,0.506,0.2668,0.3952,0.71,0.1271,0.7343,
0.5088,0.728,0.3275,0.5028,0.628,0.3218,0.4382,0.83,0.1787,0.415,0.296,0.3255, 0.4144,0.82,0.0919, 0.3952,0.71,0.1271, 0.519,0.124,0.5556,0.4584,0.668,0.2318,0.452,0.762,0.2385, 0.438,0.62,0.2473,0.3916,0.426,0.2104,0.3792,0.094,0.287,0.8677,
0.519,0.124,0.5556,0.495,0.696,0.289,0.4584,0.668,0.2318,0.4412,0.808,0.1913, 0.4264,0.742,0.1453, 0.4192,0.756,0.1509, 0.5342,0.912,0.3212,0.5028,0.628,0.3218,0.4568,0.524,0.3299, 0.415,0.296,0.3255,0.401,0.752,0.0812,0.3916,0.426,0.2104,0.8724,
0.4812,0.956,0.1934,0.4584,0.668,0.2318,0.4412,0.808,0.1913,0.4382,0.83,0.1787, 0.438,0.62,0.2473, 0.428,0.628,0.204, 0.519,0.124,0.5556,0.5074,0.516,0.4458,0.498,0.942,0.2042, 0.4938,0.99,0.22,0.415,0.296,0.3255,0.3792,0.094,0.287,0.6615,
0.498,0.942,0.2042,0.4938,0.99,0.22,0.4584,0.668,0.2318,0.428,0.628,0.204, 0.4144,0.82,0.0919, 0.3916,0.426,0.2104, 0.5088,0.728,0.3275,0.4568,0.524,0.3299,0.4526,0.942,0.1358, 0.4382,0.83,0.1787,0.388,0.286,0.2633,0.3792,0.094,0.287,0.8981,
0.498,0.942,0.2042,0.495,0.696,0.289,0.4776,0.36,0.4338,0.4526,0.942,0.1358, 0.3952,0.71,0.1271, 0.3916,0.426,0.2104, 0.5342,0.912,0.3212,0.4938,0.99,0.22,0.442,0.842,0.1547, 0.401,0.752,0.0812,0.3874,0.582,0.1563,0.3792,0.094,0.287,0.7837,
0.5028,0.628,0.3218,0.4938,0.99,0.22,0.442,0.842,0.1547,0.415,0.506,0.2668, 0.401,0.752,0.0812, 0.3874,0.582,0.1563, 0.519,0.124,0.5556,0.5074,0.516,0.4458,0.4584,0.668,0.2318, 0.4264,0.742,0.1453,0.4192,0.756,0.1509,0.4144,0.82,0.0919,0.7295,
0.5342,0.912,0.3212,0.5088,0.728,0.3275,0.4568,0.524,0.3299,0.452,0.762,0.2385, 0.438,0.62,0.2473, 0.4036,0.698,0.1109, 0.5074,0.516,0.4458,0.4776,0.36,0.4338,0.442,0.842,0.1547, 0.4412,0.808,0.1913,0.4264,0.742,0.1453,0.3874,0.582,0.1563,0.6928,
0.4938,0.99,0.22,0.4776,0.36,0.4338,0.452,0.762,0.2385,0.438,0.62,0.2473, 0.4192,0.756,0.1509, 0.415,0.506,0.2668, 0.5342,0.912,0.3212,0.5074,0.516,0.4458,0.4812,0.956,0.1934, 0.4412,0.808,0.1913,0.415,0.296,0.3255,0.401,0.752,0.0812,0.8222,
0.4812,0.956,0.1934,0.4584,0.668,0.2318,0.4526,0.942,0.1358,0.452,0.762,0.2385, 0.442,0.842,0.1547, 0.388,0.286,0.2633, 0.5342,0.912,0.3212,0.5074,0.516,0.4458,0.4412,0.808,0.1913, 0.4264,0.742,0.1453,0.4144,0.82,0.0919,0.3874,0.582,0.1563,0.8574,
0.519,0.124,0.5556,0.4382,0.83,0.1787,0.428,0.628,0.204,0.4264,0.742,0.1453, 0.4036,0.698,0.1109, 0.3916,0.426,0.2104, 0.5342,0.912,0.3212,0.495,0.696,0.289,0.4568,0.524,0.3299, 0.4412,0.808,0.1913,0.3874,0.582,0.1563,0.3792,0.094,0.287,0.6801,
0.5088,0.728,0.3275,0.498,0.942,0.2042,0.4568,0.524,0.3299,0.415,0.506,0.2668, 0.4144,0.82,0.0919, 0.401,0.752,0.0812, 0.5342,0.912,0.3212,0.5074,0.516,0.4458,0.495,0.696,0.289, 0.452,0.762,0.2385,0.3952,0.71,0.1271,0.3916,0.426,0.2104,0.6819,
0.5342,0.912,0.3212,0.498,0.942,0.2042,0.4526,0.942,0.1358,0.442,0.842,0.1547, 0.4264,0.742,0.1453, 0.3916,0.426,0.2104, 0.495,0.696,0.289,0.4938,0.99,0.22,0.452,0.762,0.2385, 0.4412,0.808,0.1913,0.4144,0.82,0.0919,0.388,0.286,0.2633,0.8955,
0.5342,0.912,0.3212,0.4568,0.524,0.3299,0.4526,0.942,0.1358,0.4264,0.742,0.1453, 0.415,0.506,0.2668, 0.388,0.286,0.2633, 0.519,0.124,0.5556,0.4812,0.956,0.1934,0.4192,0.756,0.1509, 0.415,0.296,0.3255,0.401,0.752,0.0812,0.3792,0.094,0.287,0.7226,
0.519,0.124,0.5556,0.495,0.696,0.289,0.4776,0.36,0.4338,0.4264,0.742,0.1453, 0.4144,0.82,0.0919, 0.3916,0.426,0.2104, 0.5088,0.728,0.3275,0.498,0.942,0.2042,0.415,0.296,0.3255, 0.4036,0.698,0.1109,0.388,0.286,0.2633,0.3874,0.582,0.1563,0.6752,
0.498,0.942,0.2042,0.495,0.696,0.289,0.4568,0.524,0.3299,0.428,0.628,0.204, 0.4036,0.698,0.1109, 0.401,0.752,0.0812, 0.5342,0.912,0.3212,0.5088,0.728,0.3275,0.5028,0.628,0.3218, 0.4144,0.82,0.0919,0.3916,0.426,0.2104,0.388,0.286,0.2633,0.7908,
0.519,0.124,0.5556,0.5074,0.516,0.4458,0.4264,0.742,0.1453,0.415,0.296,0.3255, 0.4144,0.82,0.0919, 0.3792,0.094,0.287, 0.4568,0.524,0.3299,0.4412,0.808,0.1913,0.4382,0.83,0.1787, 0.428,0.628,0.204,0.3916,0.426,0.2104,0.3874,0.582,0.1563,0.7536,
0.519,0.124,0.5556,0.4938,0.99,0.22,0.4812,0.956,0.1934,0.452,0.762,0.2385, 0.438,0.62,0.2473, 0.401,0.752,0.0812, 0.5342,0.912,0.3212,0.4776,0.36,0.4338,0.4382,0.83,0.1787, 0.4264,0.742,0.1453,0.4192,0.756,0.1509,0.4036,0.698,0.1109,0.7543,
0.495,0.696,0.289,0.4938,0.99,0.22,0.4568,0.524,0.3299,0.442,0.842,0.1547, 0.4144,0.82,0.0919, 0.388,0.286,0.2633, 0.519,0.124,0.5556,0.5088,0.728,0.3275,0.4584,0.668,0.2318, 0.4412,0.808,0.1913,0.438,0.62,0.2473,0.428,0.628,0.204,0.706,
0.519,0.124,0.5556,0.5028,0.628,0.3218,0.4812,0.956,0.1934,0.4584,0.668,0.2318, 0.4568,0.524,0.3299, 0.3792,0.094,0.287, 0.5088,0.728,0.3275,0.452,0.762,0.2385,0.442,0.842,0.1547, 0.4412,0.808,0.1913,0.415,0.296,0.3255,0.401,0.752,0.0812,0.7096,
0.5074,0.516,0.4458,0.5028,0.628,0.3218,0.442,0.842,0.1547,0.4264,0.742,0.1453, 0.3952,0.71,0.1271, 0.3874,0.582,0.1563, 0.495,0.696,0.289,0.4584,0.668,0.2318,0.4526,0.942,0.1358, 0.415,0.296,0.3255,0.4144,0.82,0.0919,0.4036,0.698,0.1109,0.8491,
0.5088,0.728,0.3275,0.4568,0.524,0.3299,0.4526,0.942,0.1358,0.442,0.842,0.1547, 0.415,0.296,0.3255, 0.3792,0.094,0.287, 0.5074,0.516,0.4458,0.4776,0.36,0.4338,0.452,0.762,0.2385, 0.4264,0.742,0.1453,0.415,0.506,0.2668,0.388,0.286,0.2633,0.85,
0.5028,0.628,0.3218,0.4812,0.956,0.1934,0.4776,0.36,0.4338,0.428,0.628,0.204, 0.3952,0.71,0.1271, 0.3916,0.426,0.2104, 0.495,0.696,0.289,0.452,0.762,0.2385,0.438,0.62,0.2473, 0.415,0.296,0.3255,0.401,0.752,0.0812,0.388,0.286,0.2633,0.7559,
0.495,0.696,0.289,0.4382,0.83,0.1787,0.438,0.62,0.2473,0.428,0.628,0.204, 0.4264,0.742,0.1453, 0.4036,0.698,0.1109, 0.5028,0.628,0.3218,0.4776,0.36,0.4338,0.4568,0.524,0.3299, 0.4412,0.808,0.1913,0.388,0.286,0.2633,0.3874,0.582,0.1563,0.8388,
0.4812,0.956,0.1934,0.4568,0.524,0.3299,0.4526,0.942,0.1358,0.452,0.762,0.2385, 0.428,0.628,0.204, 0.3916,0.426,0.2104, 0.5074,0.516,0.4458,0.442,0.842,0.1547,0.4382,0.83,0.1787, 0.415,0.506,0.2668,0.4144,0.82,0.0919,0.388,0.286,0.2633,0.8677,
0.5342,0.912,0.3212,0.452,0.762,0.2385,0.438,0.62,0.2473,0.415,0.296,0.3255, 0.3916,0.426,0.2104, 0.3874,0.582,0.1563, 0.495,0.696,0.289,0.4812,0.956,0.1934,0.4584,0.668,0.2318, 0.415,0.506,0.2668,0.401,0.752,0.0812,0.3792,0.094,0.287,0.8893,
0.519,0.124,0.5556,0.4584,0.668,0.2318,0.4526,0.942,0.1358,0.452,0.762,0.2385, 0.438,0.62,0.2473, 0.3916,0.426,0.2104, 0.498,0.942,0.2042,0.4776,0.36,0.4338,0.4382,0.83,0.1787, 0.4264,0.742,0.1453,0.415,0.506,0.2668,0.3792,0.094,0.287,0.7939,
0.519,0.124,0.5556,0.4526,0.942,0.1358,0.442,0.842,0.1547,0.4192,0.756,0.1509, 0.401,0.752,0.0812, 0.388,0.286,0.2633, 0.5074,0.516,0.4458,0.4938,0.99,0.22,0.4812,0.956,0.1934, 0.415,0.296,0.3255,0.3952,0.71,0.1271,0.3874,0.582,0.1563,0.6845,
0.4812,0.956,0.1934,0.452,0.762,0.2385,0.428,0.628,0.204,0.4192,0.756,0.1509, 0.3916,0.426,0.2104, 0.388,0.286,0.2633, 0.5074,0.516,0.4458,0.498,0.942,0.2042,0.415,0.506,0.2668, 0.415,0.296,0.3255,0.4036,0.698,0.1109,0.3792,0.094,0.287,0.8477,
0.5028,0.628,0.3218,0.498,0.942,0.2042,0.4568,0.524,0.3299,0.438,0.62,0.2473, 0.4144,0.82,0.0919, 0.3952,0.71,0.1271, 0.5074,0.516,0.4458,0.495,0.696,0.289,0.4412,0.808,0.1913, 0.4036,0.698,0.1109,0.3916,0.426,0.2104,0.3792,0.094,0.287,0.7478,
0.5074,0.516,0.4458,0.4776,0.36,0.4338,0.4568,0.524,0.3299,0.4144,0.82,0.0919, 0.3952,0.71,0.1271, 0.3916,0.426,0.2104, 0.4938,0.99,0.22,0.4812,0.956,0.1934,0.4526,0.942,0.1358, 0.452,0.762,0.2385,0.4412,0.808,0.1913,0.401,0.752,0.0812,0.8047,
0.5088,0.728,0.3275,0.4526,0.942,0.1358,0.442,0.842,0.1547,0.4382,0.83,0.1787, 0.415,0.296,0.3255, 0.388,0.286,0.2633, 0.5074,0.516,0.4458,0.4938,0.99,0.22,0.4568,0.524,0.3299, 0.438,0.62,0.2473,0.3916,0.426,0.2104,0.3874,0.582,0.1563,0.8451,
0.519,0.124,0.5556,0.495,0.696,0.289,0.452,0.762,0.2385,0.4382,0.83,0.1787, 0.415,0.506,0.2668, 0.388,0.286,0.2633, 0.4938,0.99,0.22,0.4812,0.956,0.1934,0.4412,0.808,0.1913, 0.428,0.628,0.204,0.4192,0.756,0.1509,0.3792,0.094,0.287,0.7757,
0.5074,0.516,0.4458,0.452,0.762,0.2385,0.428,0.628,0.204,0.4264,0.742,0.1453, 0.401,0.752,0.0812, 0.3952,0.71,0.1271, 0.519,0.124,0.5556,0.4812,0.956,0.1934,0.4584,0.668,0.2318, 0.4526,0.942,0.1358,0.4382,0.83,0.1787,0.388,0.286,0.2633,0.67,
0.5088,0.728,0.3275,0.5074,0.516,0.4458,0.5028,0.628,0.3218,0.4568,0.524,0.3299, 0.4526,0.942,0.1358, 0.4382,0.83,0.1787, 0.5342,0.912,0.3212,0.519,0.124,0.5556,0.495,0.696,0.289, 0.442,0.842,0.1547,0.4412,0.808,0.1913,0.3792,0.094,0.287,0.7437,
0.498,0.942,0.2042,0.4938,0.99,0.22,0.4526,0.942,0.1358,0.4412,0.808,0.1913, 0.4144,0.82,0.0919, 0.4036,0.698,0.1109, 0.5342,0.912,0.3212,0.5028,0.628,0.3218,0.452,0.762,0.2385, 0.438,0.62,0.2473,0.415,0.506,0.2668,0.388,0.286,0.2633,0.8259,
0.5088,0.728,0.3275,0.5028,0.628,0.3218,0.4938,0.99,0.22,0.452,0.762,0.2385, 0.4192,0.756,0.1509, 0.401,0.752,0.0812, 0.495,0.696,0.289,0.4776,0.36,0.4338,0.4568,0.524,0.3299, 0.4526,0.942,0.1358,0.4036,0.698,0.1109,0.3952,0.71,0.1271,0.7326,
0.5028,0.628,0.3218,0.4568,0.524,0.3299,0.4412,0.808,0.1913,0.4144,0.82,0.0919, 0.4036,0.698,0.1109, 0.401,0.752,0.0812, 0.5074,0.516,0.4458,0.4526,0.942,0.1358,0.438,0.62,0.2473, 0.4264,0.742,0.1453,0.415,0.296,0.3255,0.3952,0.71,0.1271,0.8369,
0.519,0.124,0.5556,0.5074,0.516,0.4458,0.4938,0.99,0.22,0.4584,0.668,0.2318, 0.4382,0.83,0.1787, 0.415,0.506,0.2668, 0.5342,0.912,0.3212,0.5028,0.628,0.3218,0.4812,0.956,0.1934, 0.4776,0.36,0.4338,0.428,0.628,0.204,0.388,0.286,0.2633,0.87,
0.519,0.124,0.5556,0.4812,0.956,0.1934,0.4776,0.36,0.4338,0.428,0.628,0.204, 0.415,0.506,0.2668, 0.3792,0.094,0.287, 0.498,0.942,0.2042,0.495,0.696,0.289,0.4526,0.942,0.1358, 0.438,0.62,0.2473,0.4036,0.698,0.1109,0.388,0.286,0.2633,0.8535,
0.5342,0.912,0.3212,0.4938,0.99,0.22,0.452,0.762,0.2385,0.438,0.62,0.2473, 0.3916,0.426,0.2104, 0.388,0.286,0.2633, 0.5074,0.516,0.4458,0.5028,0.628,0.3218,0.4412,0.808,0.1913, 0.4264,0.742,0.1453,0.401,0.752,0.0812,0.3874,0.582,0.1563,0.8217,
0.5088,0.728,0.3275,0.495,0.696,0.289,0.4776,0.36,0.4338,0.4584,0.668,0.2318, 0.452,0.762,0.2385, 0.388,0.286,0.2633, 0.5074,0.516,0.4458,0.5028,0.628,0.3218,0.4526,0.942,0.1358, 0.442,0.842,0.1547,0.4144,0.82,0.0919,0.3916,0.426,0.2104,0.7601,
0.5074,0.516,0.4458,0.495,0.696,0.289,0.4584,0.668,0.2318,0.415,0.506,0.2668, 0.4036,0.698,0.1109, 0.3792,0.094,0.287, 0.519,0.124,0.5556,0.4938,0.99,0.22,0.4812,0.956,0.1934, 0.4568,0.524,0.3299,0.4144,0.82,0.0919,0.401,0.752,0.0812,0.6814,
0.5342,0.912,0.3212,0.4412,0.808,0.1913,0.4382,0.83,0.1787,0.415,0.296,0.3255, 0.4144,0.82,0.0919, 0.3874,0.582,0.1563, 0.5088,0.728,0.3275,0.495,0.696,0.289,0.4812,0.956,0.1934, 0.4584,0.668,0.2318,0.4526,0.942,0.1358,0.3792,0.094,0.287,0.7171,
0.5342,0.912,0.3212,0.4776,0.36,0.4338,0.438,0.62,0.2473,0.4264,0.742,0.1453, 0.4144,0.82,0.0919, 0.388,0.286,0.2633, 0.5088,0.728,0.3275,0.5074,0.516,0.4458,0.4938,0.99,0.22, 0.4526,0.942,0.1358,0.3952,0.71,0.1271,0.3916,0.426,0.2104,0.751,
0.5028,0.628,0.3218,0.4568,0.524,0.3299,0.415,0.296,0.3255,0.415,0.506,0.2668, 0.401,0.752,0.0812, 0.3792,0.094,0.287, 0.4938,0.99,0.22,0.442,0.842,0.1547,0.438,0.62,0.2473, 0.428,0.628,0.204,0.4264,0.742,0.1453,0.3952,0.71,0.1271,0.8108,
0.4812,0.956,0.1934,0.4776,0.36,0.4338,0.4526,0.942,0.1358,0.4192,0.756,0.1509, 0.415,0.506,0.2668, 0.3916,0.426,0.2104, 0.5074,0.516,0.4458,0.495,0.696,0.289,0.4568,0.524,0.3299, 0.442,0.842,0.1547,0.428,0.628,0.204,0.4036,0.698,0.1109,0.7769,
0.519,0.124,0.5556,0.4776,0.36,0.4338,0.4584,0.668,0.2318,0.4412,0.808,0.1913, 0.438,0.62,0.2473, 0.3792,0.094,0.287, 0.5088,0.728,0.3275,0.495,0.696,0.289,0.428,0.628,0.204, 0.4144,0.82,0.0919,0.4036,0.698,0.1109,0.3916,0.426,0.2104,0.7105,
0.5028,0.628,0.3218,0.498,0.942,0.2042,0.495,0.696,0.289,0.4776,0.36,0.4338, 0.4526,0.942,0.1358, 0.3916,0.426,0.2104, 0.5074,0.516,0.4458,0.4938,0.99,0.22,0.4382,0.83,0.1787, 0.428,0.628,0.204,0.415,0.506,0.2668,0.3874,0.582,0.1563,0.7507,
0.5028,0.628,0.3218,0.498,0.942,0.2042,0.4812,0.956,0.1934,0.438,0.62,0.2473, 0.415,0.296,0.3255, 0.415,0.506,0.2668, 0.5342,0.912,0.3212,0.519,0.124,0.5556,0.495,0.696,0.289, 0.4584,0.668,0.2318,0.452,0.762,0.2385,0.401,0.752,0.0812,0.745,
0.519,0.124,0.5556,0.5088,0.728,0.3275,0.4938,0.99,0.22,0.4584,0.668,0.2318, 0.4192,0.756,0.1509, 0.415,0.506,0.2668, 0.5342,0.912,0.3212,0.5074,0.516,0.4458,0.4812,0.956,0.1934, 0.4568,0.524,0.3299,0.438,0.62,0.2473,0.4144,0.82,0.0919,0.8891,
0.5342,0.912,0.3212,0.519,0.124,0.5556,0.4568,0.524,0.3299,0.4526,0.942,0.1358, 0.4382,0.83,0.1787, 0.4192,0.756,0.1509, 0.5028,0.628,0.3218,0.498,0.942,0.2042,0.4938,0.99,0.22, 0.4812,0.956,0.1934,0.438,0.62,0.2473,0.401,0.752,0.0812,0.8907,
0.5028,0.628,0.3218,0.498,0.942,0.2042,0.4264,0.742,0.1453,0.415,0.506,0.2668, 0.4144,0.82,0.0919, 0.3952,0.71,0.1271, 0.519,0.124,0.5556,0.5074,0.516,0.4458,0.495,0.696,0.289, 0.438,0.62,0.2473,0.388,0.286,0.2633,0.3874,0.582,0.1563,0.6883,
0.4776,0.36,0.4338,0.4568,0.524,0.3299,0.4526,0.942,0.1358,0.4264,0.742,0.1453, 0.4192,0.756,0.1509, 0.4144,0.82,0.0919, 0.5088,0.728,0.3275,0.4584,0.668,0.2318,0.4412,0.808,0.1913, 0.428,0.628,0.204,0.401,0.752,0.0812,0.3916,0.426,0.2104,0.8904,
0.5342,0.912,0.3212,0.4776,0.36,0.4338,0.4568,0.524,0.3299,0.4264,0.742,0.1453, 0.3916,0.426,0.2104, 0.388,0.286,0.2633, 0.5074,0.516,0.4458,0.495,0.696,0.289,0.4812,0.956,0.1934, 0.428,0.628,0.204,0.4192,0.756,0.1509,0.3952,0.71,0.1271,0.8629,
0.5074,0.516,0.4458,0.4584,0.668,0.2318,0.4412,0.808,0.1913,0.4382,0.83,0.1787, 0.4264,0.742,0.1453, 0.3916,0.426,0.2104, 0.5088,0.728,0.3275,0.495,0.696,0.289,0.4938,0.99,0.22, 0.442,0.842,0.1547,0.415,0.296,0.3255,0.401,0.752,0.0812,0.7954,
0.5342,0.912,0.3212,0.519,0.124,0.5556,0.5074,0.516,0.4458,0.428,0.628,0.204, 0.415,0.506,0.2668, 0.4144,0.82,0.0919, 0.5088,0.728,0.3275,0.5028,0.628,0.3218,0.4938,0.99,0.22, 0.4812,0.956,0.1934,0.4776,0.36,0.4338,0.415,0.296,0.3255,0.8326,
0.519,0.124,0.5556,0.4382,0.83,0.1787,0.415,0.296,0.3255,0.415,0.506,0.2668, 0.388,0.286,0.2633, 0.3792,0.094,0.287, 0.4584,0.668,0.2318,0.4526,0.942,0.1358,0.442,0.842,0.1547, 0.4412,0.808,0.1913,0.4264,0.742,0.1453,0.401,0.752,0.0812,0.8879,
0.5074,0.516,0.4458,0.4776,0.36,0.4338,0.4412,0.808,0.1913,0.428,0.628,0.204, 0.388,0.286,0.2633, 0.3874,0.582,0.1563, 0.519,0.124,0.5556,0.5088,0.728,0.3275,0.4812,0.956,0.1934, 0.4192,0.756,0.1509,0.415,0.506,0.2668,0.4036,0.698,0.1109,0.7519,
0.5088,0.728,0.3275,0.498,0.942,0.2042,0.495,0.696,0.289,0.4938,0.99,0.22, 0.4568,0.524,0.3299, 0.415,0.296,0.3255, 0.5342,0.912,0.3212,0.519,0.124,0.5556,0.452,0.762,0.2385, 0.438,0.62,0.2473,0.4192,0.756,0.1509,0.4144,0.82,0.0919,0.7504,
0.5342,0.912,0.3212,0.4938,0.99,0.22,0.4776,0.36,0.4338,0.4264,0.742,0.1453, 0.415,0.296,0.3255, 0.3916,0.426,0.2104, 0.519,0.124,0.5556,0.5028,0.628,0.3218,0.498,0.942,0.2042, 0.4192,0.756,0.1509,0.4036,0.698,0.1109,0.388,0.286,0.2633,0.8329,
0.4938,0.99,0.22,0.4776,0.36,0.4338,0.4584,0.668,0.2318,0.452,0.762,0.2385, 0.4412,0.808,0.1913, 0.428,0.628,0.204, 0.5028,0.628,0.3218,0.495,0.696,0.289,0.4812,0.956,0.1934, 0.4264,0.742,0.1453,0.4192,0.756,0.1509,0.388,0.286,0.2633,0.7487,
0.498,0.942,0.2042,0.4584,0.668,0.2318,0.438,0.62,0.2473,0.428,0.628,0.204, 0.4192,0.756,0.1509, 0.401,0.752,0.0812, 0.4938,0.99,0.22,0.4412,0.808,0.1913,0.4264,0.742,0.1453, 0.415,0.296,0.3255,0.4144,0.82,0.0919,0.388,0.286,0.2633,0.8951,
0.5088,0.728,0.3275,0.452,0.762,0.2385,0.4382,0.83,0.1787,0.438,0.62,0.2473, 0.4192,0.756,0.1509, 0.3916,0.426,0.2104, 0.498,0.942,0.2042,0.4938,0.99,0.22,0.4812,0.956,0.1934, 0.4568,0.524,0.3299,0.428,0.628,0.204,0.3792,0.094,0.287,0.8209,
0.5028,0.628,0.3218,0.495,0.696,0.289,0.4938,0.99,0.22,0.4144,0.82,0.0919, 0.3916,0.426,0.2104, 0.3874,0.582,0.1563, 0.4812,0.956,0.1934,0.4568,0.524,0.3299,0.452,0.762,0.2385, 0.4412,0.808,0.1913,0.401,0.752,0.0812,0.3792,0.094,0.287,0.8663,
0.5074,0.516,0.4458,0.5028,0.628,0.3218,0.4812,0.956,0.1934,0.4584,0.668,0.2318, 0.415,0.296,0.3255, 0.401,0.752,0.0812, 0.519,0.124,0.5556,0.495,0.696,0.289,0.452,0.762,0.2385, 0.428,0.628,0.204,0.415,0.506,0.2668,0.3792,0.094,0.287,0.7866,
0.5342,0.912,0.3212,0.5028,0.628,0.3218,0.498,0.942,0.2042,0.4584,0.668,0.2318, 0.442,0.842,0.1547, 0.3916,0.426,0.2104, 0.519,0.124,0.5556,0.495,0.696,0.289,0.4812,0.956,0.1934, 0.4412,0.808,0.1913,0.438,0.62,0.2473,0.3792,0.094,0.287,0.8261,
0.498,0.942,0.2042,0.4938,0.99,0.22,0.415,0.296,0.3255,0.4036,0.698,0.1109, 0.388,0.286,0.2633, 0.3792,0.094,0.287, 0.5088,0.728,0.3275,0.4568,0.524,0.3299,0.442,0.842,0.1547, 0.4264,0.742,0.1453,0.4192,0.756,0.1509,0.3874,0.582,0.1563,0.7579,
0.519,0.124,0.5556,0.5074,0.516,0.4458,0.4776,0.36,0.4338,0.442,0.842,0.1547, 0.415,0.296,0.3255, 0.3874,0.582,0.1563, 0.5088,0.728,0.3275,0.4938,0.99,0.22,0.4526,0.942,0.1358, 0.428,0.628,0.204,0.4192,0.756,0.1509,0.415,0.506,0.2668,0.8885,
0.519,0.124,0.5556,0.5088,0.728,0.3275,0.4776,0.36,0.4338,0.4584,0.668,0.2318, 0.4192,0.756,0.1509, 0.4144,0.82,0.0919, 0.5342,0.912,0.3212,0.5028,0.628,0.3218,0.452,0.762,0.2385, 0.415,0.296,0.3255,0.415,0.506,0.2668,0.3874,0.582,0.1563,0.834,
0.519,0.124,0.5556,0.5074,0.516,0.4458,0.438,0.62,0.2473,0.415,0.296,0.3255, 0.401,0.752,0.0812, 0.3792,0.094,0.287, 0.4526,0.942,0.1358,0.4412,0.808,0.1913,0.4382,0.83,0.1787, 0.4144,0.82,0.0919,0.4036,0.698,0.1109,0.3952,0.71,0.1271,0.681,
0.5342,0.912,0.3212,0.5028,0.628,0.3218,0.495,0.696,0.289,0.438,0.62,0.2473, 0.4192,0.756,0.1509, 0.3916,0.426,0.2104, 0.498,0.942,0.2042,0.4938,0.99,0.22,0.4776,0.36,0.4338, 0.4568,0.524,0.3299,0.4036,0.698,0.1109,0.3792,0.094,0.287,0.8124,
0.519,0.124,0.5556,0.5088,0.728,0.3275,0.442,0.842,0.1547,0.4382,0.83,0.1787, 0.438,0.62,0.2473, 0.401,0.752,0.0812, 0.5342,0.912,0.3212,0.498,0.942,0.2042,0.4938,0.99,0.22, 0.4812,0.956,0.1934,0.4192,0.756,0.1509,0.415,0.296,0.3255,0.6768,
0.519,0.124,0.5556,0.442,0.842,0.1547,0.4382,0.83,0.1787,0.428,0.628,0.204, 0.401,0.752,0.0812, 0.388,0.286,0.2633, 0.4776,0.36,0.4338,0.4526,0.942,0.1358,0.415,0.296,0.3255, 0.415,0.506,0.2668,0.3874,0.582,0.1563,0.3792,0.094,0.287,0.8227,
0.5074,0.516,0.4458,0.4812,0.956,0.1934,0.4584,0.668,0.2318,0.4568,0.524,0.3299, 0.3916,0.426,0.2104, 0.3792,0.094,0.287, 0.5028,0.628,0.3218,0.498,0.942,0.2042,0.428,0.628,0.204, 0.4264,0.742,0.1453,0.415,0.506,0.2668,0.388,0.286,0.2633,0.8962,
0.519,0.124,0.5556,0.4812,0.956,0.1934,0.452,0.762,0.2385,0.4382,0.83,0.1787, 0.401,0.752,0.0812, 0.3792,0.094,0.287, 0.5074,0.516,0.4458,0.498,0.942,0.2042,0.4938,0.99,0.22, 0.4192,0.756,0.1509,0.4036,0.698,0.1109,0.388,0.286,0.2633,0.8486,
0.5088,0.728,0.3275,0.4584,0.668,0.2318,0.438,0.62,0.2473,0.4264,0.742,0.1453, 0.3952,0.71,0.1271, 0.3874,0.582,0.1563, 0.5342,0.912,0.3212,0.5074,0.516,0.4458,0.4526,0.942,0.1358, 0.401,0.752,0.0812,0.388,0.286,0.2633,0.3792,0.094,0.287,0.8582,
0.5342,0.912,0.3212,0.498,0.942,0.2042,0.4382,0.83,0.1787,0.4264,0.742,0.1453, 0.401,0.752,0.0812, 0.3952,0.71,0.1271, 0.519,0.124,0.5556,0.5088,0.728,0.3275,0.4812,0.956,0.1934, 0.4526,0.942,0.1358,0.438,0.62,0.2473,0.3792,0.094,0.287,0.7592,
0.5342,0.912,0.3212,0.5028,0.628,0.3218,0.495,0.696,0.289,0.4382,0.83,0.1787, 0.415,0.296,0.3255, 0.3874,0.582,0.1563, 0.5074,0.516,0.4458,0.4938,0.99,0.22,0.452,0.762,0.2385, 0.401,0.752,0.0812,0.3952,0.71,0.1271,0.3916,0.426,0.2104,0.6784,
0.5342,0.912,0.3212,0.4776,0.36,0.4338,0.438,0.62,0.2473,0.428,0.628,0.204, 0.415,0.296,0.3255, 0.4144,0.82,0.0919, 0.519,0.124,0.5556,0.4568,0.524,0.3299,0.4526,0.942,0.1358, 0.415,0.506,0.2668,0.3916,0.426,0.2104,0.3874,0.582,0.1563,0.7467,
0.519,0.124,0.5556,0.5088,0.728,0.3275,0.5074,0.516,0.4458,0.4584,0.668,0.2318, 0.415,0.506,0.2668, 0.4144,0.82,0.0919, 0.5342,0.912,0.3212,0.495,0.696,0.289,0.4568,0.524,0.3299, 0.4526,0.942,0.1358,0.442,0.842,0.1547,0.401,0.752,0.0812,0.8407,
0.519,0.124,0.5556,0.5088,0.728,0.3275,0.4584,0.668,0.2318,0.4526,0.942,0.1358, 0.388,0.286,0.2633, 0.3874,0.582,0.1563, 0.5342,0.912,0.3212,0.498,0.942,0.2042,0.452,0.762,0.2385, 0.442,0.842,0.1547,0.438,0.62,0.2473,0.4036,0.698,0.1109,0.7976,
0.5074,0.516,0.4458,0.5028,0.628,0.3218,0.4526,0.942,0.1358,0.442,0.842,0.1547, 0.438,0.62,0.2473, 0.388,0.286,0.2633, 0.495,0.696,0.289,0.4938,0.99,0.22,0.4776,0.36,0.4338, 0.4382,0.83,0.1787,0.4036,0.698,0.1109,0.3792,0.094,0.287,0.845,
0.519,0.124,0.5556,0.5074,0.516,0.4458,0.4938,0.99,0.22,0.428,0.628,0.204, 0.4144,0.82,0.0919, 0.3874,0.582,0.1563, 0.4776,0.36,0.4338,0.4568,0.524,0.3299,0.442,0.842,0.1547, 0.438,0.62,0.2473,0.415,0.506,0.2668,0.401,0.752,0.0812,0.6996,
0.519,0.124,0.5556,0.4812,0.956,0.1934,0.4776,0.36,0.4338,0.4526,0.942,0.1358, 0.428,0.628,0.204, 0.4144,0.82,0.0919, 0.5342,0.912,0.3212,0.4938,0.99,0.22,0.4584,0.668,0.2318, 0.4568,0.524,0.3299,0.4382,0.83,0.1787,0.415,0.296,0.3255,0.8376,
0.519,0.124,0.5556,0.4938,0.99,0.22,0.4776,0.36,0.4338,0.452,0.762,0.2385, 0.4264,0.742,0.1453, 0.3952,0.71,0.1271, 0.5028,0.628,0.3218,0.4812,0.956,0.1934,0.4568,0.524,0.3299, 0.4526,0.942,0.1358,0.415,0.296,0.3255,0.3792,0.094,0.287,0.7038,
0.519,0.124,0.5556,0.4938,0.99,0.22,0.4568,0.524,0.3299,0.415,0.506,0.2668, 0.3916,0.426,0.2104, 0.388,0.286,0.2633, 0.5342,0.912,0.3212,0.5088,0.728,0.3275,0.495,0.696,0.289, 0.4526,0.942,0.1358,0.4144,0.82,0.0919,0.3952,0.71,0.1271,0.6856,
0.519,0.124,0.5556,0.5088,0.728,0.3275,0.5028,0.628,0.3218,0.415,0.506,0.2668, 0.3874,0.582,0.1563, 0.3792,0.094,0.287, 0.495,0.696,0.289,0.4938,0.99,0.22,0.452,0.762,0.2385, 0.4144,0.82,0.0919,0.401,0.752,0.0812,0.388,0.286,0.2633,0.8173,
0.519,0.124,0.5556,0.498,0.942,0.2042,0.4526,0.942,0.1358,0.4264,0.742,0.1453, 0.4192,0.756,0.1509, 0.3952,0.71,0.1271, 0.5028,0.628,0.3218,0.4938,0.99,0.22,0.4568,0.524,0.3299, 0.4412,0.808,0.1913,0.4382,0.83,0.1787,0.401,0.752,0.0812,0.854,
0.519,0.124,0.5556,0.4264,0.742,0.1453,0.4192,0.756,0.1509,0.415,0.296,0.3255, 0.4036,0.698,0.1109, 0.3916,0.426,0.2104, 0.5074,0.516,0.4458,0.4776,0.36,0.4338,0.4412,0.808,0.1913, 0.428,0.628,0.204,0.3952,0.71,0.1271,0.3874,0.582,0.1563,0.6673,
0.5342,0.912,0.3212,0.4568,0.524,0.3299,0.452,0.762,0.2385,0.428,0.628,0.204, 0.4264,0.742,0.1453, 0.388,0.286,0.2633, 0.4938,0.99,0.22,0.4812,0.956,0.1934,0.4776,0.36,0.4338, 0.4584,0.668,0.2318,0.4412,0.808,0.1913,0.415,0.506,0.2668,0.7206,
0.5074,0.516,0.4458,0.4776,0.36,0.4338,0.4584,0.668,0.2318,0.438,0.62,0.2473, 0.415,0.506,0.2668, 0.3952,0.71,0.1271, 0.519,0.124,0.5556,0.495,0.696,0.289,0.4526,0.942,0.1358, 0.4264,0.742,0.1453,0.4036,0.698,0.1109,0.3792,0.094,0.287,0.7235,
0.498,0.942,0.2042,0.428,0.628,0.204,0.4264,0.742,0.1453,0.4192,0.756,0.1509, 0.415,0.296,0.3255, 0.4144,0.82,0.0919, 0.5088,0.728,0.3275,0.4938,0.99,0.22,0.4584,0.668,0.2318, 0.442,0.842,0.1547,0.401,0.752,0.0812,0.388,0.286,0.2633,0.7217,
0.5074,0.516,0.4458,0.4584,0.668,0.2318,0.452,0.762,0.2385,0.428,0.628,0.204, 0.4264,0.742,0.1453, 0.388,0.286,0.2633, 0.5342,0.912,0.3212,0.495,0.696,0.289,0.4526,0.942,0.1358, 0.4412,0.808,0.1913,0.4382,0.83,0.1787,0.3916,0.426,0.2104,0.7304,
0.519,0.124,0.5556,0.498,0.942,0.2042,0.452,0.762,0.2385,0.4382,0.83,0.1787, 0.4192,0.756,0.1509, 0.4036,0.698,0.1109, 0.4938,0.99,0.22,0.4584,0.668,0.2318,0.4568,0.524,0.3299, 0.428,0.628,0.204,0.4144,0.82,0.0919,0.3916,0.426,0.2104,0.7412,
0.5028,0.628,0.3218,0.4938,0.99,0.22,0.4776,0.36,0.4338,0.442,0.842,0.1547, 0.3916,0.426,0.2104, 0.388,0.286,0.2633, 0.5088,0.728,0.3275,0.5074,0.516,0.4458,0.498,0.942,0.2042, 0.415,0.296,0.3255,0.4144,0.82,0.0919,0.401,0.752,0.0812,0.8832,
0.495,0.696,0.289,0.4938,0.99,0.22,0.4412,0.808,0.1913,0.415,0.296,0.3255, 0.401,0.752,0.0812, 0.3792,0.094,0.287, 0.5074,0.516,0.4458,0.498,0.942,0.2042,0.442,0.842,0.1547, 0.415,0.506,0.2668,0.4144,0.82,0.0919,0.388,0.286,0.2633,0.8241,
0.5342,0.912,0.3212,0.519,0.124,0.5556,0.452,0.762,0.2385,0.428,0.628,0.204, 0.4192,0.756,0.1509, 0.415,0.296,0.3255, 0.5028,0.628,0.3218,0.4938,0.99,0.22,0.4526,0.942,0.1358, 0.4412,0.808,0.1913,0.401,0.752,0.0812,0.3952,0.71,0.1271,0.7076,
0.519,0.124,0.5556,0.5088,0.728,0.3275,0.4812,0.956,0.1934,0.442,0.842,0.1547, 0.4192,0.756,0.1509, 0.4036,0.698,0.1109, 0.498,0.942,0.2042,0.4776,0.36,0.4338,0.4526,0.942,0.1358, 0.452,0.762,0.2385,0.415,0.296,0.3255,0.3916,0.426,0.2104,0.8274,
0.5074,0.516,0.4458,0.452,0.762,0.2385,0.438,0.62,0.2473,0.415,0.296,0.3255, 0.4144,0.82,0.0919, 0.3874,0.582,0.1563, 0.5088,0.728,0.3275,0.498,0.942,0.2042,0.4776,0.36,0.4338, 0.4264,0.742,0.1453,0.415,0.506,0.2668,0.4036,0.698,0.1109,0.7591,
0.519,0.124,0.5556,0.5028,0.628,0.3218,0.4812,0.956,0.1934,0.4382,0.83,0.1787, 0.428,0.628,0.204, 0.4144,0.82,0.0919, 0.5342,0.912,0.3212,0.5074,0.516,0.4458,0.4938,0.99,0.22, 0.4776,0.36,0.4338,0.4568,0.524,0.3299,0.3792,0.094,0.287,0.6634,
0.519,0.124,0.5556,0.4568,0.524,0.3299,0.4526,0.942,0.1358,0.4382,0.83,0.1787, 0.428,0.628,0.204, 0.4036,0.698,0.1109, 0.5088,0.728,0.3275,0.498,0.942,0.2042,0.4776,0.36,0.4338, 0.401,0.752,0.0812,0.3916,0.426,0.2104,0.3874,0.582,0.1563,0.8813,
0.4938,0.99,0.22,0.4812,0.956,0.1934,0.442,0.842,0.1547,0.415,0.296,0.3255, 0.4036,0.698,0.1109, 0.3952,0.71,0.1271, 0.5342,0.912,0.3212,0.4526,0.942,0.1358,0.4382,0.83,0.1787, 0.438,0.62,0.2473,0.4264,0.742,0.1453,0.415,0.506,0.2668,0.7403,
0.5342,0.912,0.3212,0.4776,0.36,0.4338,0.4568,0.524,0.3299,0.415,0.506,0.2668, 0.4144,0.82,0.0919, 0.3952,0.71,0.1271, 0.498,0.942,0.2042,0.495,0.696,0.289,0.4584,0.668,0.2318, 0.428,0.628,0.204,0.388,0.286,0.2633,0.3874,0.582,0.1563,0.7283,
0.519,0.124,0.5556,0.4526,0.942,0.1358,0.442,0.842,0.1547,0.4412,0.808,0.1913, 0.438,0.62,0.2473, 0.388,0.286,0.2633, 0.5342,0.912,0.3212,0.495,0.696,0.289,0.428,0.628,0.204, 0.4144,0.82,0.0919,0.4036,0.698,0.1109,0.3874,0.582,0.1563,0.8749,
0.5028,0.628,0.3218,0.4938,0.99,0.22,0.4776,0.36,0.4338,0.4412,0.808,0.1913, 0.3874,0.582,0.1563, 0.3792,0.094,0.287, 0.5342,0.912,0.3212,0.5074,0.516,0.4458,0.4584,0.668,0.2318, 0.4382,0.83,0.1787,0.415,0.506,0.2668,0.3952,0.71,0.1271,0.7174,
0.519,0.124,0.5556,0.4812,0.956,0.1934,0.452,0.762,0.2385,0.4382,0.83,0.1787, 0.438,0.62,0.2473, 0.4264,0.742,0.1453, 0.5342,0.912,0.3212,0.4938,0.99,0.22,0.4776,0.36,0.4338, 0.4526,0.942,0.1358,0.442,0.842,0.1547,0.415,0.296,0.3255,0.7919,
0.5088,0.728,0.3275,0.495,0.696,0.289,0.4812,0.956,0.1934,0.4412,0.808,0.1913, 0.415,0.296,0.3255, 0.3952,0.71,0.1271, 0.5074,0.516,0.4458,0.5028,0.628,0.3218,0.4568,0.524,0.3299, 0.4382,0.83,0.1787,0.3874,0.582,0.1563,0.3792,0.094,0.287,0.8187,
0.5028,0.628,0.3218,0.495,0.696,0.289,0.4526,0.942,0.1358,0.4144,0.82,0.0919, 0.3916,0.426,0.2104, 0.388,0.286,0.2633, 0.452,0.762,0.2385,0.442,0.842,0.1547,0.438,0.62,0.2473, 0.415,0.506,0.2668,0.415,0.296,0.3255,0.3792,0.094,0.287,0.8504,
0.5342,0.912,0.3212,0.4526,0.942,0.1358,0.4412,0.808,0.1913,0.415,0.296,0.3255, 0.415,0.506,0.2668, 0.3874,0.582,0.1563, 0.5088,0.728,0.3275,0.4776,0.36,0.4338,0.4264,0.742,0.1453, 0.4144,0.82,0.0919,0.4036,0.698,0.1109,0.3916,0.426,0.2104,0.7978,
0.519,0.124,0.5556,0.4526,0.942,0.1358,0.4192,0.756,0.1509,0.4144,0.82,0.0919, 0.3916,0.426,0.2104, 0.3792,0.094,0.287, 0.5028,0.628,0.3218,0.498,0.942,0.2042,0.452,0.762,0.2385, 0.415,0.506,0.2668,0.4036,0.698,0.1109,0.3952,0.71,0.1271,0.665,
0.5088,0.728,0.3275,0.4812,0.956,0.1934,0.4584,0.668,0.2318,0.4412,0.808,0.1913, 0.415,0.296,0.3255, 0.4144,0.82,0.0919, 0.5074,0.516,0.4458,0.498,0.942,0.2042,0.4382,0.83,0.1787, 0.415,0.506,0.2668,0.4036,0.698,0.1109,0.3916,0.426,0.2104,0.856,
0.5074,0.516,0.4458,0.4412,0.808,0.1913,0.4264,0.742,0.1453,0.4144,0.82,0.0919, 0.401,0.752,0.0812, 0.388,0.286,0.2633, 0.4938,0.99,0.22,0.4776,0.36,0.4338,0.438,0.62,0.2473, 0.415,0.506,0.2668,0.3916,0.426,0.2104,0.3874,0.582,0.1563,0.8242,
0.5074,0.516,0.4458,0.4776,0.36,0.4338,0.442,0.842,0.1547,0.428,0.628,0.204, 0.4264,0.742,0.1453, 0.401,0.752,0.0812, 0.5028,0.628,0.3218,0.495,0.696,0.289,0.415,0.506,0.2668, 0.4144,0.82,0.0919,0.3952,0.71,0.1271,0.388,0.286,0.2633,0.7502,
0.5342,0.912,0.3212,0.519,0.124,0.5556,0.5028,0.628,0.3218,0.4382,0.83,0.1787, 0.388,0.286,0.2633, 0.3792,0.094,0.287, 0.5074,0.516,0.4458,0.452,0.762,0.2385,0.438,0.62,0.2473, 0.415,0.506,0.2668,0.4036,0.698,0.1109,0.3916,0.426,0.2104,0.6837,
0.519,0.124,0.5556,0.4776,0.36,0.4338,0.442,0.842,0.1547,0.4192,0.756,0.1509, 0.401,0.752,0.0812, 0.3792,0.094,0.287, 0.5074,0.516,0.4458,0.5028,0.628,0.3218,0.4812,0.956,0.1934, 0.4526,0.942,0.1358,0.4036,0.698,0.1109,0.388,0.286,0.2633,0.6828,
0.4812,0.956,0.1934,0.4776,0.36,0.4338,0.428,0.628,0.204,0.415,0.296,0.3255, 0.415,0.506,0.2668, 0.388,0.286,0.2633, 0.5088,0.728,0.3275,0.4526,0.942,0.1358,0.4264,0.742,0.1453, 0.4144,0.82,0.0919,0.4036,0.698,0.1109,0.401,0.752,0.0812,0.8263,
0.5028,0.628,0.3218,0.495,0.696,0.289,0.4776,0.36,0.4338,0.415,0.506,0.2668, 0.401,0.752,0.0812, 0.3916,0.426,0.2104, 0.519,0.124,0.5556,0.4584,0.668,0.2318,0.438,0.62,0.2473, 0.428,0.628,0.204,0.388,0.286,0.2633,0.3792,0.094,0.287,0.7582,
0.5342,0.912,0.3212,0.498,0.942,0.2042,0.4568,0.524,0.3299,0.452,0.762,0.2385, 0.3916,0.426,0.2104, 0.3874,0.582,0.1563, 0.519,0.124,0.5556,0.495,0.696,0.289,0.4812,0.956,0.1934, 0.4526,0.942,0.1358,0.4382,0.83,0.1787,0.3952,0.71,0.1271,0.8787,
0.5028,0.628,0.3218,0.4938,0.99,0.22,0.4776,0.36,0.4338,0.4526,0.942,0.1358, 0.442,0.842,0.1547, 0.401,0.752,0.0812, 0.5342,0.912,0.3212,0.5074,0.516,0.4458,0.495,0.696,0.289, 0.438,0.62,0.2473,0.428,0.628,0.204,0.415,0.296,0.3255,0.7838,
0.519,0.124,0.5556,0.5088,0.728,0.3275,0.4776,0.36,0.4338,0.4382,0.83,0.1787, 0.428,0.628,0.204, 0.4192,0.756,0.1509, 0.498,0.942,0.2042,0.4938,0.99,0.22,0.4568,0.524,0.3299, 0.4526,0.942,0.1358,0.442,0.842,0.1547,0.4144,0.82,0.0919,0.8655,
0.5028,0.628,0.3218,0.498,0.942,0.2042,0.4568,0.524,0.3299,0.4526,0.942,0.1358, 0.415,0.296,0.3255, 0.3916,0.426,0.2104, 0.519,0.124,0.5556,0.5088,0.728,0.3275,0.415,0.506,0.2668, 0.4144,0.82,0.0919,0.3952,0.71,0.1271,0.388,0.286,0.2633,0.8091,
0.495,0.696,0.289,0.4812,0.956,0.1934,0.4776,0.36,0.4338,0.4036,0.698,0.1109, 0.3952,0.71,0.1271, 0.3874,0.582,0.1563, 0.519,0.124,0.5556,0.4568,0.524,0.3299,0.4382,0.83,0.1787, 0.415,0.506,0.2668,0.415,0.296,0.3255,0.4144,0.82,0.0919,0.8819,
0.5028,0.628,0.3218,0.4812,0.956,0.1934,0.452,0.762,0.2385,0.4412,0.808,0.1913, 0.4192,0.756,0.1509, 0.3874,0.582,0.1563, 0.5342,0.912,0.3212,0.4584,0.668,0.2318,0.4526,0.942,0.1358, 0.4382,0.83,0.1787,0.428,0.628,0.204,0.415,0.296,0.3255,0.8936,
0.519,0.124,0.5556,0.5088,0.728,0.3275,0.4568,0.524,0.3299,0.442,0.842,0.1547, 0.4382,0.83,0.1787, 0.3792,0.094,0.287, 0.5342,0.912,0.3212,0.5074,0.516,0.4458,0.5028,0.628,0.3218, 0.4584,0.668,0.2318,0.401,0.752,0.0812,0.3952,0.71,0.1271,0.858,
0.519,0.124,0.5556,0.4812,0.956,0.1934,0.4382,0.83,0.1787,0.438,0.62,0.2473, 0.428,0.628,0.204, 0.388,0.286,0.2633, 0.5342,0.912,0.3212,0.5028,0.628,0.3218,0.4938,0.99,0.22, 0.4584,0.668,0.2318,0.415,0.296,0.3255,0.3874,0.582,0.1563,0.7296,
0.5088,0.728,0.3275,0.4526,0.942,0.1358,0.4382,0.83,0.1787,0.4144,0.82,0.0919, 0.388,0.286,0.2633, 0.3792,0.094,0.287, 0.4812,0.956,0.1934,0.4776,0.36,0.4338,0.452,0.762,0.2385, 0.4192,0.756,0.1509,0.3952,0.71,0.1271,0.3916,0.426,0.2104,0.7933,
0.4812,0.956,0.1934,0.4776,0.36,0.4338,0.4412,0.808,0.1913,0.438,0.62,0.2473, 0.428,0.628,0.204, 0.388,0.286,0.2633, 0.5088,0.728,0.3275,0.5028,0.628,0.3218,0.495,0.696,0.289, 0.4264,0.742,0.1453,0.415,0.296,0.3255,0.4144,0.82,0.0919,0.8294,
0.5028,0.628,0.3218,0.495,0.696,0.289,0.4568,0.524,0.3299,0.4382,0.83,0.1787, 0.428,0.628,0.204, 0.415,0.296,0.3255, 0.5088,0.728,0.3275,0.4412,0.808,0.1913,0.438,0.62,0.2473, 0.415,0.506,0.2668,0.4144,0.82,0.0919,0.388,0.286,0.2633,0.6711,
0.519,0.124,0.5556,0.5028,0.628,0.3218,0.4776,0.36,0.4338,0.4264,0.742,0.1453, 0.415,0.296,0.3255, 0.3952,0.71,0.1271, 0.5342,0.912,0.3212,0.5088,0.728,0.3275,0.4526,0.942,0.1358, 0.438,0.62,0.2473,0.4192,0.756,0.1509,0.415,0.506,0.2668,0.8263,
0.5074,0.516,0.4458,0.498,0.942,0.2042,0.4584,0.668,0.2318,0.4526,0.942,0.1358, 0.4264,0.742,0.1453, 0.415,0.506,0.2668, 0.5342,0.912,0.3212,0.4812,0.956,0.1934,0.438,0.62,0.2473, 0.4192,0.756,0.1509,0.415,0.296,0.3255,0.388,0.286,0.2633,0.8059,
0.498,0.942,0.2042,0.4776,0.36,0.4338,0.4526,0.942,0.1358,0.442,0.842,0.1547, 0.4264,0.742,0.1453, 0.4192,0.756,0.1509, 0.5088,0.728,0.3275,0.4412,0.808,0.1913,0.4382,0.83,0.1787, 0.438,0.62,0.2473,0.4144,0.82,0.0919,0.401,0.752,0.0812,0.8092,
0.5074,0.516,0.4458,0.4812,0.956,0.1934,0.4776,0.36,0.4338,0.4584,0.668,0.2318, 0.4412,0.808,0.1913, 0.3952,0.71,0.1271, 0.519,0.124,0.5556,0.498,0.942,0.2042,0.4938,0.99,0.22, 0.415,0.296,0.3255,0.388,0.286,0.2633,0.3792,0.094,0.287,0.6821,
0.5074,0.516,0.4458,0.4776,0.36,0.4338,0.438,0.62,0.2473,0.4192,0.756,0.1509, 0.4144,0.82,0.0919, 0.3916,0.426,0.2104, 0.5342,0.912,0.3212,0.5088,0.728,0.3275,0.495,0.696,0.289, 0.4412,0.808,0.1913,0.401,0.752,0.0812,0.3874,0.582,0.1563,0.7267,
0.4776,0.36,0.4338,0.4584,0.668,0.2318,0.4264,0.742,0.1453,0.415,0.506,0.2668, 0.401,0.752,0.0812, 0.388,0.286,0.2633, 0.5028,0.628,0.3218,0.4568,0.524,0.3299,0.4526,0.942,0.1358, 0.438,0.62,0.2473,0.4192,0.756,0.1509,0.3952,0.71,0.1271,0.6866,
0.4938,0.99,0.22,0.4812,0.956,0.1934,0.442,0.842,0.1547,0.438,0.62,0.2473, 0.428,0.628,0.204, 0.401,0.752,0.0812, 0.5088,0.728,0.3275,0.498,0.942,0.2042,0.4776,0.36,0.4338, 0.4584,0.668,0.2318,0.415,0.296,0.3255,0.4036,0.698,0.1109,0.8004,
0.5342,0.912,0.3212,0.5028,0.628,0.3218,0.4526,0.942,0.1358,0.428,0.628,0.204, 0.415,0.296,0.3255, 0.3874,0.582,0.1563, 0.495,0.696,0.289,0.4568,0.524,0.3299,0.4412,0.808,0.1913, 0.438,0.62,0.2473,0.4144,0.82,0.0919,0.3952,0.71,0.1271,0.8037,
0.519,0.124,0.5556,0.4776,0.36,0.4338,0.4584,0.668,0.2318,0.442,0.842,0.1547, 0.4192,0.756,0.1509, 0.388,0.286,0.2633, 0.5074,0.516,0.4458,0.4938,0.99,0.22,0.452,0.762,0.2385, 0.4382,0.83,0.1787,0.415,0.296,0.3255,0.3952,0.71,0.1271,0.8566,
0.4776,0.36,0.4338,0.4584,0.668,0.2318,0.4526,0.942,0.1358,0.4144,0.82,0.0919, 0.3952,0.71,0.1271, 0.3916,0.426,0.2104, 0.5074,0.516,0.4458,0.495,0.696,0.289,0.452,0.762,0.2385, 0.428,0.628,0.204,0.401,0.752,0.0812,0.3874,0.582,0.1563,0.7311,
0.498,0.942,0.2042,0.4568,0.524,0.3299,0.4526,0.942,0.1358,0.4382,0.83,0.1787, 0.401,0.752,0.0812, 0.3952,0.71,0.1271, 0.5074,0.516,0.4458,0.438,0.62,0.2473,0.428,0.628,0.204, 0.415,0.506,0.2668,0.388,0.286,0.2633,0.3874,0.582,0.1563,0.8631,
0.519,0.124,0.5556,0.4776,0.36,0.4338,0.442,0.842,0.1547,0.438,0.62,0.2473, 0.4192,0.756,0.1509, 0.3916,0.426,0.2104, 0.5088,0.728,0.3275,0.5028,0.628,0.3218,0.4938,0.99,0.22, 0.4584,0.668,0.2318,0.4568,0.524,0.3299,0.388,0.286,0.2633,0.6761,
0.519,0.124,0.5556,0.5074,0.516,0.4458,0.4192,0.756,0.1509,0.415,0.296,0.3255, 0.4144,0.82,0.0919, 0.3874,0.582,0.1563, 0.498,0.942,0.2042,0.495,0.696,0.289,0.4776,0.36,0.4338, 0.401,0.752,0.0812,0.388,0.286,0.2633,0.3792,0.094,0.287,0.8225,
0.5074,0.516,0.4458,0.4584,0.668,0.2318,0.4568,0.524,0.3299,0.4382,0.83,0.1787, 0.4264,0.742,0.1453, 0.4036,0.698,0.1109, 0.5088,0.728,0.3275,0.495,0.696,0.289,0.4776,0.36,0.4338, 0.4526,0.942,0.1358,0.438,0.62,0.2473,0.3952,0.71,0.1271,0.7763,
0.495,0.696,0.289,0.4812,0.956,0.1934,0.3952,0.71,0.1271,0.3916,0.426,0.2104, 0.388,0.286,0.2633, 0.3874,0.582,0.1563, 0.4776,0.36,0.4338,0.442,0.842,0.1547,0.4412,0.808,0.1913, 0.438,0.62,0.2473,0.4264,0.742,0.1453,0.3792,0.094,0.287,0.7852,
0.5342,0.912,0.3212,0.519,0.124,0.5556,0.4584,0.668,0.2318,0.4264,0.742,0.1453, 0.401,0.752,0.0812, 0.3874,0.582,0.1563, 0.495,0.696,0.289,0.4526,0.942,0.1358,0.452,0.762,0.2385, 0.415,0.296,0.3255,0.4144,0.82,0.0919,0.3916,0.426,0.2104,0.7546,
0.519,0.124,0.5556,0.5028,0.628,0.3218,0.4776,0.36,0.4338,0.415,0.506,0.2668, 0.4144,0.82,0.0919, 0.4036,0.698,0.1109, 0.4938,0.99,0.22,0.4812,0.956,0.1934,0.442,0.842,0.1547, 0.438,0.62,0.2473,0.401,0.752,0.0812,0.3874,0.582,0.1563,0.7853,
0.5074,0.516,0.4458,0.498,0.942,0.2042,0.4192,0.756,0.1509,0.415,0.506,0.2668, 0.3916,0.426,0.2104, 0.388,0.286,0.2633, 0.519,0.124,0.5556,0.5088,0.728,0.3275,0.4526,0.942,0.1358, 0.4412,0.808,0.1913,0.3952,0.71,0.1271,0.3792,0.094,0.287,0.8501,
0.495,0.696,0.289,0.4776,0.36,0.4338,0.4584,0.668,0.2318,0.442,0.842,0.1547, 0.4264,0.742,0.1453, 0.4144,0.82,0.0919, 0.519,0.124,0.5556,0.5088,0.728,0.3275,0.415,0.506,0.2668, 0.415,0.296,0.3255,0.401,0.752,0.0812,0.3792,0.094,0.287,0.8109,
0.5028,0.628,0.3218,0.4526,0.942,0.1358,0.438,0.62,0.2473,0.4192,0.756,0.1509, 0.3952,0.71,0.1271, 0.3792,0.094,0.287, 0.5074,0.516,0.4458,0.4584,0.668,0.2318,0.4412,0.808,0.1913, 0.415,0.296,0.3255,0.4144,0.82,0.0919,0.3874,0.582,0.1563,0.8128,
0.4938,0.99,0.22,0.452,0.762,0.2385,0.4412,0.808,0.1913,0.4382,0.83,0.1787, 0.428,0.628,0.204, 0.388,0.286,0.2633, 0.519,0.124,0.5556,0.498,0.942,0.2042,0.495,0.696,0.289, 0.4776,0.36,0.4338,0.415,0.296,0.3255,0.3916,0.426,0.2104,0.6699,
0.5342,0.912,0.3212,0.5028,0.628,0.3218,0.4412,0.808,0.1913,0.438,0.62,0.2473, 0.4036,0.698,0.1109, 0.401,0.752,0.0812, 0.519,0.124,0.5556,0.498,0.942,0.2042,0.495,0.696,0.289, 0.452,0.762,0.2385,0.442,0.842,0.1547,0.3952,0.71,0.1271,0.7525,
0.519,0.124,0.5556,0.5074,0.516,0.4458,0.4526,0.942,0.1358,0.4412,0.808,0.1913, 0.415,0.506,0.2668, 0.3792,0.094,0.287, 0.495,0.696,0.289,0.4568,0.524,0.3299,0.452,0.762,0.2385, 0.428,0.628,0.204,0.415,0.296,0.3255,0.3874,0.582,0.1563,0.7675,
0.495,0.696,0.289,0.4776,0.36,0.4338,0.438,0.62,0.2473,0.428,0.628,0.204, 0.4264,0.742,0.1453, 0.3874,0.582,0.1563, 0.4938,0.99,0.22,0.4812,0.956,0.1934,0.4568,0.524,0.3299, 0.4382,0.83,0.1787,0.4144,0.82,0.0919,0.4036,0.698,0.1109,0.8692,
0.5074,0.516,0.4458,0.4938,0.99,0.22,0.438,0.62,0.2473,0.4264,0.742,0.1453, 0.4192,0.756,0.1509, 0.3874,0.582,0.1563, 0.5088,0.728,0.3275,0.495,0.696,0.289,0.442,0.842,0.1547, 0.415,0.296,0.3255,0.401,0.752,0.0812,0.3792,0.094,0.287,0.7688,
0.5074,0.516,0.4458,0.5028,0.628,0.3218,0.415,0.296,0.3255,0.4036,0.698,0.1109, 0.401,0.752,0.0812, 0.388,0.286,0.2633, 0.442,0.842,0.1547,0.4412,0.808,0.1913,0.4192,0.756,0.1509, 0.415,0.506,0.2668,0.4144,0.82,0.0919,0.3916,0.426,0.2104,0.7912,
0.519,0.124,0.5556,0.498,0.942,0.2042,0.4776,0.36,0.4338,0.4382,0.83,0.1787, 0.415,0.296,0.3255, 0.388,0.286,0.2633, 0.4938,0.99,0.22,0.4584,0.668,0.2318,0.4568,0.524,0.3299, 0.438,0.62,0.2473,0.428,0.628,0.204,0.3916,0.426,0.2104,0.7948,
0.5088,0.728,0.3275,0.4568,0.524,0.3299,0.4264,0.742,0.1453,0.415,0.296,0.3255, 0.415,0.506,0.2668, 0.3792,0.094,0.287, 0.519,0.124,0.5556,0.5028,0.628,0.3218,0.4412,0.808,0.1913, 0.428,0.628,0.204,0.4192,0.756,0.1509,0.388,0.286,0.2633,0.7707,
0.519,0.124,0.5556,0.495,0.696,0.289,0.4412,0.808,0.1913,0.438,0.62,0.2473, 0.4144,0.82,0.0919, 0.3792,0.094,0.287, 0.5088,0.728,0.3275,0.5028,0.628,0.3218,0.498,0.942,0.2042, 0.4584,0.668,0.2318,0.4382,0.83,0.1787,0.4036,0.698,0.1109,0.6647,
0.495,0.696,0.289,0.4812,0.956,0.1934,0.438,0.62,0.2473,0.428,0.628,0.204, 0.415,0.506,0.2668, 0.3952,0.71,0.1271, 0.519,0.124,0.5556,0.4526,0.942,0.1358,0.415,0.296,0.3255, 0.4144,0.82,0.0919,0.401,0.752,0.0812,0.3874,0.582,0.1563,0.7306,
0.498,0.942,0.2042,0.452,0.762,0.2385,0.4382,0.83,0.1787,0.4264,0.742,0.1453, 0.415,0.506,0.2668, 0.4144,0.82,0.0919, 0.495,0.696,0.289,0.4584,0.668,0.2318,0.4526,0.942,0.1358, 0.428,0.628,0.204,0.4036,0.698,0.1109,0.3792,0.094,0.287,0.7774,
0.498,0.942,0.2042,0.495,0.696,0.289,0.4584,0.668,0.2318,0.4568,0.524,0.3299, 0.4526,0.942,0.1358, 0.428,0.628,0.204, 0.519,0.124,0.5556,0.4812,0.956,0.1934,0.452,0.762,0.2385, 0.442,0.842,0.1547,0.3952,0.71,0.1271,0.3916,0.426,0.2104,0.7596,
0.519,0.124,0.5556,0.495,0.696,0.289,0.4568,0.524,0.3299,0.4382,0.83,0.1787, 0.415,0.296,0.3255, 0.4036,0.698,0.1109, 0.5088,0.728,0.3275,0.5028,0.628,0.3218,0.4938,0.99,0.22, 0.4264,0.742,0.1453,0.3952,0.71,0.1271,0.3792,0.094,0.287,0.8892,
0.495,0.696,0.289,0.4568,0.524,0.3299,0.4382,0.83,0.1787,0.438,0.62,0.2473, 0.428,0.628,0.204, 0.4192,0.756,0.1509, 0.5074,0.516,0.4458,0.5028,0.628,0.3218,0.4776,0.36,0.4338, 0.4584,0.668,0.2318,0.4526,0.942,0.1358,0.3916,0.426,0.2104,0.6979,
0.4812,0.956,0.1934,0.4584,0.668,0.2318,0.442,0.842,0.1547,0.4192,0.756,0.1509, 0.415,0.296,0.3255, 0.4144,0.82,0.0919, 0.5074,0.516,0.4458,0.4526,0.942,0.1358,0.401,0.752,0.0812, 0.3952,0.71,0.1271,0.3916,0.426,0.2104,0.3874,0.582,0.1563,0.7596,
0.5028,0.628,0.3218,0.4812,0.956,0.1934,0.4264,0.742,0.1453,0.415,0.296,0.3255, 0.3952,0.71,0.1271, 0.388,0.286,0.2633, 0.519,0.124,0.5556,0.5088,0.728,0.3275,0.4568,0.524,0.3299, 0.401,0.752,0.0812,0.3916,0.426,0.2104,0.3874,0.582,0.1563,0.8403,
0.4812,0.956,0.1934,0.4412,0.808,0.1913,0.4192,0.756,0.1509,0.415,0.506,0.2668, 0.3916,0.426,0.2104, 0.3874,0.582,0.1563, 0.498,0.942,0.2042,0.495,0.696,0.289,0.442,0.842,0.1547, 0.428,0.628,0.204,0.415,0.296,0.3255,0.3952,0.71,0.1271,0.697,
0.5088,0.728,0.3275,0.5028,0.628,0.3218,0.4584,0.668,0.2318,0.428,0.628,0.204, 0.4264,0.742,0.1453, 0.4144,0.82,0.0919, 0.5074,0.516,0.4458,0.4938,0.99,0.22,0.452,0.762,0.2385, 0.4036,0.698,0.1109,0.3916,0.426,0.2104,0.3792,0.094,0.287,0.8061,
0.4938,0.99,0.22,0.4412,0.808,0.1913,0.428,0.628,0.204,0.415,0.296,0.3255, 0.4144,0.82,0.0919, 0.401,0.752,0.0812, 0.5342,0.912,0.3212,0.519,0.124,0.5556,0.438,0.62,0.2473, 0.4192,0.756,0.1509,0.4036,0.698,0.1109,0.3916,0.426,0.2104,0.6898,
0.5074,0.516,0.4458,0.4584,0.668,0.2318,0.4568,0.524,0.3299,0.4382,0.83,0.1787, 0.4144,0.82,0.0919, 0.3916,0.426,0.2104, 0.5028,0.628,0.3218,0.495,0.696,0.289,0.4776,0.36,0.4338, 0.442,0.842,0.1547,0.4192,0.756,0.1509,0.4036,0.698,0.1109,0.8806,
0.5074,0.516,0.4458,0.4776,0.36,0.4338,0.4584,0.668,0.2318,0.442,0.842,0.1547, 0.4264,0.742,0.1453, 0.415,0.506,0.2668, 0.519,0.124,0.5556,0.498,0.942,0.2042,0.4526,0.942,0.1358, 0.4192,0.756,0.1509,0.388,0.286,0.2633,0.3792,0.094,0.287,0.6639,
0.4812,0.956,0.1934,0.4776,0.36,0.4338,0.4412,0.808,0.1913,0.438,0.62,0.2473, 0.415,0.296,0.3255, 0.3952,0.71,0.1271, 0.4584,0.668,0.2318,0.4568,0.524,0.3299,0.452,0.762,0.2385, 0.4144,0.82,0.0919,0.4036,0.698,0.1109,0.401,0.752,0.0812,0.6815,
0.452,0.762,0.2385,0.4382,0.83,0.1787,0.438,0.62,0.2473,0.4264,0.742,0.1453, 0.415,0.296,0.3255, 0.4144,0.82,0.0919, 0.5342,0.912,0.3212,0.495,0.696,0.289,0.4812,0.956,0.1934, 0.401,0.752,0.0812,0.3952,0.71,0.1271,0.3916,0.426,0.2104,0.7476,
0.5074,0.516,0.4458,0.5028,0.628,0.3218,0.495,0.696,0.289,0.4192,0.756,0.1509, 0.415,0.296,0.3255, 0.4144,0.82,0.0919, 0.519,0.124,0.5556,0.4776,0.36,0.4338,0.4584,0.668,0.2318, 0.415,0.506,0.2668,0.4036,0.698,0.1109,0.3874,0.582,0.1563,0.7473,
0.498,0.942,0.2042,0.4568,0.524,0.3299,0.4412,0.808,0.1913,0.415,0.296,0.3255, 0.415,0.506,0.2668, 0.401,0.752,0.0812, 0.495,0.696,0.289,0.4938,0.99,0.22,0.4584,0.668,0.2318, 0.388,0.286,0.2633,0.3874,0.582,0.1563,0.3792,0.094,0.287,0.8312,
0.5028,0.628,0.3218,0.4776,0.36,0.4338,0.4584,0.668,0.2318,0.4526,0.942,0.1358, 0.442,0.842,0.1547, 0.4144,0.82,0.0919, 0.5342,0.912,0.3212,0.5074,0.516,0.4458,0.452,0.762,0.2385, 0.4382,0.83,0.1787,0.415,0.296,0.3255,0.4036,0.698,0.1109,0.8387,
0.5088,0.728,0.3275,0.4568,0.524,0.3299,0.4526,0.942,0.1358,0.4382,0.83,0.1787, 0.3874,0.582,0.1563, 0.3792,0.094,0.287, 0.5028,0.628,0.3218,0.498,0.942,0.2042,0.495,0.696,0.289, 0.415,0.506,0.2668,0.3952,0.71,0.1271,0.3916,0.426,0.2104,0.8434,
0.5088,0.728,0.3275,0.5028,0.628,0.3218,0.428,0.628,0.204,0.4036,0.698,0.1109, 0.401,0.752,0.0812, 0.3952,0.71,0.1271, 0.5074,0.516,0.4458,0.4776,0.36,0.4338,0.452,0.762,0.2385, 0.4382,0.83,0.1787,0.388,0.286,0.2633,0.3874,0.582,0.1563,0.7477,
0.5342,0.912,0.3212,0.4412,0.808,0.1913,0.4264,0.742,0.1453,0.415,0.296,0.3255, 0.4036,0.698,0.1109, 0.3792,0.094,0.287, 0.519,0.124,0.5556,0.495,0.696,0.289,0.4568,0.524,0.3299, 0.438,0.62,0.2473,0.388,0.286,0.2633,0.3874,0.582,0.1563,0.7245,
0.519,0.124,0.5556,0.4938,0.99,0.22,0.442,0.842,0.1547,0.438,0.62,0.2473, 0.4264,0.742,0.1453, 0.415,0.506,0.2668, 0.495,0.696,0.289,0.4776,0.36,0.4338,0.4584,0.668,0.2318, 0.4568,0.524,0.3299,0.4144,0.82,0.0919,0.401,0.752,0.0812,0.8354,
0.4812,0.956,0.1934,0.4526,0.942,0.1358,0.4192,0.756,0.1509,0.415,0.506,0.2668, 0.4144,0.82,0.0919, 0.4036,0.698,0.1109, 0.519,0.124,0.5556,0.4938,0.99,0.22,0.4412,0.808,0.1913, 0.415,0.296,0.3255,0.3952,0.71,0.1271,0.3792,0.094,0.287,0.8068,
0.495,0.696,0.289,0.4526,0.942,0.1358,0.452,0.762,0.2385,0.438,0.62,0.2473, 0.415,0.296,0.3255, 0.3792,0.094,0.287, 0.498,0.942,0.2042,0.4938,0.99,0.22,0.4568,0.524,0.3299, 0.4382,0.83,0.1787,0.388,0.286,0.2633,0.3874,0.582,0.1563,0.8613,
0.498,0.942,0.2042,0.4776,0.36,0.4338,0.4568,0.524,0.3299,0.442,0.842,0.1547, 0.4412,0.808,0.1913, 0.4036,0.698,0.1109, 0.4812,0.956,0.1934,0.4382,0.83,0.1787,0.428,0.628,0.204, 0.4264,0.742,0.1453,0.4192,0.756,0.1509,0.415,0.506,0.2668,0.6945,
0.519,0.124,0.5556,0.5088,0.728,0.3275,0.4568,0.524,0.3299,0.452,0.762,0.2385, 0.4192,0.756,0.1509, 0.3952,0.71,0.1271, 0.5074,0.516,0.4458,0.4812,0.956,0.1934,0.4776,0.36,0.4338, 0.442,0.842,0.1547,0.401,0.752,0.0812,0.3792,0.094,0.287,0.7725,
0.519,0.124,0.5556,0.4776,0.36,0.4338,0.4568,0.524,0.3299,0.415,0.506,0.2668, 0.4036,0.698,0.1109, 0.3952,0.71,0.1271, 0.5074,0.516,0.4458,0.4938,0.99,0.22,0.4526,0.942,0.1358, 0.4382,0.83,0.1787,0.4264,0.742,0.1453,0.3874,0.582,0.1563,0.8736,
0.5088,0.728,0.3275,0.4938,0.99,0.22,0.4776,0.36,0.4338,0.4584,0.668,0.2318, 0.4382,0.83,0.1787, 0.3916,0.426,0.2104, 0.5028,0.628,0.3218,0.4812,0.956,0.1934,0.4568,0.524,0.3299, 0.442,0.842,0.1547,0.4412,0.808,0.1913,0.3874,0.582,0.1563,0.8151,
0.498,0.942,0.2042,0.495,0.696,0.289,0.4776,0.36,0.4338,0.4568,0.524,0.3299, 0.4036,0.698,0.1109, 0.3916,0.426,0.2104, 0.5028,0.628,0.3218,0.4526,0.942,0.1358,0.452,0.762,0.2385, 0.428,0.628,0.204,0.4144,0.82,0.0919,0.3874,0.582,0.1563,0.7532,
0.4938,0.99,0.22,0.4584,0.668,0.2318,0.4568,0.524,0.3299,0.452,0.762,0.2385, 0.4382,0.83,0.1787, 0.4264,0.742,0.1453, 0.498,0.942,0.2042,0.4812,0.956,0.1934,0.4776,0.36,0.4338, 0.428,0.628,0.204,0.401,0.752,0.0812,0.3952,0.71,0.1271,0.792,
0.4584,0.668,0.2318,0.452,0.762,0.2385,0.438,0.62,0.2473,0.428,0.628,0.204, 0.3916,0.426,0.2104, 0.3874,0.582,0.1563, 0.5088,0.728,0.3275,0.5074,0.516,0.4458,0.4192,0.756,0.1509, 0.4144,0.82,0.0919,0.401,0.752,0.0812,0.3792,0.094,0.287,0.837,
0.495,0.696,0.289,0.4568,0.524,0.3299,0.4526,0.942,0.1358,0.4382,0.83,0.1787, 0.4264,0.742,0.1453, 0.4192,0.756,0.1509, 0.519,0.124,0.5556,0.5028,0.628,0.3218,0.4776,0.36,0.4338, 0.442,0.842,0.1547,0.415,0.506,0.2668,0.401,0.752,0.0812,0.8257,
0.5342,0.912,0.3212,0.5074,0.516,0.4458,0.4584,0.668,0.2318,0.4526,0.942,0.1358, 0.4036,0.698,0.1109, 0.401,0.752,0.0812, 0.4776,0.36,0.4338,0.442,0.842,0.1547,0.4412,0.808,0.1913, 0.428,0.628,0.204,0.415,0.506,0.2668,0.4144,0.82,0.0919,0.6804,
0.498,0.942,0.2042,0.4568,0.524,0.3299,0.415,0.296,0.3255,0.4036,0.698,0.1109, 0.401,0.752,0.0812, 0.3952,0.71,0.1271, 0.519,0.124,0.5556,0.4938,0.99,0.22,0.428,0.628,0.204, 0.4264,0.742,0.1453,0.4144,0.82,0.0919,0.3792,0.094,0.287,0.7803,
0.5342,0.912,0.3212,0.4812,0.956,0.1934,0.4412,0.808,0.1913,0.438,0.62,0.2473, 0.4144,0.82,0.0919, 0.3792,0.094,0.287, 0.5074,0.516,0.4458,0.4584,0.668,0.2318,0.4382,0.83,0.1787, 0.4264,0.742,0.1453,0.415,0.296,0.3255,0.401,0.752,0.0812,0.8821,
0.5074,0.516,0.4458,0.498,0.942,0.2042,0.4776,0.36,0.4338,0.4584,0.668,0.2318, 0.4412,0.808,0.1913, 0.4192,0.756,0.1509, 0.519,0.124,0.5556,0.5088,0.728,0.3275,0.4938,0.99,0.22, 0.428,0.628,0.204,0.4264,0.742,0.1453,0.4036,0.698,0.1109,0.8307,
0.519,0.124,0.5556,0.4812,0.956,0.1934,0.4584,0.668,0.2318,0.428,0.628,0.204, 0.415,0.506,0.2668, 0.4144,0.82,0.0919, 0.5088,0.728,0.3275,0.4412,0.808,0.1913,0.4264,0.742,0.1453, 0.4192,0.756,0.1509,0.4036,0.698,0.1109,0.3952,0.71,0.1271,0.6653,
0.4812,0.956,0.1934,0.4776,0.36,0.4338,0.4584,0.668,0.2318,0.442,0.842,0.1547, 0.388,0.286,0.2633, 0.3792,0.094,0.287, 0.5074,0.516,0.4458,0.498,0.942,0.2042,0.4568,0.524,0.3299, 0.428,0.628,0.204,0.415,0.506,0.2668,0.401,0.752,0.0812,0.704,
0.519,0.124,0.5556,0.5074,0.516,0.4458,0.5028,0.628,0.3218,0.4584,0.668,0.2318, 0.3916,0.426,0.2104, 0.3792,0.094,0.287, 0.4938,0.99,0.22,0.4812,0.956,0.1934,0.4568,0.524,0.3299, 0.4526,0.942,0.1358,0.4144,0.82,0.0919,0.3874,0.582,0.1563,0.8869,
0.5028,0.628,0.3218,0.4938,0.99,0.22,0.4776,0.36,0.4338,0.4568,0.524,0.3299, 0.4412,0.808,0.1913, 0.3874,0.582,0.1563, 0.519,0.124,0.5556,0.5074,0.516,0.4458,0.452,0.762,0.2385, 0.4144,0.82,0.0919,0.401,0.752,0.0812,0.3916,0.426,0.2104,0.7115,
0.4938,0.99,0.22,0.442,0.842,0.1547,0.438,0.62,0.2473,0.415,0.506,0.2668, 0.4144,0.82,0.0919, 0.3916,0.426,0.2104, 0.4526,0.942,0.1358,0.4264,0.742,0.1453,0.4192,0.756,0.1509, 0.415,0.296,0.3255,0.4036,0.698,0.1109,0.3952,0.71,0.1271,0.6991,
0.4776,0.36,0.4338,0.4412,0.808,0.1913,0.4382,0.83,0.1787,0.438,0.62,0.2473, 0.415,0.506,0.2668, 0.415,0.296,0.3255, 0.519,0.124,0.5556,0.495,0.696,0.289,0.4938,0.99,0.22, 0.4264,0.742,0.1453,0.4192,0.756,0.1509,0.401,0.752,0.0812,0.8323,
0.5028,0.628,0.3218,0.4812,0.956,0.1934,0.442,0.842,0.1547,0.3916,0.426,0.2104, 0.388,0.286,0.2633, 0.3792,0.094,0.287, 0.5088,0.728,0.3275,0.495,0.696,0.289,0.4412,0.808,0.1913, 0.4192,0.756,0.1509,0.415,0.296,0.3255,0.401,0.752,0.0812,0.6683,
0.519,0.124,0.5556,0.498,0.942,0.2042,0.4526,0.942,0.1358,0.452,0.762,0.2385, 0.4382,0.83,0.1787, 0.3952,0.71,0.1271, 0.5342,0.912,0.3212,0.495,0.696,0.289,0.4812,0.956,0.1934, 0.4584,0.668,0.2318,0.442,0.842,0.1547,0.4412,0.808,0.1913,0.747,
0.5342,0.912,0.3212,0.4776,0.36,0.4338,0.4526,0.942,0.1358,0.438,0.62,0.2473, 0.415,0.506,0.2668, 0.388,0.286,0.2633, 0.5074,0.516,0.4458,0.498,0.942,0.2042,0.4938,0.99,0.22, 0.442,0.842,0.1547,0.4412,0.808,0.1913,0.3792,0.094,0.287,0.8968,
0.5028,0.628,0.3218,0.498,0.942,0.2042,0.4776,0.36,0.4338,0.4264,0.742,0.1453, 0.3952,0.71,0.1271, 0.388,0.286,0.2633, 0.5074,0.516,0.4458,0.4938,0.99,0.22,0.4526,0.942,0.1358, 0.428,0.628,0.204,0.4192,0.756,0.1509,0.4036,0.698,0.1109,0.8883,
0.4938,0.99,0.22,0.4812,0.956,0.1934,0.4776,0.36,0.4338,0.4382,0.83,0.1787, 0.4192,0.756,0.1509, 0.4144,0.82,0.0919, 0.5342,0.912,0.3212,0.519,0.124,0.5556,0.438,0.62,0.2473, 0.4264,0.742,0.1453,0.4036,0.698,0.1109,0.3952,0.71,0.1271,0.8909,
0.4584,0.668,0.2318,0.4568,0.524,0.3299,0.4526,0.942,0.1358,0.4382,0.83,0.1787, 0.415,0.296,0.3255, 0.4144,0.82,0.0919, 0.519,0.124,0.5556,0.498,0.942,0.2042,0.452,0.762,0.2385, 0.438,0.62,0.2473,0.415,0.506,0.2668,0.3792,0.094,0.287,0.8153,
0.5342,0.912,0.3212,0.498,0.942,0.2042,0.452,0.762,0.2385,0.442,0.842,0.1547, 0.388,0.286,0.2633, 0.3792,0.094,0.287, 0.5028,0.628,0.3218,0.495,0.696,0.289,0.4938,0.99,0.22, 0.4568,0.524,0.3299,0.415,0.296,0.3255,0.4144,0.82,0.0919,0.7631,
0.498,0.942,0.2042,0.495,0.696,0.289,0.4526,0.942,0.1358,0.452,0.762,0.2385, 0.415,0.296,0.3255, 0.3952,0.71,0.1271, 0.4938,0.99,0.22,0.4568,0.524,0.3299,0.4412,0.808,0.1913, 0.4192,0.756,0.1509,0.415,0.506,0.2668,0.401,0.752,0.0812,0.8347,
0.495,0.696,0.289,0.452,0.762,0.2385,0.4192,0.756,0.1509,0.4144,0.82,0.0919, 0.388,0.286,0.2633, 0.3874,0.582,0.1563, 0.5088,0.728,0.3275,0.4568,0.524,0.3299,0.442,0.842,0.1547, 0.415,0.506,0.2668,0.3916,0.426,0.2104,0.3792,0.094,0.287,0.8694,
0.519,0.124,0.5556,0.5088,0.728,0.3275,0.4412,0.808,0.1913,0.438,0.62,0.2473, 0.4192,0.756,0.1509, 0.415,0.506,0.2668, 0.4938,0.99,0.22,0.4776,0.36,0.4338,0.4584,0.668,0.2318, 0.442,0.842,0.1547,0.4144,0.82,0.0919,0.3874,0.582,0.1563,0.7515,
0.4776,0.36,0.4338,0.4584,0.668,0.2318,0.4526,0.942,0.1358,0.438,0.62,0.2473, 0.415,0.506,0.2668, 0.4036,0.698,0.1109, 0.5342,0.912,0.3212,0.5074,0.516,0.4458,0.4568,0.524,0.3299, 0.415,0.296,0.3255,0.401,0.752,0.0812,0.3916,0.426,0.2104,0.7896,
0.519,0.124,0.5556,0.4584,0.668,0.2318,0.4568,0.524,0.3299,0.4412,0.808,0.1913, 0.415,0.296,0.3255, 0.401,0.752,0.0812, 0.5342,0.912,0.3212,0.498,0.942,0.2042,0.415,0.506,0.2668, 0.3952,0.71,0.1271,0.388,0.286,0.2633,0.3792,0.094,0.287,0.7768,
0.5074,0.516,0.4458,0.4568,0.524,0.3299,0.442,0.842,0.1547,0.438,0.62,0.2473, 0.4192,0.756,0.1509, 0.3792,0.094,0.287, 0.5088,0.728,0.3275,0.5028,0.628,0.3218,0.4812,0.956,0.1934, 0.4776,0.36,0.4338,0.4144,0.82,0.0919,0.3952,0.71,0.1271,0.664,
0.5028,0.628,0.3218,0.4568,0.524,0.3299,0.452,0.762,0.2385,0.442,0.842,0.1547, 0.388,0.286,0.2633, 0.3874,0.582,0.1563, 0.498,0.942,0.2042,0.4776,0.36,0.4338,0.4412,0.808,0.1913, 0.4382,0.83,0.1787,0.4144,0.82,0.0919,0.3952,0.71,0.1271,0.8847,
0.519,0.124,0.5556,0.4584,0.668,0.2318,0.428,0.628,0.204,0.415,0.506,0.2668, 0.3952,0.71,0.1271, 0.3916,0.426,0.2104, 0.498,0.942,0.2042,0.4776,0.36,0.4338,0.4526,0.942,0.1358, 0.415,0.296,0.3255,0.4144,0.82,0.0919,0.3874,0.582,0.1563,0.8803,
0.5342,0.912,0.3212,0.5074,0.516,0.4458,0.4526,0.942,0.1358,0.452,0.762,0.2385, 0.4036,0.698,0.1109, 0.3916,0.426,0.2104, 0.519,0.124,0.5556,0.5028,0.628,0.3218,0.4776,0.36,0.4338, 0.4192,0.756,0.1509,0.401,0.752,0.0812,0.3792,0.094,0.287,0.7468,
0.5074,0.516,0.4458,0.495,0.696,0.289,0.4776,0.36,0.4338,0.4568,0.524,0.3299, 0.428,0.628,0.204, 0.3792,0.094,0.287, 0.519,0.124,0.5556,0.5028,0.628,0.3218,0.4938,0.99,0.22, 0.4526,0.942,0.1358,0.4382,0.83,0.1787,0.4192,0.756,0.1509,0.801,
0.5074,0.516,0.4458,0.495,0.696,0.289,0.4776,0.36,0.4338,0.428,0.628,0.204, 0.4192,0.756,0.1509, 0.3792,0.094,0.287, 0.5088,0.728,0.3275,0.5028,0.628,0.3218,0.4584,0.668,0.2318, 0.4568,0.524,0.3299,0.442,0.842,0.1547,0.4144,0.82,0.0919,0.8412,
0.5028,0.628,0.3218,0.4526,0.942,0.1358,0.442,0.842,0.1547,0.415,0.296,0.3255, 0.4036,0.698,0.1109, 0.401,0.752,0.0812, 0.498,0.942,0.2042,0.4584,0.668,0.2318,0.4264,0.742,0.1453, 0.3916,0.426,0.2104,0.3874,0.582,0.1563,0.3792,0.094,0.287,0.7652,
0.5028,0.628,0.3218,0.498,0.942,0.2042,0.4568,0.524,0.3299,0.4144,0.82,0.0919, 0.401,0.752,0.0812, 0.388,0.286,0.2633, 0.5074,0.516,0.4458,0.4776,0.36,0.4338,0.4584,0.668,0.2318, 0.452,0.762,0.2385,0.4036,0.698,0.1109,0.3952,0.71,0.1271,0.7604,
0.5088,0.728,0.3275,0.4584,0.668,0.2318,0.4192,0.756,0.1509,0.415,0.506,0.2668, 0.415,0.296,0.3255, 0.4036,0.698,0.1109, 0.4938,0.99,0.22,0.442,0.842,0.1547,0.4382,0.83,0.1787, 0.4144,0.82,0.0919,0.401,0.752,0.0812,0.388,0.286,0.2633,0.8592,
0.498,0.942,0.2042,0.4812,0.956,0.1934,0.4568,0.524,0.3299,0.452,0.762,0.2385, 0.4412,0.808,0.1913, 0.3916,0.426,0.2104, 0.5028,0.628,0.3218,0.495,0.696,0.289,0.4776,0.36,0.4338, 0.415,0.296,0.3255,0.4036,0.698,0.1109,0.3952,0.71,0.1271,0.8224,
0.4938,0.99,0.22,0.4776,0.36,0.4338,0.4568,0.524,0.3299,0.452,0.762,0.2385, 0.4264,0.742,0.1453, 0.4144,0.82,0.0919, 0.498,0.942,0.2042,0.4526,0.942,0.1358,0.442,0.842,0.1547, 0.4382,0.83,0.1787,0.438,0.62,0.2473,0.401,0.752,0.0812,0.765,
0.5028,0.628,0.3218,0.4568,0.524,0.3299,0.4526,0.942,0.1358,0.438,0.62,0.2473, 0.401,0.752,0.0812, 0.3792,0.094,0.287, 0.519,0.124,0.5556,0.498,0.942,0.2042,0.4776,0.36,0.4338, 0.4192,0.756,0.1509,0.4036,0.698,0.1109,0.388,0.286,0.2633,0.7571,
0.495,0.696,0.289,0.4938,0.99,0.22,0.415,0.506,0.2668,0.3952,0.71,0.1271, 0.3916,0.426,0.2104, 0.388,0.286,0.2633, 0.452,0.762,0.2385,0.438,0.62,0.2473,0.428,0.628,0.204, 0.415,0.296,0.3255,0.401,0.752,0.0812,0.3792,0.094,0.287,0.7685,
0.5028,0.628,0.3218,0.498,0.942,0.2042,0.4568,0.524,0.3299,0.4412,0.808,0.1913, 0.4192,0.756,0.1509, 0.401,0.752,0.0812, 0.5342,0.912,0.3212,0.438,0.62,0.2473,0.415,0.296,0.3255, 0.415,0.506,0.2668,0.3952,0.71,0.1271,0.3916,0.426,0.2104,0.7365,
0.498,0.942,0.2042,0.495,0.696,0.289,0.4938,0.99,0.22,0.4526,0.942,0.1358, 0.415,0.296,0.3255, 0.388,0.286,0.2633, 0.5342,0.912,0.3212,0.519,0.124,0.5556,0.4776,0.36,0.4338, 0.4382,0.83,0.1787,0.415,0.506,0.2668,0.4036,0.698,0.1109,0.7963,
0.5074,0.516,0.4458,0.498,0.942,0.2042,0.495,0.696,0.289,0.4584,0.668,0.2318, 0.438,0.62,0.2473, 0.3952,0.71,0.1271, 0.519,0.124,0.5556,0.5088,0.728,0.3275,0.4526,0.942,0.1358, 0.4382,0.83,0.1787,0.415,0.506,0.2668,0.3874,0.582,0.1563,0.8395,
0.519,0.124,0.5556,0.5074,0.516,0.4458,0.498,0.942,0.2042,0.415,0.296,0.3255, 0.401,0.752,0.0812, 0.3916,0.426,0.2104, 0.5342,0.912,0.3212,0.5028,0.628,0.3218,0.495,0.696,0.289, 0.4526,0.942,0.1358,0.415,0.506,0.2668,0.3874,0.582,0.1563,0.8231,
0.5028,0.628,0.3218,0.495,0.696,0.289,0.4584,0.668,0.2318,0.4526,0.942,0.1358, 0.442,0.842,0.1547, 0.438,0.62,0.2473, 0.519,0.124,0.5556,0.498,0.942,0.2042,0.4776,0.36,0.4338, 0.4382,0.83,0.1787,0.3916,0.426,0.2104,0.3792,0.094,0.287,0.7967,
0.498,0.942,0.2042,0.452,0.762,0.2385,0.438,0.62,0.2473,0.4144,0.82,0.0919, 0.3952,0.71,0.1271, 0.3874,0.582,0.1563, 0.5074,0.516,0.4458,0.5028,0.628,0.3218,0.4776,0.36,0.4338, 0.4192,0.756,0.1509,0.4036,0.698,0.1109,0.3792,0.094,0.287,0.7293,
0.5342,0.912,0.3212,0.5028,0.628,0.3218,0.4776,0.36,0.4338,0.4382,0.83,0.1787, 0.415,0.296,0.3255, 0.3792,0.094,0.287, 0.4812,0.956,0.1934,0.4568,0.524,0.3299,0.4526,0.942,0.1358, 0.438,0.62,0.2473,0.428,0.628,0.204,0.4192,0.756,0.1509,0.8118,
0.519,0.124,0.5556,0.4812,0.956,0.1934,0.428,0.628,0.204,0.3916,0.426,0.2104, 0.3874,0.582,0.1563, 0.3792,0.094,0.287, 0.4584,0.668,0.2318,0.4526,0.942,0.1358,0.442,0.842,0.1547, 0.4412,0.808,0.1913,0.4382,0.83,0.1787,0.4264,0.742,0.1453,0.7385,
0.5342,0.912,0.3212,0.4526,0.942,0.1358,0.4192,0.756,0.1509,0.4144,0.82,0.0919, 0.3916,0.426,0.2104, 0.3874,0.582,0.1563, 0.519,0.124,0.5556,0.4568,0.524,0.3299,0.4412,0.808,0.1913, 0.438,0.62,0.2473,0.4264,0.742,0.1453,0.3952,0.71,0.1271,0.734,
0.5074,0.516,0.4458,0.4938,0.99,0.22,0.4812,0.956,0.1934,0.4192,0.756,0.1509, 0.4144,0.82,0.0919, 0.4036,0.698,0.1109, 0.519,0.124,0.5556,0.498,0.942,0.2042,0.4412,0.808,0.1913, 0.4264,0.742,0.1453,0.415,0.296,0.3255,0.388,0.286,0.2633,0.8637,
0.498,0.942,0.2042,0.495,0.696,0.289,0.4412,0.808,0.1913,0.4382,0.83,0.1787, 0.438,0.62,0.2473, 0.388,0.286,0.2633, 0.4938,0.99,0.22,0.4584,0.668,0.2318,0.4526,0.942,0.1358, 0.4192,0.756,0.1509,0.3952,0.71,0.1271,0.3916,0.426,0.2104,0.7306,
0.5074,0.516,0.4458,0.498,0.942,0.2042,0.4812,0.956,0.1934,0.4412,0.808,0.1913, 0.428,0.628,0.204, 0.3874,0.582,0.1563, 0.4776,0.36,0.4338,0.4526,0.942,0.1358,0.452,0.762,0.2385, 0.442,0.842,0.1547,0.4382,0.83,0.1787,0.388,0.286,0.2633,0.7631,
0.5088,0.728,0.3275,0.4412,0.808,0.1913,0.438,0.62,0.2473,0.428,0.628,0.204, 0.4036,0.698,0.1109, 0.3792,0.094,0.287, 0.4776,0.36,0.4338,0.4584,0.668,0.2318,0.415,0.506,0.2668, 0.4144,0.82,0.0919,0.388,0.286,0.2633,0.3874,0.582,0.1563,0.8851,
0.5028,0.628,0.3218,0.4264,0.742,0.1453,0.4036,0.698,0.1109,0.401,0.752,0.0812, 0.388,0.286,0.2633, 0.3874,0.582,0.1563, 0.4412,0.808,0.1913,0.438,0.62,0.2473,0.428,0.628,0.204, 0.415,0.506,0.2668,0.3952,0.71,0.1271,0.3916,0.426,0.2104,0.8283,
0.5342,0.912,0.3212,0.495,0.696,0.289,0.442,0.842,0.1547,0.4412,0.808,0.1913, 0.4382,0.83,0.1787, 0.388,0.286,0.2633, 0.5074,0.516,0.4458,0.5028,0.628,0.3218,0.4526,0.942,0.1358, 0.4264,0.742,0.1453,0.415,0.506,0.2668,0.401,0.752,0.0812,0.8572,
0.4938,0.99,0.22,0.4526,0.942,0.1358,0.452,0.762,0.2385,0.442,0.842,0.1547, 0.4412,0.808,0.1913, 0.438,0.62,0.2473, 0.519,0.124,0.5556,0.4812,0.956,0.1934,0.4264,0.742,0.1453, 0.415,0.296,0.3255,0.4144,0.82,0.0919,0.401,0.752,0.0812,0.6649,
0.519,0.124,0.5556,0.5028,0.628,0.3218,0.498,0.942,0.2042,0.438,0.62,0.2473, 0.4192,0.756,0.1509, 0.415,0.506,0.2668, 0.5342,0.912,0.3212,0.5088,0.728,0.3275,0.495,0.696,0.289, 0.4568,0.524,0.3299,0.4412,0.808,0.1913,0.3916,0.426,0.2104,0.8474,
0.498,0.942,0.2042,0.4938,0.99,0.22,0.4412,0.808,0.1913,0.4382,0.83,0.1787, 0.438,0.62,0.2473, 0.3952,0.71,0.1271, 0.495,0.696,0.289,0.4776,0.36,0.4338,0.452,0.762,0.2385, 0.442,0.842,0.1547,0.415,0.296,0.3255,0.388,0.286,0.2633,0.8797,
0.4568,0.524,0.3299,0.4526,0.942,0.1358,0.452,0.762,0.2385,0.415,0.506,0.2668, 0.415,0.296,0.3255, 0.388,0.286,0.2633, 0.4812,0.956,0.1934,0.442,0.842,0.1547,0.4412,0.808,0.1913, 0.4264,0.742,0.1453,0.3916,0.426,0.2104,0.3874,0.582,0.1563,0.8719,
0.5074,0.516,0.4458,0.4938,0.99,0.22,0.4776,0.36,0.4338,0.452,0.762,0.2385, 0.4036,0.698,0.1109, 0.401,0.752,0.0812, 0.498,0.942,0.2042,0.4812,0.956,0.1934,0.4584,0.668,0.2318, 0.4192,0.756,0.1509,0.4144,0.82,0.0919,0.3952,0.71,0.1271,0.6902,
0.5342,0.912,0.3212,0.4776,0.36,0.4338,0.4568,0.524,0.3299,0.442,0.842,0.1547, 0.4192,0.756,0.1509, 0.388,0.286,0.2633, 0.519,0.124,0.5556,0.4938,0.99,0.22,0.415,0.506,0.2668, 0.4144,0.82,0.0919,0.4036,0.698,0.1109,0.3952,0.71,0.1271,0.7045,
0.5342,0.912,0.3212,0.519,0.124,0.5556,0.4568,0.524,0.3299,0.4264,0.742,0.1453, 0.4192,0.756,0.1509, 0.3916,0.426,0.2104, 0.5088,0.728,0.3275,0.5074,0.516,0.4458,0.452,0.762,0.2385, 0.428,0.628,0.204,0.4036,0.698,0.1109,0.3952,0.71,0.1271,0.8977,
0.4812,0.956,0.1934,0.4776,0.36,0.4338,0.442,0.842,0.1547,0.4382,0.83,0.1787, 0.4264,0.742,0.1453, 0.3952,0.71,0.1271, 0.519,0.124,0.5556,0.5074,0.516,0.4458,0.498,0.942,0.2042, 0.4412,0.808,0.1913,0.4036,0.698,0.1109,0.401,0.752,0.0812,0.7593,
0.4938,0.99,0.22,0.4812,0.956,0.1934,0.4776,0.36,0.4338,0.4526,0.942,0.1358, 0.452,0.762,0.2385, 0.401,0.752,0.0812, 0.5074,0.516,0.4458,0.495,0.696,0.289,0.442,0.842,0.1547, 0.4412,0.808,0.1913,0.415,0.296,0.3255,0.3792,0.094,0.287,0.746,
0.495,0.696,0.289,0.4568,0.524,0.3299,0.438,0.62,0.2473,0.4264,0.742,0.1453, 0.4036,0.698,0.1109, 0.3952,0.71,0.1271, 0.4938,0.99,0.22,0.428,0.628,0.204,0.415,0.296,0.3255, 0.4144,0.82,0.0919,0.388,0.286,0.2633,0.3792,0.094,0.287,0.7172,
0.5342,0.912,0.3212,0.519,0.124,0.5556,0.5028,0.628,0.3218,0.4264,0.742,0.1453, 0.4036,0.698,0.1109, 0.3874,0.582,0.1563, 0.5074,0.516,0.4458,0.4526,0.942,0.1358,0.4382,0.83,0.1787, 0.428,0.628,0.204,0.415,0.296,0.3255,0.3916,0.426,0.2104,0.7306,
0.519,0.124,0.5556,0.5088,0.728,0.3275,0.452,0.762,0.2385,0.438,0.62,0.2473, 0.428,0.628,0.204, 0.401,0.752,0.0812, 0.5074,0.516,0.4458,0.498,0.942,0.2042,0.4776,0.36,0.4338, 0.4568,0.524,0.3299,0.4526,0.942,0.1358,0.3952,0.71,0.1271,0.7941,
0.4776,0.36,0.4338,0.452,0.762,0.2385,0.442,0.842,0.1547,0.415,0.296,0.3255, 0.388,0.286,0.2633, 0.3792,0.094,0.287, 0.5074,0.516,0.4458,0.495,0.696,0.289,0.4264,0.742,0.1453, 0.415,0.506,0.2668,0.4144,0.82,0.0919,0.401,0.752,0.0812,0.7555,
0.5088,0.728,0.3275,0.442,0.842,0.1547,0.4382,0.83,0.1787,0.4192,0.756,0.1509, 0.415,0.296,0.3255, 0.388,0.286,0.2633, 0.519,0.124,0.5556,0.5028,0.628,0.3218,0.4812,0.956,0.1934, 0.4584,0.668,0.2318,0.3916,0.426,0.2104,0.3792,0.094,0.287,0.7954,
0.5342,0.912,0.3212,0.5028,0.628,0.3218,0.4938,0.99,0.22,0.4382,0.83,0.1787, 0.4264,0.742,0.1453, 0.4036,0.698,0.1109, 0.519,0.124,0.5556,0.5088,0.728,0.3275,0.4812,0.956,0.1934, 0.428,0.628,0.204,0.4144,0.82,0.0919,0.3952,0.71,0.1271,0.8365,
0.498,0.942,0.2042,0.4938,0.99,0.22,0.442,0.842,0.1547,0.438,0.62,0.2473, 0.4264,0.742,0.1453, 0.3792,0.094,0.287, 0.519,0.124,0.5556,0.5074,0.516,0.4458,0.4812,0.956,0.1934, 0.4192,0.756,0.1509,0.4144,0.82,0.0919,0.4036,0.698,0.1109,0.7777,
0.5088,0.728,0.3275,0.498,0.942,0.2042,0.4776,0.36,0.4338,0.452,0.762,0.2385, 0.4264,0.742,0.1453, 0.3792,0.094,0.287, 0.4584,0.668,0.2318,0.4526,0.942,0.1358,0.4412,0.808,0.1913, 0.428,0.628,0.204,0.415,0.506,0.2668,0.415,0.296,0.3255,0.6696,
0.5342,0.912,0.3212,0.495,0.696,0.289,0.4938,0.99,0.22,0.4264,0.742,0.1453, 0.401,0.752,0.0812, 0.3952,0.71,0.1271, 0.5074,0.516,0.4458,0.5028,0.628,0.3218,0.498,0.942,0.2042, 0.4526,0.942,0.1358,0.415,0.506,0.2668,0.4144,0.82,0.0919,0.8407,
0.5088,0.728,0.3275,0.5028,0.628,0.3218,0.4812,0.956,0.1934,0.4412,0.808,0.1913, 0.4036,0.698,0.1109, 0.3874,0.582,0.1563, 0.498,0.942,0.2042,0.495,0.696,0.289,0.4526,0.942,0.1358, 0.4264,0.742,0.1453,0.415,0.296,0.3255,0.388,0.286,0.2633,0.8259,
0.4776,0.36,0.4338,0.4584,0.668,0.2318,0.428,0.628,0.204,0.4192,0.756,0.1509, 0.415,0.506,0.2668, 0.4144,0.82,0.0919, 0.5342,0.912,0.3212,0.519,0.124,0.5556,0.4938,0.99,0.22, 0.4036,0.698,0.1109,0.3952,0.71,0.1271,0.3874,0.582,0.1563,0.6634,
0.5028,0.628,0.3218,0.4938,0.99,0.22,0.452,0.762,0.2385,0.4412,0.808,0.1913, 0.4144,0.82,0.0919, 0.388,0.286,0.2633, 0.498,0.942,0.2042,0.438,0.62,0.2473,0.428,0.628,0.204, 0.415,0.506,0.2668,0.415,0.296,0.3255,0.401,0.752,0.0812,0.6989,
0.4776,0.36,0.4338,0.442,0.842,0.1547,0.4264,0.742,0.1453,0.415,0.506,0.2668, 0.3952,0.71,0.1271, 0.3792,0.094,0.287, 0.5074,0.516,0.4458,0.4412,0.808,0.1913,0.438,0.62,0.2473, 0.4192,0.756,0.1509,0.4036,0.698,0.1109,0.3916,0.426,0.2104,0.7788,
0.5028,0.628,0.3218,0.4568,0.524,0.3299,0.4192,0.756,0.1509,0.415,0.506,0.2668, 0.415,0.296,0.3255, 0.4144,0.82,0.0919, 0.4584,0.668,0.2318,0.452,0.762,0.2385,0.4382,0.83,0.1787, 0.428,0.628,0.204,0.388,0.286,0.2633,0.3792,0.094,0.287,0.739,
0.5088,0.728,0.3275,0.4938,0.99,0.22,0.4812,0.956,0.1934,0.438,0.62,0.2473, 0.4264,0.742,0.1453, 0.415,0.506,0.2668, 0.4776,0.36,0.4338,0.4568,0.524,0.3299,0.4526,0.942,0.1358, 0.442,0.842,0.1547,0.4412,0.808,0.1913,0.3916,0.426,0.2104,0.7142,
0.5342,0.912,0.3212,0.519,0.124,0.5556,0.4776,0.36,0.4338,0.452,0.762,0.2385, 0.415,0.296,0.3255, 0.3952,0.71,0.1271, 0.5088,0.728,0.3275,0.498,0.942,0.2042,0.4938,0.99,0.22, 0.438,0.62,0.2473,0.4036,0.698,0.1109,0.388,0.286,0.2633,0.7212,
0.5074,0.516,0.4458,0.4938,0.99,0.22,0.4412,0.808,0.1913,0.4382,0.83,0.1787, 0.3952,0.71,0.1271, 0.3874,0.582,0.1563, 0.5028,0.628,0.3218,0.4776,0.36,0.4338,0.452,0.762,0.2385, 0.428,0.628,0.204,0.388,0.286,0.2633,0.3792,0.094,0.287,0.7645,
0.5342,0.912,0.3212,0.5074,0.516,0.4458,0.4584,0.668,0.2318,0.4382,0.83,0.1787, 0.438,0.62,0.2473, 0.415,0.296,0.3255, 0.519,0.124,0.5556,0.4812,0.956,0.1934,0.4776,0.36,0.4338, 0.4412,0.808,0.1913,0.388,0.286,0.2633,0.3874,0.582,0.1563,0.6744,
0.5028,0.628,0.3218,0.498,0.942,0.2042,0.4776,0.36,0.4338,0.4584,0.668,0.2318, 0.4192,0.756,0.1509, 0.388,0.286,0.2633, 0.5074,0.516,0.4458,0.4568,0.524,0.3299,0.442,0.842,0.1547, 0.415,0.506,0.2668,0.415,0.296,0.3255,0.4036,0.698,0.1109,0.8269,
0.519,0.124,0.5556,0.5028,0.628,0.3218,0.4938,0.99,0.22,0.4526,0.942,0.1358, 0.4144,0.82,0.0919, 0.3952,0.71,0.1271, 0.5088,0.728,0.3275,0.5074,0.516,0.4458,0.4382,0.83,0.1787, 0.415,0.296,0.3255,0.415,0.506,0.2668,0.3874,0.582,0.1563,0.8592,
0.5342,0.912,0.3212,0.498,0.942,0.2042,0.4526,0.942,0.1358,0.442,0.842,0.1547, 0.4264,0.742,0.1453, 0.4192,0.756,0.1509, 0.5088,0.728,0.3275,0.4812,0.956,0.1934,0.438,0.62,0.2473, 0.428,0.628,0.204,0.3952,0.71,0.1271,0.3916,0.426,0.2104,0.6676,
0.5088,0.728,0.3275,0.5028,0.628,0.3218,0.495,0.696,0.289,0.442,0.842,0.1547, 0.3952,0.71,0.1271, 0.3874,0.582,0.1563, 0.519,0.124,0.5556,0.4812,0.956,0.1934,0.4412,0.808,0.1913, 0.415,0.296,0.3255,0.3916,0.426,0.2104,0.388,0.286,0.2633,0.7843,
0.519,0.124,0.5556,0.4938,0.99,0.22,0.442,0.842,0.1547,0.4382,0.83,0.1787, 0.4192,0.756,0.1509, 0.401,0.752,0.0812, 0.4776,0.36,0.4338,0.4568,0.524,0.3299,0.4412,0.808,0.1913, 0.438,0.62,0.2473,0.415,0.296,0.3255,0.3792,0.094,0.287,0.7717,
0.5028,0.628,0.3218,0.4776,0.36,0.4338,0.438,0.62,0.2473,0.428,0.628,0.204, 0.401,0.752,0.0812, 0.388,0.286,0.2633, 0.5088,0.728,0.3275,0.4412,0.808,0.1913,0.4264,0.742,0.1453, 0.415,0.506,0.2668,0.4144,0.82,0.0919,0.3792,0.094,0.287,0.867,
0.5074,0.516,0.4458,0.4584,0.668,0.2318,0.4412,0.808,0.1913,0.415,0.296,0.3255, 0.4036,0.698,0.1109, 0.401,0.752,0.0812, 0.5028,0.628,0.3218,0.4568,0.524,0.3299,0.452,0.762,0.2385, 0.438,0.62,0.2473,0.4192,0.756,0.1509,0.3952,0.71,0.1271,0.8355,
0.519,0.124,0.5556,0.495,0.696,0.289,0.4584,0.668,0.2318,0.4526,0.942,0.1358, 0.4192,0.756,0.1509, 0.3792,0.094,0.287, 0.5342,0.912,0.3212,0.5088,0.728,0.3275,0.438,0.62,0.2473, 0.428,0.628,0.204,0.415,0.296,0.3255,0.3916,0.426,0.2104,0.8981,
0.498,0.942,0.2042,0.495,0.696,0.289,0.4776,0.36,0.4338,0.4584,0.668,0.2318, 0.3916,0.426,0.2104, 0.3874,0.582,0.1563, 0.5028,0.628,0.3218,0.4812,0.956,0.1934,0.4412,0.808,0.1913, 0.4144,0.82,0.0919,0.4036,0.698,0.1109,0.401,0.752,0.0812,0.7717,
0.5028,0.628,0.3218,0.4938,0.99,0.22,0.4776,0.36,0.4338,0.4584,0.668,0.2318, 0.4568,0.524,0.3299, 0.4036,0.698,0.1109, 0.519,0.124,0.5556,0.5088,0.728,0.3275,0.495,0.696,0.289, 0.452,0.762,0.2385,0.4412,0.808,0.1913,0.4264,0.742,0.1453,0.8546,
0.5028,0.628,0.3218,0.4568,0.524,0.3299,0.4192,0.756,0.1509,0.415,0.506,0.2668, 0.4036,0.698,0.1109, 0.401,0.752,0.0812, 0.519,0.124,0.5556,0.4526,0.942,0.1358,0.442,0.842,0.1547, 0.428,0.628,0.204,0.415,0.296,0.3255,0.3952,0.71,0.1271,0.8262,
0.5074,0.516,0.4458,0.452,0.762,0.2385,0.438,0.62,0.2473,0.4144,0.82,0.0919, 0.401,0.752,0.0812, 0.388,0.286,0.2633, 0.519,0.124,0.5556,0.4776,0.36,0.4338,0.4584,0.668,0.2318, 0.428,0.628,0.204,0.4036,0.698,0.1109,0.3952,0.71,0.1271,0.8369,
0.4812,0.956,0.1934,0.452,0.762,0.2385,0.4382,0.83,0.1787,0.438,0.62,0.2473, 0.428,0.628,0.204, 0.4264,0.742,0.1453, 0.5074,0.516,0.4458,0.4526,0.942,0.1358,0.415,0.506,0.2668, 0.401,0.752,0.0812,0.3952,0.71,0.1271,0.388,0.286,0.2633,0.6984,
0.5342,0.912,0.3212,0.5074,0.516,0.4458,0.442,0.842,0.1547,0.415,0.506,0.2668, 0.4144,0.82,0.0919, 0.388,0.286,0.2633, 0.519,0.124,0.5556,0.4938,0.99,0.22,0.4776,0.36,0.4338, 0.4584,0.668,0.2318,0.4264,0.742,0.1453,0.3952,0.71,0.1271,0.8688,
0.498,0.942,0.2042,0.495,0.696,0.289,0.4584,0.668,0.2318,0.4382,0.83,0.1787, 0.401,0.752,0.0812, 0.3916,0.426,0.2104, 0.5028,0.628,0.3218,0.4812,0.956,0.1934,0.452,0.762,0.2385, 0.4412,0.808,0.1913,0.4264,0.742,0.1453,0.4036,0.698,0.1109,0.864,
0.452,0.762,0.2385,0.442,0.842,0.1547,0.4264,0.742,0.1453,0.4192,0.756,0.1509, 0.401,0.752,0.0812, 0.3874,0.582,0.1563, 0.495,0.696,0.289,0.4812,0.956,0.1934,0.4526,0.942,0.1358, 0.415,0.296,0.3255,0.4144,0.82,0.0919,0.3792,0.094,0.287,0.7319,
0.5342,0.912,0.3212,0.519,0.124,0.5556,0.4568,0.524,0.3299,0.442,0.842,0.1547,0.438,0.62,0.2473,0.4192,0.756,0.1509,0.5088,0.728,0.3275,0.498,0.942,0.2042,0.4938,0.99,0.22,0.4382,0.83,0.1787,0.428,0.628,0.204,0.415,0.296,0.3255,0.9115
0.5028,0.628,0.3218,0.4568,0.524,0.3299,0.452,0.762,0.2385,0.4412,0.808,0.1913,0.438,0.62,0.2473,0.428,0.628,0.204,0.5342,0.912,0.3212,0.519,0.124,0.5556,0.4776,0.36,0.4338,0.4036,0.698,0.1109,0.3952,0.71,0.1271,0.388,0.286,0.2633,0.9477
0.495,0.696,0.289,0.4812,0.956,0.1934,0.4568,0.524,0.3299,0.4412,0.808,0.1913,0.3952,0.71,0.1271,0.3916,0.426,0.2104,0.5342,0.912,0.3212,0.452,0.762,0.2385,0.4192,0.756,0.1509,0.415,0.506,0.2668,0.4144,0.82,0.0919,0.388,0.286,0.2633,0.9241
0.519,0.124,0.5556,0.4584,0.668,0.2318,0.452,0.762,0.2385,0.415,0.296,0.3255,0.3916,0.426,0.2104,0.3874,0.582,0.1563,0.4568,0.524,0.3299,0.4526,0.942,0.1358,0.442,0.842,0.1547,0.4382,0.83,0.1787,0.438,0.62,0.2473,0.388,0.286,0.2633,0.9714
0.519,0.124,0.5556,0.4812,0.956,0.1934,0.4584,0.668,0.2318,0.4412,0.808,0.1913,0.401,0.752,0.0812,0.3874,0.582,0.1563,0.498,0.942,0.2042,0.4938,0.99,0.22,0.4568,0.524,0.3299,0.452,0.762,0.2385,0.4144,0.82,0.0919,0.3792,0.094,0.287,0.9413
0.5028,0.628,0.3218,0.495,0.696,0.289,0.4938,0.99,0.22,0.4812,0.956,0.1934,0.438,0.62,0.2473,0.428,0.628,0.204,0.5088,0.728,0.3275,0.498,0.942,0.2042,0.4568,0.524,0.3299,0.452,0.762,0.2385,0.442,0.842,0.1547,0.4412,0.808,0.1913,0.9637
0.4812,0.956,0.1934,0.4776,0.36,0.4338,0.4412,0.808,0.1913,0.438,0.62,0.2473,0.415,0.296,0.3255,0.3874,0.582,0.1563,0.5074,0.516,0.4458,0.4526,0.942,0.1358,0.452,0.762,0.2385,0.428,0.628,0.204,0.415,0.506,0.2668,0.401,0.752,0.0812,0.9784
0.5028,0.628,0.3218,0.498,0.942,0.2042,0.4412,0.808,0.1913,0.4264,0.742,0.1453,0.415,0.506,0.2668,0.415,0.296,0.3255,0.5342,0.912,0.3212,0.519,0.124,0.5556,0.4568,0.524,0.3299,0.4144,0.82,0.0919,0.388,0.286,0.2633,0.3792,0.094,0.287,0.9513
0.498,0.942,0.2042,0.4584,0.668,0.2318,0.4526,0.942,0.1358,0.4264,0.742,0.1453,0.4192,0.756,0.1509,0.415,0.296,0.3255,0.5088,0.728,0.3275,0.4568,0.524,0.3299,0.452,0.762,0.2385,0.415,0.506,0.2668,0.4036,0.698,0.1109,0.388,0.286,0.2633,0.9824
0.5088,0.728,0.3275,0.498,0.942,0.2042,0.4568,0.524,0.3299,0.442,0.842,0.1547,0.428,0.628,0.204,0.415,0.506,0.2668,0.5342,0.912,0.3212,0.5074,0.516,0.4458,0.5028,0.628,0.3218,0.4412,0.808,0.1913,0.401,0.752,0.0812,0.3916,0.426,0.2104,0.9339
0.5074,0.516,0.4458,0.4812,0.956,0.1934,0.452,0.762,0.2385,0.4412,0.808,0.1913,0.428,0.628,0.204,0.3916,0.426,0.2104,0.519,0.124,0.5556,0.498,0.942,0.2042,0.495,0.696,0.289,0.4584,0.668,0.2318,0.4144,0.82,0.0919,0.401,0.752,0.0812,0.9808
0.5342,0.912,0.3212,0.495,0.696,0.289,0.442,0.842,0.1547,0.4192,0.756,0.1509,0.415,0.506,0.2668,0.3916,0.426,0.2104,0.5074,0.516,0.4458,0.4812,0.956,0.1934,0.4526,0.942,0.1358,0.438,0.62,0.2473,0.415,0.296,0.3255,0.4036,0.698,0.1109,0.9746
0.5028,0.628,0.3218,0.498,0.942,0.2042,0.4776,0.36,0.4338,0.4584,0.668,0.2318,0.4144,0.82,0.0919,0.388,0.286,0.2633,0.5074,0.516,0.4458,0.4812,0.956,0.1934,0.4568,0.524,0.3299,0.4526,0.942,0.1358,0.415,0.296,0.3255,0.4036,0.698,0.1109,0.9426
0.5074,0.516,0.4458,0.5028,0.628,0.3218,0.4584,0.668,0.2318,0.438,0.62,0.2473,0.4192,0.756,0.1509,0.4036,0.698,0.1109,0.5088,0.728,0.3275,0.495,0.696,0.289,0.452,0.762,0.2385,0.4382,0.83,0.1787,0.415,0.506,0.2668,0.3916,0.426,0.2104,0.9968
0.5028,0.628,0.3218,0.4264,0.742,0.1453,0.415,0.506,0.2668,0.4036,0.698,0.1109,0.401,0.752,0.0812,0.3952,0.71,0.1271,0.498,0.942,0.2042,0.4584,0.668,0.2318,0.4526,0.942,0.1358,0.388,0.286,0.2633,0.3874,0.582,0.1563,0.3792,0.094,0.287,0.9507
0.5342,0.912,0.3212,0.4938,0.99,0.22,0.4584,0.668,0.2318,0.438,0.62,0.2473,0.4264,0.742,0.1453,0.3874,0.582,0.1563,0.5028,0.628,0.3218,0.498,0.942,0.2042,0.495,0.696,0.289,0.4568,0.524,0.3299,0.428,0.628,0.204,0.3792,0.094,0.287,0.96
0.519,0.124,0.5556,0.5074,0.516,0.4458,0.495,0.696,0.289,0.415,0.506,0.2668,0.388,0.286,0.2633,0.3874,0.582,0.1563,0.498,0.942,0.2042,0.4938,0.99,0.22,0.4568,0.524,0.3299,0.442,0.842,0.1547,0.4412,0.808,0.1913,0.3952,0.71,0.1271,0.9447
0.5088,0.728,0.3275,0.495,0.696,0.289,0.4584,0.668,0.2318,0.4382,0.83,0.1787,0.4036,0.698,0.1109,0.388,0.286,0.2633,0.4776,0.36,0.4338,0.4568,0.524,0.3299,0.4526,0.942,0.1358,0.4412,0.808,0.1913,0.438,0.62,0.2473,0.401,0.752,0.0812,0.9691
0.495,0.696,0.289,0.4812,0.956,0.1934,0.4526,0.942,0.1358,0.452,0.762,0.2385,0.428,0.628,0.204,0.3792,0.094,0.287,0.519,0.124,0.5556,0.4938,0.99,0.22,0.4776,0.36,0.4338,0.4264,0.742,0.1453,0.3916,0.426,0.2104,0.3874,0.582,0.1563,0.9389
0.4938,0.99,0.22,0.4812,0.956,0.1934,0.4568,0.524,0.3299,0.438,0.62,0.2473,0.401,0.752,0.0812,0.388,0.286,0.2633,0.5342,0.912,0.3212,0.5074,0.516,0.4458,0.4192,0.756,0.1509,0.415,0.506,0.2668,0.4036,0.698,0.1109,0.3792,0.094,0.287,0.9949
0.5028,0.628,0.3218,0.4812,0.956,0.1934,0.4584,0.668,0.2318,0.4412,0.808,0.1913,0.438,0.62,0.2473,0.388,0.286,0.2633,0.5342,0.912,0.3212,0.495,0.696,0.289,0.442,0.842,0.1547,0.4382,0.83,0.1787,0.4036,0.698,0.1109,0.401,0.752,0.0812,0.9775
0.5088,0.728,0.3275,0.498,0.942,0.2042,0.4412,0.808,0.1913,0.4382,0.83,0.1787,0.428,0.628,0.204,0.3952,0.71,0.1271,0.5074,0.516,0.4458,0.4938,0.99,0.22,0.4776,0.36,0.4338,0.4192,0.756,0.1509,0.388,0.286,0.2633,0.3792,0.094,0.287,0.9073
0.5342,0.912,0.3212,0.519,0.124,0.5556,0.4584,0.668,0.2318,0.438,0.62,0.2473,0.4264,0.742,0.1453,0.4036,0.698,0.1109,0.5074,0.516,0.4458,0.495,0.696,0.289,0.4938,0.99,0.22,0.4192,0.756,0.1509,0.415,0.296,0.3255,0.415,0.506,0.2668,0.9498
0.519,0.124,0.5556,0.498,0.942,0.2042,0.495,0.696,0.289,0.4584,0.668,0.2318,0.4526,0.942,0.1358,0.401,0.752,0.0812,0.5342,0.912,0.3212,0.4938,0.99,0.22,0.4776,0.36,0.4338,0.438,0.62,0.2473,0.415,0.296,0.3255,0.3916,0.426,0.2104,0.9919
0.4938,0.99,0.22,0.4812,0.956,0.1934,0.438,0.62,0.2473,0.4192,0.756,0.1509,0.4144,0.82,0.0919,0.3792,0.094,0.287,0.5088,0.728,0.3275,0.495,0.696,0.289,0.4776,0.36,0.4338,0.401,0.752,0.0812,0.3916,0.426,0.2104,0.388,0.286,0.2633,0.9196
0.519,0.124,0.5556,0.5028,0.628,0.3218,0.442,0.842,0.1547,0.4192,0.756,0.1509,0.415,0.506,0.2668,0.388,0.286,0.2633,0.498,0.942,0.2042,0.495,0.696,0.289,0.4812,0.956,0.1934,0.4412,0.808,0.1913,0.415,0.296,0.3255,0.3792,0.094,0.287,0.9552
0.4812,0.956,0.1934,0.452,0.762,0.2385,0.4382,0.83,0.1787,0.4192,0.756,0.1509,0.415,0.506,0.2668,0.3916,0.426,0.2104,0.495,0.696,0.289,0.4584,0.668,0.2318,0.4412,0.808,0.1913,0.428,0.628,0.204,0.4144,0.82,0.0919,0.4036,0.698,0.1109,0.9544
0.5074,0.516,0.4458,0.4584,0.668,0.2318,0.4526,0.942,0.1358,0.4382,0.83,0.1787,0.415,0.506,0.2668,0.3916,0.426,0.2104,0.519,0.124,0.5556,0.5028,0.628,0.3218,0.4568,0.524,0.3299,0.428,0.628,0.204,0.3874,0.582,0.1563,0.3792,0.094,0.287,0.9049
0.519,0.124,0.5556,0.4584,0.668,0.2318,0.4526,0.942,0.1358,0.452,0.762,0.2385,0.4036,0.698,0.1109,0.401,0.752,0.0812,0.5028,0.628,0.3218,0.4568,0.524,0.3299,0.442,0.842,0.1547,0.438,0.62,0.2473,0.4144,0.82,0.0919,0.3952,0.71,0.1271,0.9558
0.4776,0.36,0.4338,0.4568,0.524,0.3299,0.452,0.762,0.2385,0.4382,0.83,0.1787,0.4264,0.742,0.1453,0.415,0.296,0.3255,0.5342,0.912,0.3212,0.495,0.696,0.289,0.4412,0.808,0.1913,0.438,0.62,0.2473,0.3916,0.426,0.2104,0.388,0.286,0.2633,0.9804
0.5342,0.912,0.3212,0.4584,0.668,0.2318,0.438,0.62,0.2473,0.428,0.628,0.204,0.415,0.296,0.3255,0.3792,0.094,0.287,0.495,0.696,0.289,0.4938,0.99,0.22,0.4412,0.808,0.1913,0.4192,0.756,0.1509,0.4036,0.698,0.1109,0.401,0.752,0.0812,0.983
0.519,0.124,0.5556,0.5028,0.628,0.3218,0.4412,0.808,0.1913,0.4144,0.82,0.0919,0.3952,0.71,0.1271,0.3792,0.094,0.287,0.4776,0.36,0.4338,0.442,0.842,0.1547,0.428,0.628,0.204,0.4264,0.742,0.1453,0.4192,0.756,0.1509,0.415,0.506,0.2668,0.9811
0.498,0.942,0.2042,0.4584,0.668,0.2318,0.4568,0.524,0.3299,0.4526,0.942,0.1358,0.4144,0.82,0.0919,0.3874,0.582,0.1563,0.5342,0.912,0.3212,0.495,0.696,0.289,0.442,0.842,0.1547,0.401,0.752,0.0812,0.3952,0.71,0.1271,0.3792,0.094,0.287,0.9122
0.5342,0.912,0.3212,0.452,0.762,0.2385,0.415,0.506,0.2668,0.4144,0.82,0.0919,0.3952,0.71,0.1271,0.3792,0.094,0.287,0.5088,0.728,0.3275,0.4526,0.942,0.1358,0.4264,0.742,0.1453,0.415,0.296,0.3255,0.401,0.752,0.0812,0.3874,0.582,0.1563,0.9295
0.5088,0.728,0.3275,0.4812,0.956,0.1934,0.4412,0.808,0.1913,0.4382,0.83,0.1787,0.415,0.296,0.3255,0.388,0.286,0.2633,0.5342,0.912,0.3212,0.519,0.124,0.5556,0.498,0.942,0.2042,0.4036,0.698,0.1109,0.3874,0.582,0.1563,0.3792,0.094,0.287,0.9975
0.519,0.124,0.5556,0.5088,0.728,0.3275,0.428,0.628,0.204,0.4192,0.756,0.1509,0.415,0.506,0.2668,0.401,0.752,0.0812,0.5342,0.912,0.3212,0.498,0.942,0.2042,0.4568,0.524,0.3299,0.4382,0.83,0.1787,0.3916,0.426,0.2104,0.3792,0.094,0.287,0.9598
0.5088,0.728,0.3275,0.4526,0.942,0.1358,0.442,0.842,0.1547,0.4412,0.808,0.1913,0.3874,0.582,0.1563,0.3792,0.094,0.287,0.5028,0.628,0.3218,0.495,0.696,0.289,0.4264,0.742,0.1453,0.4036,0.698,0.1109,0.3952,0.71,0.1271,0.3916,0.426,0.2104,0.9191
0.5074,0.516,0.4458,0.498,0.942,0.2042,0.4584,0.668,0.2318,0.442,0.842,0.1547,0.428,0.628,0.204,0.401,0.752,0.0812,0.5028,0.628,0.3218,0.4938,0.99,0.22,0.4568,0.524,0.3299,0.4382,0.83,0.1787,0.4264,0.742,0.1453,0.415,0.506,0.2668,0.9091
0.5074,0.516,0.4458,0.498,0.942,0.2042,0.4526,0.942,0.1358,0.415,0.296,0.3255,0.415,0.506,0.2668,0.4036,0.698,0.1109,0.5342,0.912,0.3212,0.4938,0.99,0.22,0.4412,0.808,0.1913,0.428,0.628,0.204,0.4264,0.742,0.1453,0.3874,0.582,0.1563,0.9458
0.495,0.696,0.289,0.4812,0.956,0.1934,0.4526,0.942,0.1358,0.438,0.62,0.2473,0.4264,0.742,0.1453,0.4036,0.698,0.1109,0.519,0.124,0.5556,0.498,0.942,0.2042,0.452,0.762,0.2385,0.428,0.628,0.204,0.415,0.506,0.2668,0.388,0.286,0.2633,0.9132
0.5088,0.728,0.3275,0.4584,0.668,0.2318,0.438,0.62,0.2473,0.428,0.628,0.204,0.401,0.752,0.0812,0.388,0.286,0.2633,0.498,0.942,0.2042,0.4812,0.956,0.1934,0.4526,0.942,0.1358,0.415,0.506,0.2668,0.415,0.296,0.3255,0.3792,0.094,0.287,0.9033
0.4568,0.524,0.3299,0.452,0.762,0.2385,0.442,0.842,0.1547,0.4382,0.83,0.1787,0.438,0.62,0.2473,0.4144,0.82,0.0919,0.519,0.124,0.5556,0.4776,0.36,0.4338,0.4526,0.942,0.1358,0.428,0.628,0.204,0.401,0.752,0.0812,0.388,0.286,0.2633,0.9678
0.5342,0.912,0.3212,0.498,0.942,0.2042,0.4938,0.99,0.22,0.415,0.296,0.3255,0.4144,0.82,0.0919,0.4036,0.698,0.1109,0.5074,0.516,0.4458,0.4776,0.36,0.4338,0.4526,0.942,0.1358,0.4412,0.808,0.1913,0.415,0.506,0.2668,0.3916,0.426,0.2104,0.9242
0.5028,0.628,0.3218,0.495,0.696,0.289,0.4938,0.99,0.22,0.4568,0.524,0.3299,0.4144,0.82,0.0919,0.3952,0.71,0.1271,0.5342,0.912,0.3212,0.5088,0.728,0.3275,0.438,0.62,0.2473,0.415,0.296,0.3255,0.415,0.506,0.2668,0.3874,0.582,0.1563,0.934
0.4584,0.668,0.2318,0.4568,0.524,0.3299,0.4412,0.808,0.1913,0.4264,0.742,0.1453,0.4192,0.756,0.1509,0.415,0.296,0.3255,0.4938,0.99,0.22,0.4776,0.36,0.4338,0.4526,0.942,0.1358,0.415,0.506,0.2668,0.3952,0.71,0.1271,0.3792,0.094,0.287,0.9798
0.5342,0.912,0.3212,0.519,0.124,0.5556,0.4568,0.524,0.3299,0.4526,0.942,0.1358,0.3916,0.426,0.2104,0.3792,0.094,0.287,0.5028,0.628,0.3218,0.495,0.696,0.289,0.4776,0.36,0.4338,0.4584,0.668,0.2318,0.4412,0.808,0.1913,0.388,0.286,0.2633,0.9202
0.519,0.124,0.5556,0.4526,0.942,0.1358,0.4382,0.83,0.1787,0.438,0.62,0.2473,0.388,0.286,0.2633,0.3792,0.094,0.287,0.5342,0.912,0.3212,0.428,0.628,0.204,0.4264,0.742,0.1453,0.415,0.296,0.3255,0.3952,0.71,0.1271,0.3874,0.582,0.1563,0.9482
0.4938,0.99,0.22,0.4568,0.524,0.3299,0.4412,0.808,0.1913,0.4264,0.742,0.1453,0.415,0.296,0.3255,0.4144,0.82,0.0919,0.495,0.696,0.289,0.4812,0.956,0.1934,0.4584,0.668,0.2318,0.452,0.762,0.2385,0.4036,0.698,0.1109,0.3916,0.426,0.2104,0.986
0.5074,0.516,0.4458,0.495,0.696,0.289,0.4264,0.742,0.1453,0.3916,0.426,0.2104,0.388,0.286,0.2633,0.3874,0.582,0.1563,0.5028,0.628,0.3218,0.4568,0.524,0.3299,0.4192,0.756,0.1509,0.415,0.506,0.2668,0.401,0.752,0.0812,0.3792,0.094,0.287,0.9102
0.5074,0.516,0.4458,0.4526,0.942,0.1358,0.442,0.842,0.1547,0.4412,0.808,0.1913,0.415,0.506,0.2668,0.4144,0.82,0.0919,0.5028,0.628,0.3218,0.4776,0.36,0.4338,0.4568,0.524,0.3299,0.4192,0.756,0.1509,0.415,0.296,0.3255,0.388,0.286,0.2633,0.9317
